{"Fps":30.0,"Results":[{"FrameIndex":0,"Adult":{"isAdultContent":false,"isRacyContent":false,"isGoryContent":false,"adultScore":0.01916368119418621,"racyScore":0.03875872492790222,"goreScore":0.0051734535954892635}},{"FrameIndex":30,"Adult":{"isAdultContent":false,"isRacyContent":false,"isGoryContent":false,"adultScore":0.0038979495875537395,"racyScore":0.00761451805010438,"goreScore":0.0007370935054495931}},{"FrameIndex":60,"Adult":{"isAdultContent":false,"isRacyContent":false,"isGoryContent":false,"adultScore":0.002408444881439209,"racyScore":0.0035494717303663492,"goreScore":0.0004709384811576456}},{"FrameIndex":90,"Adult":{"isAdultContent":false,"isRacyContent":false,"isGoryContent":false,"adultScore":0.0044483947567641735,"racyScore":0.0070693474262952805,"goreScore":0.0007148389704525471}},{"FrameIndex":120,"Adult":{"isAdultContent":false,"isRacyContent":false,"isGoryContent":false,"adultScore":0.0007807626388967037,"racyScore":0.0016038817120715976,"goreScore":0.0006074545672163367}},{"FrameIndex":150,"Adult":{"isAdultContent":false,"isRacyContent":false,"isGoryContent":false,"adultScore":0.005268012173473835,"racyScore":0.007199532818049192,"goreScore":0.0012109894305467606}},{"FrameIndex":180,"Adult":{"isAdultContent":false,"isRacyContent":false,"isGoryContent":false,"adultScore":0.002346764551475644,"racyScore":0.00695663969963789,"goreScore":0.0007351989625021815}},{"FrameIndex":210,"Adult":{"isAdultContent":false,"isRacyContent":false,"isGoryContent":false,"adultScore":0.024603944271802902,"racyScore":0.17421622574329376,"goreScore":0.002778725465759635}},{"FrameIndex":240,"Adult":{"isAdultContent":false,"isRacyContent":false,"isGoryContent":false,"adultScore":0.01001356728374958,"racyScore":0.012149345129728317,"goreScore":0.0008985447348095477}},{"FrameIndex":270,"Adult":{"isAdultContent":false,"isRacyContent":false,"isGoryContent":false,"adultScore":0.007695978973060846,"racyScore":0.008870710618793964,"goreScore":0.0009849024936556816}},{"FrameIndex":300,"Adult":{"isAdultContent":false,"isRacyContent":false,"isGoryContent":false,"adultScore":0.08990214765071869,"racyScore":0.1669456958770752,"goreScore":0.17123821377754211}},{"FrameIndex":330,"Adult":{"isAdultContent":false,"isRacyContent":false,"isGoryContent":false,"adultScore":0.0035600175615400076,"racyScore":0.005511671304702759,"goreScore":0.0006734250928275287}},{"FrameIndex":360,"Adult":{"isAdultContent":false,"isRacyContent":false,"isGoryContent":false,"adultScore":0.01302912924438715,"racyScore":0.023557543754577637,"goreScore":0.16814649105072021}},{"FrameIndex":390,"Adult":{"isAdultContent":false,"isRacyContent":false,"isGoryContent":false,"adultScore":0.00796124804764986,"racyScore":0.011089843697845936,"goreScore":0.001373610575683415}},{"FrameIndex":420,"Adult":{"isAdultContent":false,"isRacyContent":false,"isGoryContent":false,"adultScore":0.003610174637287855,"racyScore":0.006570812314748764,"goreScore":0.0013409153325483203}},{"FrameIndex":450,"Adult":{"isAdultContent":false,"isRacyContent":false,"isGoryContent":false,"adultScore":0.0007047983235679567,"racyScore":0.0022352358791977167,"goreScore":0.0007624524878337979}},{"FrameIndex":480,"Adult":{"isAdultContent":false,"isRacyContent":false,"isGoryContent":false,"adultScore":0.002259312430396676,"racyScore":0.007633990608155727,"goreScore":0.001243104343302548}},{"FrameIndex":510,"Adult":{"isAdultContent":false,"isRacyContent":false,"isGoryContent":false,"adultScore":0.0070338062942028046,"racyScore":0.012229332700371742,"goreScore":0.008107369765639305}},{"FrameIndex":540,"Adult":{"isAdultContent":false,"isRacyContent":false,"isGoryContent":false,"adultScore":0.001619396498426795,"racyScore":0.007141922600567341,"goreScore":0.0010556246852502227}},{"FrameIndex":570,"Adult":{"isAdultContent":false,"isRacyContent":false,"isGoryContent":false,"adultScore":0.007434518076479435,"racyScore":0.009202343411743641,"goreScore":0.0026282677426934242}},{"FrameIndex":600,"Adult":{"isAdultContent":false,"isRacyContent":false,"isGoryContent":false,"adultScore":0.0006024191970936954,"racyScore":0.00397974718362093,"goreScore":0.00027829440659843385}},{"FrameIndex":630,"Adult":{"isAdultContent":false,"isRacyContent":false,"isGoryContent":false,"adultScore":0.0030339937657117844,"racyScore":0.007275366690009832,"goreScore":0.0003666984266601503}},{"FrameIndex":660,"Adult":{"isAdultContent":false,"isRacyContent":false,"isGoryContent":false,"adultScore":0.007449390832334757,"racyScore":0.01239386573433876,"goreScore":0.0015433317748829722}},{"FrameIndex":690,"Adult":{"isAdultContent":false,"isRacyContent":false,"isGoryContent":false,"adultScore":0.0033335769549012184,"racyScore":0.003919800743460655,"goreScore":0.004055616445839405}},{"FrameIndex":720,"Adult":{"isAdultContent":false,"isRacyContent":false,"isGoryContent":false,"adultScore":0.001625957665964961,"racyScore":0.0032387052197009325,"goreScore":0.0024573246482759714}},{"FrameIndex":750,"Adult":{"isAdultContent":false,"isRacyContent":false,"isGoryContent":false,"adultScore":0.0019142159726470709,"racyScore":0.012340011075139046,"goreScore":0.0004586321592796594}},{"FrameIndex":780,"Adult":{"isAdultContent":false,"isRacyContent":false,"isGoryContent":false,"adultScore":0.0023612184450030327,"racyScore":0.014993073418736458,"goreScore":0.0006209921557456255}},{"FrameIndex":810,"Adult":{"isAdultContent":false,"isRacyContent":false,"isGoryContent":false,"adultScore":0.003500242717564106,"racyScore":0.006354579236358404,"goreScore":0.0023680925369262695}},{"FrameIndex":840,"Adult":{"isAdultContent":false,"isRacyContent":false,"isGoryContent":false,"adultScore":0.032504674047231674,"racyScore":0.03648371994495392,"goreScore":0.004758811555802822}},{"FrameIndex":870,"Adult":{"isAdultContent":false,"isRacyContent":false,"isGoryContent":false,"adultScore":0.001862943870946765,"racyScore":0.012593863531947136,"goreScore":0.000737047113943845}},{"FrameIndex":900,"Adult":{"isAdultContent":false,"isRacyContent":false,"isGoryContent":false,"adultScore":0.0016811357345432043,"racyScore":0.007073369808495045,"goreScore":0.0005966666503809392}},{"FrameIndex":930,"Adult":{"isAdultContent":false,"isRacyContent":false,"isGoryContent":false,"adultScore":0.06344034522771835,"racyScore":0.10223603993654251,"goreScore":0.010969937779009342}},{"FrameIndex":960,"Adult":{"isAdultContent":false,"isRacyContent":false,"isGoryContent":false,"adultScore":0.009556461125612259,"racyScore":0.023416433483362198,"goreScore":0.001764578279107809}},{"FrameIndex":990,"Adult":{"isAdultContent":false,"isRacyContent":false,"isGoryContent":false,"adultScore":0.006280523259192705,"racyScore":0.008390055038034916,"goreScore":0.0008060975815169513}},{"FrameIndex":1020,"Adult":{"isAdultContent":false,"isRacyContent":false,"isGoryContent":false,"adultScore":0.005433398298919201,"racyScore":0.007441805675625801,"goreScore":0.0007131979800760746}},{"FrameIndex":1050,"Adult":{"isAdultContent":false,"isRacyContent":false,"isGoryContent":false,"adultScore":0.005433369427919388,"racyScore":0.007441769354045391,"goreScore":0.0007131962338462472}},{"FrameIndex":1080,"Adult":{"isAdultContent":false,"isRacyContent":false,"isGoryContent":false,"adultScore":0.001081487163901329,"racyScore":0.002011785749346018,"goreScore":0.0005018534720875323}},{"FrameIndex":1110,"Adult":{"isAdultContent":false,"isRacyContent":false,"isGoryContent":false,"adultScore":0.0012131828116253018,"racyScore":0.0021457646507769823,"goreScore":0.0009349518222734332}},{"FrameIndex":1140,"Adult":{"isAdultContent":false,"isRacyContent":false,"isGoryContent":false,"adultScore":0.0011656142305582762,"racyScore":0.00217432645149529,"goreScore":0.000922743056435138}},{"FrameIndex":1170,"Adult":{"isAdultContent":false,"isRacyContent":false,"isGoryContent":false,"adultScore":0.0010418605525046587,"racyScore":0.001877319416962564,"goreScore":0.001042588148266077}},{"FrameIndex":1200,"Adult":{"isAdultContent":false,"isRacyContent":false,"isGoryContent":false,"adultScore":0.0010703610023483634,"racyScore":0.0019241329282522202,"goreScore":0.0009679574868641794}},{"FrameIndex":1230,"Adult":{"isAdultContent":false,"isRacyContent":false,"isGoryContent":false,"adultScore":0.0010777106508612633,"racyScore":0.002064561005681753,"goreScore":0.0007972439634613693}},{"FrameIndex":1260,"Adult":{"isAdultContent":false,"isRacyContent":false,"isGoryContent":false,"adultScore":0.0010548336431384087,"racyScore":0.002005883026868105,"goreScore":0.000695187074597925}},{"FrameIndex":1290,"Adult":{"isAdultContent":false,"isRacyContent":false,"isGoryContent":false,"adultScore":0.001168333343230188,"racyScore":0.0020817560143768787,"goreScore":0.0005115990061312914}},{"FrameIndex":1320,"Adult":{"isAdultContent":false,"isRacyContent":false,"isGoryContent":false,"adultScore":0.009080198593437672,"racyScore":0.012905417010188103,"goreScore":0.26544058322906494}},{"FrameIndex":1350,"Adult":{"isAdultContent":false,"isRacyContent":false,"isGoryContent":false,"adultScore":0.004265674389898777,"racyScore":0.005755726248025894,"goreScore":0.0004607255104929209}},{"FrameIndex":1380,"Adult":{"isAdultContent":false,"isRacyContent":false,"isGoryContent":false,"adultScore":0.0009136368171311915,"racyScore":0.0017764423973858356,"goreScore":0.0004431706038303673}},{"FrameIndex":1410,"Adult":{"isAdultContent":false,"isRacyContent":false,"isGoryContent":false,"adultScore":0.0022696824744343758,"racyScore":0.00860621314495802,"goreScore":0.00031417180434800684}},{"FrameIndex":1440,"Adult":{"isAdultContent":false,"isRacyContent":false,"isGoryContent":false,"adultScore":0.004566653165966272,"racyScore":0.007492332719266415,"goreScore":0.016416771337389946}},{"FrameIndex":1470,"Adult":{"isAdultContent":false,"isRacyContent":false,"isGoryContent":false,"adultScore":0.006951786577701569,"racyScore":0.009542248211801052,"goreScore":0.0009498269064351916}},{"FrameIndex":1500,"Adult":{"isAdultContent":false,"isRacyContent":false,"isGoryContent":false,"adultScore":0.012305879965424538,"racyScore":0.01677682437002659,"goreScore":0.0015105234924703836}},{"FrameIndex":1530,"Adult":{"isAdultContent":false,"isRacyContent":false,"isGoryContent":false,"adultScore":0.007471733260899782,"racyScore":0.008415036834776402,"goreScore":0.0011306144297122955}},{"FrameIndex":1560,"Adult":{"isAdultContent":false,"isRacyContent":false,"isGoryContent":false,"adultScore":0.006069399882107973,"racyScore":0.00904015637934208,"goreScore":0.001091084210202098}},{"FrameIndex":1590,"Adult":{"isAdultContent":false,"isRacyContent":false,"isGoryContent":false,"adultScore":0.0008645961643196642,"racyScore":0.0016478756442666054,"goreScore":0.0037160064093768597}},{"FrameIndex":1620,"Adult":{"isAdultContent":false,"isRacyContent":false,"isGoryContent":false,"adultScore":0.0010213848436251283,"racyScore":0.002070898888632655,"goreScore":0.0009227395057678223}},{"FrameIndex":1650,"Adult":{"isAdultContent":false,"isRacyContent":false,"isGoryContent":false,"adultScore":0.0010620044777169824,"racyScore":0.0021403313148766756,"goreScore":0.0009188362746499479}},{"FrameIndex":1680,"Adult":{"isAdultContent":false,"isRacyContent":false,"isGoryContent":false,"adultScore":0.0021107958164066076,"racyScore":0.0034673092886805534,"goreScore":0.0015032499795779586}},{"FrameIndex":1710,"Adult":{"isAdultContent":false,"isRacyContent":false,"isGoryContent":false,"adultScore":0.002774143358692527,"racyScore":0.0038527061697095633,"goreScore":0.0027640212792903185}},{"FrameIndex":1740,"Adult":{"isAdultContent":false,"isRacyContent":false,"isGoryContent":true,"adultScore":0.008585372008383274,"racyScore":0.013479191809892654,"goreScore":0.6921133399009705}},{"FrameIndex":1770,"Adult":{"isAdultContent":false,"isRacyContent":false,"isGoryContent":false,"adultScore":0.001596045563928783,"racyScore":0.0024119047448039055,"goreScore":0.0002626229543238878}},{"FrameIndex":1800,"Adult":{"isAdultContent":false,"isRacyContent":false,"isGoryContent":false,"adultScore":0.003711503930389881,"racyScore":0.005483322311192751,"goreScore":0.0004214214568492025}},{"FrameIndex":1830,"Adult":{"isAdultContent":false,"isRacyContent":false,"isGoryContent":false,"adultScore":0.002602548338472843,"racyScore":0.004120781552046537,"goreScore":0.0005810646107420325}},{"FrameIndex":1860,"Adult":{"isAdultContent":false,"isRacyContent":false,"isGoryContent":false,"adultScore":0.0024471250362694263,"racyScore":0.004004035610705614,"goreScore":0.00042947992915287614}},{"FrameIndex":1890,"Adult":{"isAdultContent":false,"isRacyContent":false,"isGoryContent":false,"adultScore":0.003484232584014535,"racyScore":0.005065564997494221,"goreScore":0.0004511419974733144}},{"FrameIndex":1920,"Adult":{"isAdultContent":false,"isRacyContent":false,"isGoryContent":false,"adultScore":0.0030352517496794462,"racyScore":0.00438484363257885,"goreScore":0.0004754931142088026}},{"FrameIndex":1950,"Adult":{"isAdultContent":false,"isRacyContent":false,"isGoryContent":false,"adultScore":0.0027804288547486067,"racyScore":0.004213839303702116,"goreScore":0.00041861640056595206}},{"FrameIndex":1980,"Adult":{"isAdultContent":false,"isRacyContent":false,"isGoryContent":false,"adultScore":0.003115164814516902,"racyScore":0.004508599638938904,"goreScore":0.0004318840510677546}},{"FrameIndex":2010,"Adult":{"isAdultContent":false,"isRacyContent":false,"isGoryContent":false,"adultScore":0.002363179111853242,"racyScore":0.003840893507003784,"goreScore":0.0005776469479314983}},{"FrameIndex":2040,"Adult":{"isAdultContent":false,"isRacyContent":false,"isGoryContent":false,"adultScore":0.010246379300951958,"racyScore":0.012238445691764355,"goreScore":0.0006428184569813311}},{"FrameIndex":2070,"Adult":{"isAdultContent":false,"isRacyContent":false,"isGoryContent":false,"adultScore":0.005645062308758497,"racyScore":0.007039910182356834,"goreScore":0.0005346242687664926}},{"FrameIndex":2100,"Adult":{"isAdultContent":false,"isRacyContent":false,"isGoryContent":false,"adultScore":0.0016393250552937388,"racyScore":0.0027371812611818314,"goreScore":0.0010003576753661036}},{"FrameIndex":2130,"Adult":{"isAdultContent":false,"isRacyContent":false,"isGoryContent":false,"adultScore":0.0007003437494859099,"racyScore":0.0016965966206043959,"goreScore":0.00116932753007859}},{"FrameIndex":2160,"Adult":{"isAdultContent":false,"isRacyContent":false,"isGoryContent":false,"adultScore":0.0018221648642793298,"racyScore":0.0027438492979854345,"goreScore":0.0006500899908132851}},{"FrameIndex":2190,"Adult":{"isAdultContent":false,"isRacyContent":false,"isGoryContent":false,"adultScore":0.0011733262799680233,"racyScore":0.001983398338779807,"goreScore":0.0005132848746143281}},{"FrameIndex":2220,"Adult":{"isAdultContent":false,"isRacyContent":false,"isGoryContent":false,"adultScore":0.0016847406513988972,"racyScore":0.0025363711174577475,"goreScore":0.0006456112605519593}},{"FrameIndex":2250,"Adult":{"isAdultContent":false,"isRacyContent":false,"isGoryContent":false,"adultScore":0.0022871901746839285,"racyScore":0.0031432807445526123,"goreScore":0.0008063972345553339}},{"FrameIndex":2280,"Adult":{"isAdultContent":false,"isRacyContent":false,"isGoryContent":false,"adultScore":0.0038104127161204815,"racyScore":0.0044317226856946945,"goreScore":0.0008106904570013285}},{"FrameIndex":2310,"Adult":{"isAdultContent":false,"isRacyContent":false,"isGoryContent":false,"adultScore":0.0028015444986522198,"racyScore":0.003544360399246216,"goreScore":0.0004468641709536314}},{"FrameIndex":2340,"Adult":{"isAdultContent":false,"isRacyContent":false,"isGoryContent":false,"adultScore":0.003017832525074482,"racyScore":0.004355877172201872,"goreScore":0.0007161260582506657}},{"FrameIndex":2370,"Adult":{"isAdultContent":false,"isRacyContent":false,"isGoryContent":false,"adultScore":0.0023506300058215857,"racyScore":0.0032131168991327286,"goreScore":0.0009271951857954264}},{"FrameIndex":2400,"Adult":{"isAdultContent":false,"isRacyContent":false,"isGoryContent":false,"adultScore":0.0009624576196074486,"racyScore":0.0016574887558817863,"goreScore":0.0006209407583810389}},{"FrameIndex":2430,"Adult":{"isAdultContent":false,"isRacyContent":false,"isGoryContent":false,"adultScore":0.001161758555099368,"racyScore":0.0019582947716116905,"goreScore":0.0008608142379671335}},{"FrameIndex":2460,"Adult":{"isAdultContent":false,"isRacyContent":false,"isGoryContent":false,"adultScore":0.0014312119456008077,"racyScore":0.002297618892043829,"goreScore":0.0008262032642960548}},{"FrameIndex":2490,"Adult":{"isAdultContent":false,"isRacyContent":false,"isGoryContent":false,"adultScore":0.007634317502379417,"racyScore":0.009268008172512054,"goreScore":0.0006575235747732222}},{"FrameIndex":2520,"Adult":{"isAdultContent":false,"isRacyContent":false,"isGoryContent":false,"adultScore":0.007382662035524845,"racyScore":0.009009011089801788,"goreScore":0.0005893509369343519}},{"FrameIndex":2550,"Adult":{"isAdultContent":false,"isRacyContent":false,"isGoryContent":false,"adultScore":0.008507143706083298,"racyScore":0.01000464428216219,"goreScore":0.000666388834360987}},{"FrameIndex":2580,"Adult":{"isAdultContent":false,"isRacyContent":false,"isGoryContent":false,"adultScore":0.003925497643649578,"racyScore":0.00543742161244154,"goreScore":0.0006094541749916971}},{"FrameIndex":2610,"Adult":{"isAdultContent":false,"isRacyContent":false,"isGoryContent":false,"adultScore":0.002660438185557723,"racyScore":0.004103740677237511,"goreScore":0.0005787864793092012}},{"FrameIndex":2640,"Adult":{"isAdultContent":false,"isRacyContent":false,"isGoryContent":false,"adultScore":0.002456459915265441,"racyScore":0.003714563325047493,"goreScore":0.0004850438854191452}},{"FrameIndex":2670,"Adult":{"isAdultContent":false,"isRacyContent":false,"isGoryContent":false,"adultScore":0.0012969322269782424,"racyScore":0.00278528337366879,"goreScore":0.0001908427948364988}},{"FrameIndex":2700,"Adult":{"isAdultContent":false,"isRacyContent":false,"isGoryContent":false,"adultScore":0.0011093495413661003,"racyScore":0.002079149940982461,"goreScore":0.0003360360860824585}},{"FrameIndex":2730,"Adult":{"isAdultContent":false,"isRacyContent":false,"isGoryContent":false,"adultScore":0.0013145165285095572,"racyScore":0.00220671808347106,"goreScore":0.0004257591790519655}},{"FrameIndex":2760,"Adult":{"isAdultContent":false,"isRacyContent":false,"isGoryContent":false,"adultScore":0.001278463751077652,"racyScore":0.0019479719921946526,"goreScore":0.00036926218308508396}},{"FrameIndex":2790,"Adult":{"isAdultContent":false,"isRacyContent":false,"isGoryContent":false,"adultScore":0.001393793965689838,"racyScore":0.002262191381305456,"goreScore":0.00036143435863777995}},{"FrameIndex":2820,"Adult":{"isAdultContent":false,"isRacyContent":false,"isGoryContent":false,"adultScore":0.0010714646195992827,"racyScore":0.0018239144701510668,"goreScore":0.00037642213283106685}},{"FrameIndex":2850,"Adult":{"isAdultContent":false,"isRacyContent":false,"isGoryContent":false,"adultScore":0.001047564554028213,"racyScore":0.001974480226635933,"goreScore":0.0002628240326885134}},{"FrameIndex":2880,"Adult":{"isAdultContent":false,"isRacyContent":false,"isGoryContent":false,"adultScore":0.001486956956796348,"racyScore":0.0024042942095547915,"goreScore":0.00037701448309235275}},{"FrameIndex":2910,"Adult":{"isAdultContent":false,"isRacyContent":false,"isGoryContent":false,"adultScore":0.0012855749810114503,"racyScore":0.0022220287937670946,"goreScore":0.0002618572616484016}},{"FrameIndex":2940,"Adult":{"isAdultContent":false,"isRacyContent":false,"isGoryContent":false,"adultScore":0.0036078395787626505,"racyScore":0.005520127713680267,"goreScore":0.00028835449484176934}},{"FrameIndex":2970,"Adult":{"isAdultContent":false,"isRacyContent":false,"isGoryContent":false,"adultScore":0.001246474334038794,"racyScore":0.0023117661476135254,"goreScore":0.00016108385170809925}},{"FrameIndex":3000,"Adult":{"isAdultContent":false,"isRacyContent":false,"isGoryContent":false,"adultScore":0.0015367446467280388,"racyScore":0.002709433902055025,"goreScore":0.00024994081468321383}},{"FrameIndex":3030,"Adult":{"isAdultContent":false,"isRacyContent":false,"isGoryContent":false,"adultScore":0.00038122289697639644,"racyScore":0.0014106940943747759,"goreScore":0.00013471096463035792}},{"FrameIndex":3060,"Adult":{"isAdultContent":false,"isRacyContent":false,"isGoryContent":false,"adultScore":0.0011175906984135509,"racyScore":0.0019553808961063623,"goreScore":0.0004439267795532942}},{"FrameIndex":3090,"Adult":{"isAdultContent":false,"isRacyContent":false,"isGoryContent":false,"adultScore":0.0005911140469834208,"racyScore":0.0011826453264802694,"goreScore":0.0002539238485042006}},{"FrameIndex":3120,"Adult":{"isAdultContent":false,"isRacyContent":false,"isGoryContent":false,"adultScore":0.0007900379714556038,"racyScore":0.001473363721743226,"goreScore":0.00032492598984390497}},{"FrameIndex":3150,"Adult":{"isAdultContent":false,"isRacyContent":false,"isGoryContent":false,"adultScore":0.0007391382241621614,"racyScore":0.0013836609432473779,"goreScore":0.00023614543897565454}},{"FrameIndex":3180,"Adult":{"isAdultContent":false,"isRacyContent":false,"isGoryContent":false,"adultScore":0.0007167935254983604,"racyScore":0.0013709475751966238,"goreScore":0.0002719466283451766}},{"FrameIndex":3210,"Adult":{"isAdultContent":false,"isRacyContent":false,"isGoryContent":false,"adultScore":0.0011338089825585485,"racyScore":0.001965581439435482,"goreScore":0.0004441188648343086}},{"FrameIndex":3240,"Adult":{"isAdultContent":false,"isRacyContent":false,"isGoryContent":false,"adultScore":0.0012985133798792958,"racyScore":0.002247856231406331,"goreScore":0.0003602350770961493}},{"FrameIndex":3270,"Adult":{"isAdultContent":false,"isRacyContent":false,"isGoryContent":false,"adultScore":0.0010945724789053202,"racyScore":0.0019612465985119343,"goreScore":0.000382562488084659}},{"FrameIndex":3300,"Adult":{"isAdultContent":false,"isRacyContent":false,"isGoryContent":false,"adultScore":0.01100127212703228,"racyScore":0.014103858731687069,"goreScore":0.09772352874279022}},{"FrameIndex":3330,"Adult":{"isAdultContent":false,"isRacyContent":false,"isGoryContent":false,"adultScore":0.018398789688944817,"racyScore":0.022831065580248833,"goreScore":0.1962980180978775}},{"FrameIndex":3360,"Adult":{"isAdultContent":false,"isRacyContent":false,"isGoryContent":false,"adultScore":0.01900871843099594,"racyScore":0.022720366716384888,"goreScore":0.07118253409862518}},{"FrameIndex":3390,"Adult":{"isAdultContent":false,"isRacyContent":false,"isGoryContent":false,"adultScore":0.022564619779586792,"racyScore":0.02666533924639225,"goreScore":0.15215934813022614}},{"FrameIndex":3420,"Adult":{"isAdultContent":false,"isRacyContent":false,"isGoryContent":false,"adultScore":0.01504634227603674,"racyScore":0.01933196187019348,"goreScore":0.13218900561332703}},{"FrameIndex":3450,"Adult":{"isAdultContent":false,"isRacyContent":false,"isGoryContent":false,"adultScore":0.022186191752552986,"racyScore":0.02678954228758812,"goreScore":0.21264496445655823}},{"FrameIndex":3480,"Adult":{"isAdultContent":false,"isRacyContent":false,"isGoryContent":false,"adultScore":0.000930838577914983,"racyScore":0.0019305110909044743,"goreScore":0.00021365056454669684}},{"FrameIndex":3510,"Adult":{"isAdultContent":false,"isRacyContent":false,"isGoryContent":false,"adultScore":0.001012126449495554,"racyScore":0.0018479307182133198,"goreScore":0.00031783280428498983}},{"FrameIndex":3540,"Adult":{"isAdultContent":false,"isRacyContent":false,"isGoryContent":false,"adultScore":0.0009550101240165532,"racyScore":0.0021313540637493134,"goreScore":0.00017272570403292775}},{"FrameIndex":3570,"Adult":{"isAdultContent":false,"isRacyContent":false,"isGoryContent":false,"adultScore":0.006350651849061251,"racyScore":0.008209921419620514,"goreScore":0.04356645792722702}},{"FrameIndex":3600,"Adult":{"isAdultContent":false,"isRacyContent":false,"isGoryContent":false,"adultScore":0.006689570378512144,"racyScore":0.008425177074968815,"goreScore":0.04464726895093918}},{"FrameIndex":3630,"Adult":{"isAdultContent":false,"isRacyContent":false,"isGoryContent":false,"adultScore":0.008894951082766056,"racyScore":0.010975375771522522,"goreScore":0.0410061739385128}},{"FrameIndex":3660,"Adult":{"isAdultContent":false,"isRacyContent":false,"isGoryContent":false,"adultScore":0.0007454811711795628,"racyScore":0.0016521638026461005,"goreScore":0.00018841741257347167}},{"FrameIndex":3690,"Adult":{"isAdultContent":false,"isRacyContent":false,"isGoryContent":false,"adultScore":0.0011235602432861924,"racyScore":0.0020188051275908947,"goreScore":0.0003205149550922215}},{"FrameIndex":3720,"Adult":{"isAdultContent":false,"isRacyContent":false,"isGoryContent":false,"adultScore":0.0008847220451571047,"racyScore":0.0017069439636543393,"goreScore":0.00037112986319698393}},{"FrameIndex":3750,"Adult":{"isAdultContent":false,"isRacyContent":false,"isGoryContent":false,"adultScore":0.0016193641349673271,"racyScore":0.0025136559270322323,"goreScore":0.0019126309780403972}},{"FrameIndex":3780,"Adult":{"isAdultContent":false,"isRacyContent":false,"isGoryContent":false,"adultScore":0.0014419800136238337,"racyScore":0.0023696620482951403,"goreScore":0.0013917553005740047}},{"FrameIndex":3810,"Adult":{"isAdultContent":false,"isRacyContent":false,"isGoryContent":false,"adultScore":0.0016110733849927783,"racyScore":0.0024176014121621847,"goreScore":0.0027487091720104218}},{"FrameIndex":3840,"Adult":{"isAdultContent":false,"isRacyContent":false,"isGoryContent":false,"adultScore":0.001113250502385199,"racyScore":0.0019055814482271671,"goreScore":0.0007286691688932478}},{"FrameIndex":3870,"Adult":{"isAdultContent":false,"isRacyContent":false,"isGoryContent":false,"adultScore":0.0008174296235665679,"racyScore":0.00198758440092206,"goreScore":0.00033027835888788104}},{"FrameIndex":3900,"Adult":{"isAdultContent":false,"isRacyContent":false,"isGoryContent":false,"adultScore":0.0002645524509716779,"racyScore":0.0005970249185338616,"goreScore":0.00015167836681939662}},{"FrameIndex":3930,"Adult":{"isAdultContent":false,"isRacyContent":false,"isGoryContent":false,"adultScore":0.00037665912532247603,"racyScore":0.0008134267991408706,"goreScore":9.359098476124927E-05}},{"FrameIndex":3960,"Adult":{"isAdultContent":false,"isRacyContent":false,"isGoryContent":false,"adultScore":0.0011940706754103303,"racyScore":0.004194468725472689,"goreScore":0.0002562143199611455}},{"FrameIndex":3990,"Adult":{"isAdultContent":false,"isRacyContent":false,"isGoryContent":false,"adultScore":0.0008506617741659284,"racyScore":0.0015839007683098316,"goreScore":0.000537899206392467}},{"FrameIndex":4020,"Adult":{"isAdultContent":false,"isRacyContent":false,"isGoryContent":false,"adultScore":0.003964739385992289,"racyScore":0.005293989088386297,"goreScore":0.000770814367569983}},{"FrameIndex":4050,"Adult":{"isAdultContent":false,"isRacyContent":false,"isGoryContent":false,"adultScore":0.0014291974948719144,"racyScore":0.0023117843084037304,"goreScore":0.0005948337493464351}},{"FrameIndex":4080,"Adult":{"isAdultContent":false,"isRacyContent":false,"isGoryContent":false,"adultScore":0.0007678330293856561,"racyScore":0.00573029275983572,"goreScore":0.00029906132840551436}},{"FrameIndex":4110,"Adult":{"isAdultContent":false,"isRacyContent":false,"isGoryContent":false,"adultScore":0.0013235684018582106,"racyScore":0.004157687537372112,"goreScore":0.0003606729442253709}},{"FrameIndex":4140,"Adult":{"isAdultContent":false,"isRacyContent":false,"isGoryContent":false,"adultScore":0.0010835847351700068,"racyScore":0.006511101499199867,"goreScore":0.00042904369183816016}},{"FrameIndex":4170,"Adult":{"isAdultContent":false,"isRacyContent":false,"isGoryContent":false,"adultScore":0.0025081734638661146,"racyScore":0.006817253306508064,"goreScore":0.0006427975604310632}},{"FrameIndex":4200,"Adult":{"isAdultContent":false,"isRacyContent":false,"isGoryContent":false,"adultScore":0.0008905302383936942,"racyScore":0.0030479291453957558,"goreScore":0.0005327268736436963}},{"FrameIndex":4230,"Adult":{"isAdultContent":false,"isRacyContent":false,"isGoryContent":false,"adultScore":0.0013850165996700525,"racyScore":0.007892146706581116,"goreScore":0.0005629287916235626}},{"FrameIndex":4260,"Adult":{"isAdultContent":false,"isRacyContent":false,"isGoryContent":false,"adultScore":0.0029708193615078926,"racyScore":0.014756864868104458,"goreScore":0.0004351767711341381}},{"FrameIndex":4290,"Adult":{"isAdultContent":false,"isRacyContent":false,"isGoryContent":false,"adultScore":0.0014414858305826783,"racyScore":0.017255758866667747,"goreScore":0.0005392797174863517}},{"FrameIndex":4320,"Adult":{"isAdultContent":false,"isRacyContent":false,"isGoryContent":false,"adultScore":0.0017469455488026142,"racyScore":0.004398474935442209,"goreScore":0.000619633006863296}},{"FrameIndex":4350,"Adult":{"isAdultContent":false,"isRacyContent":false,"isGoryContent":false,"adultScore":0.0016022021882236004,"racyScore":0.00735445786267519,"goreScore":0.00041311918175779283}},{"FrameIndex":4380,"Adult":{"isAdultContent":false,"isRacyContent":false,"isGoryContent":false,"adultScore":0.006151274312287569,"racyScore":0.010799707844853401,"goreScore":0.0009317365474998951}},{"FrameIndex":4410,"Adult":{"isAdultContent":false,"isRacyContent":false,"isGoryContent":false,"adultScore":0.004404925741255283,"racyScore":0.011610511690378189,"goreScore":0.0006035392871126533}},{"FrameIndex":4440,"Adult":{"isAdultContent":false,"isRacyContent":false,"isGoryContent":false,"adultScore":0.0013791187666356564,"racyScore":0.02117481268942356,"goreScore":0.0004706020699813962}},{"FrameIndex":4470,"Adult":{"isAdultContent":false,"isRacyContent":false,"isGoryContent":false,"adultScore":0.00570796150714159,"racyScore":0.028841648250818253,"goreScore":0.0015714365290477872}},{"FrameIndex":4500,"Adult":{"isAdultContent":false,"isRacyContent":false,"isGoryContent":false,"adultScore":0.009799137711524963,"racyScore":0.020862188190221786,"goreScore":0.0017989387270063162}},{"FrameIndex":4530,"Adult":{"isAdultContent":false,"isRacyContent":false,"isGoryContent":false,"adultScore":0.001408879877999425,"racyScore":0.015202505514025688,"goreScore":0.0003830338828265667}},{"FrameIndex":4560,"Adult":{"isAdultContent":false,"isRacyContent":false,"isGoryContent":false,"adultScore":0.0024970783852040768,"racyScore":0.036543674767017365,"goreScore":0.000720105308573693}},{"FrameIndex":4590,"Adult":{"isAdultContent":false,"isRacyContent":false,"isGoryContent":false,"adultScore":0.002707443665713072,"racyScore":0.045909665524959564,"goreScore":0.000668258813675493}},{"FrameIndex":4620,"Adult":{"isAdultContent":false,"isRacyContent":false,"isGoryContent":false,"adultScore":0.0026626812759786844,"racyScore":0.02151148021221161,"goreScore":0.0004544519179034978}},{"FrameIndex":4650,"Adult":{"isAdultContent":false,"isRacyContent":false,"isGoryContent":false,"adultScore":0.004535856191068888,"racyScore":0.09482647478580475,"goreScore":0.0009951527463272214}},{"FrameIndex":4680,"Adult":{"isAdultContent":false,"isRacyContent":false,"isGoryContent":false,"adultScore":0.0042362273670732975,"racyScore":0.05242486670613289,"goreScore":0.000695294642355293}},{"FrameIndex":4710,"Adult":{"isAdultContent":false,"isRacyContent":false,"isGoryContent":false,"adultScore":0.0027749829459935427,"racyScore":0.03784339502453804,"goreScore":0.0006782705895602703}},{"FrameIndex":4740,"Adult":{"isAdultContent":false,"isRacyContent":false,"isGoryContent":false,"adultScore":0.004933583550155163,"racyScore":0.09680803120136261,"goreScore":0.0009914693655446172}},{"FrameIndex":4770,"Adult":{"isAdultContent":false,"isRacyContent":false,"isGoryContent":false,"adultScore":0.006780642084777355,"racyScore":0.028084855526685715,"goreScore":0.001327939797192812}},{"FrameIndex":4800,"Adult":{"isAdultContent":false,"isRacyContent":false,"isGoryContent":false,"adultScore":0.005706820171326399,"racyScore":0.011909962631762028,"goreScore":0.0014934054343029857}},{"FrameIndex":4830,"Adult":{"isAdultContent":false,"isRacyContent":false,"isGoryContent":false,"adultScore":0.000752669177018106,"racyScore":0.0034527904354035854,"goreScore":0.0003359286638442427}},{"FrameIndex":4860,"Adult":{"isAdultContent":false,"isRacyContent":false,"isGoryContent":false,"adultScore":0.0002950920898001641,"racyScore":0.0034973076544702053,"goreScore":0.00020529984612949193}},{"FrameIndex":4890,"Adult":{"isAdultContent":false,"isRacyContent":false,"isGoryContent":false,"adultScore":0.0006580814952030778,"racyScore":0.01005488820374012,"goreScore":0.00034656620118767023}},{"FrameIndex":4920,"Adult":{"isAdultContent":false,"isRacyContent":false,"isGoryContent":false,"adultScore":0.000991579843685031,"racyScore":0.016647513955831528,"goreScore":0.00038430915446951985}},{"FrameIndex":4950,"Adult":{"isAdultContent":false,"isRacyContent":false,"isGoryContent":false,"adultScore":0.0021289256401360035,"racyScore":0.030745379626750946,"goreScore":0.0006386655732057989}},{"FrameIndex":4980,"Adult":{"isAdultContent":false,"isRacyContent":false,"isGoryContent":false,"adultScore":0.0022788129281252623,"racyScore":0.005366659257560968,"goreScore":0.0012967671500518918}},{"FrameIndex":5010,"Adult":{"isAdultContent":false,"isRacyContent":false,"isGoryContent":false,"adultScore":0.004737601615488529,"racyScore":0.0068003032356500626,"goreScore":0.0020258016884326935}},{"FrameIndex":5040,"Adult":{"isAdultContent":false,"isRacyContent":false,"isGoryContent":false,"adultScore":0.0018425281159579754,"racyScore":0.006294333841651678,"goreScore":0.0005274603608995676}},{"FrameIndex":5070,"Adult":{"isAdultContent":false,"isRacyContent":false,"isGoryContent":false,"adultScore":0.0025695348158478737,"racyScore":0.006317702122032642,"goreScore":0.0009590759873390198}},{"FrameIndex":5100,"Adult":{"isAdultContent":false,"isRacyContent":false,"isGoryContent":false,"adultScore":0.0035344583448022604,"racyScore":0.010355392470955849,"goreScore":0.0008237516740337014}},{"FrameIndex":5130,"Adult":{"isAdultContent":false,"isRacyContent":false,"isGoryContent":false,"adultScore":0.004816967062652111,"racyScore":0.006542319897562265,"goreScore":0.001827582367695868}},{"FrameIndex":5160,"Adult":{"isAdultContent":false,"isRacyContent":false,"isGoryContent":false,"adultScore":0.00499640591442585,"racyScore":0.0069068679586052895,"goreScore":0.0014045671559870243}},{"FrameIndex":5190,"Adult":{"isAdultContent":false,"isRacyContent":false,"isGoryContent":false,"adultScore":0.0009708859724923968,"racyScore":0.010023470036685467,"goreScore":0.0003322422271594405}},{"FrameIndex":5220,"Adult":{"isAdultContent":false,"isRacyContent":false,"isGoryContent":false,"adultScore":0.0012500621378421783,"racyScore":0.006944173481315374,"goreScore":0.0004434727889019996}},{"FrameIndex":5250,"Adult":{"isAdultContent":false,"isRacyContent":false,"isGoryContent":false,"adultScore":0.0008874645573087037,"racyScore":0.004694316070526838,"goreScore":0.0003236741467844695}},{"FrameIndex":5280,"Adult":{"isAdultContent":false,"isRacyContent":false,"isGoryContent":false,"adultScore":0.005024014040827751,"racyScore":0.007150365971028805,"goreScore":0.0006400885176844895}},{"FrameIndex":5310,"Adult":{"isAdultContent":false,"isRacyContent":false,"isGoryContent":false,"adultScore":0.010313144885003567,"racyScore":0.5098083019256592,"goreScore":0.0020089992322027683}},{"FrameIndex":5340,"Adult":{"isAdultContent":false,"isRacyContent":false,"isGoryContent":false,"adultScore":0.0051730358973145485,"racyScore":0.15052558481693268,"goreScore":0.0017847373383119702}},{"FrameIndex":5370,"Adult":{"isAdultContent":false,"isRacyContent":false,"isGoryContent":false,"adultScore":0.01319741178303957,"racyScore":0.2374173104763031,"goreScore":0.0013653389178216457}},{"FrameIndex":5400,"Adult":{"isAdultContent":false,"isRacyContent":false,"isGoryContent":false,"adultScore":0.003808232955634594,"racyScore":0.03244486078619957,"goreScore":0.0006918794824741781}},{"FrameIndex":5430,"Adult":{"isAdultContent":false,"isRacyContent":false,"isGoryContent":false,"adultScore":0.0033493153750896454,"racyScore":0.007815197110176086,"goreScore":0.00047428024117834866}},{"FrameIndex":5460,"Adult":{"isAdultContent":false,"isRacyContent":false,"isGoryContent":false,"adultScore":0.0035761885810643435,"racyScore":0.005057392176240683,"goreScore":0.0013871565461158752}},{"FrameIndex":5490,"Adult":{"isAdultContent":false,"isRacyContent":false,"isGoryContent":false,"adultScore":0.010461568832397461,"racyScore":0.013742048293352127,"goreScore":0.004551025107502937}},{"FrameIndex":5520,"Adult":{"isAdultContent":false,"isRacyContent":false,"isGoryContent":false,"adultScore":0.00849435105919838,"racyScore":0.011338588781654835,"goreScore":0.0014459386002272367}},{"FrameIndex":5550,"Adult":{"isAdultContent":false,"isRacyContent":false,"isGoryContent":false,"adultScore":0.002333918120712042,"racyScore":0.0032799250911921263,"goreScore":0.0006024827598594129}},{"FrameIndex":5580,"Adult":{"isAdultContent":false,"isRacyContent":false,"isGoryContent":false,"adultScore":0.0015719871735200286,"racyScore":0.0022703607100993395,"goreScore":0.0006151703419163823}},{"FrameIndex":5610,"Adult":{"isAdultContent":false,"isRacyContent":false,"isGoryContent":false,"adultScore":0.005030825734138489,"racyScore":0.007385757751762867,"goreScore":0.0007091296720318496}},{"FrameIndex":5640,"Adult":{"isAdultContent":false,"isRacyContent":false,"isGoryContent":false,"adultScore":0.0024718651548027992,"racyScore":0.004160964861512184,"goreScore":0.000917089928407222}},{"FrameIndex":5670,"Adult":{"isAdultContent":false,"isRacyContent":false,"isGoryContent":false,"adultScore":0.027581607922911644,"racyScore":0.14690910279750824,"goreScore":0.006880864966660738}},{"FrameIndex":5700,"Adult":{"isAdultContent":false,"isRacyContent":false,"isGoryContent":false,"adultScore":0.04304156452417374,"racyScore":0.04694291204214096,"goreScore":0.019557654857635498}},{"FrameIndex":5730,"Adult":{"isAdultContent":false,"isRacyContent":false,"isGoryContent":false,"adultScore":0.06596217304468155,"racyScore":0.07622084766626358,"goreScore":0.02621094323694706}},{"FrameIndex":5760,"Adult":{"isAdultContent":false,"isRacyContent":false,"isGoryContent":false,"adultScore":0.0014988502953201532,"racyScore":0.002512858249247074,"goreScore":0.0009491237578913569}},{"FrameIndex":5790,"Adult":{"isAdultContent":false,"isRacyContent":false,"isGoryContent":false,"adultScore":0.0013767421478405595,"racyScore":0.006390377879142761,"goreScore":0.00936534721404314}},{"FrameIndex":5820,"Adult":{"isAdultContent":false,"isRacyContent":false,"isGoryContent":false,"adultScore":0.0013002216583117843,"racyScore":0.0020695929415524006,"goreScore":0.0004878761828877032}},{"FrameIndex":5850,"Adult":{"isAdultContent":false,"isRacyContent":false,"isGoryContent":false,"adultScore":0.008099247701466084,"racyScore":0.009952491149306297,"goreScore":0.0003276356146670878}},{"FrameIndex":5880,"Adult":{"isAdultContent":false,"isRacyContent":false,"isGoryContent":false,"adultScore":0.005191213916987181,"racyScore":0.0075446548871695995,"goreScore":0.00024090937222354114}},{"FrameIndex":5910,"Adult":{"isAdultContent":false,"isRacyContent":false,"isGoryContent":false,"adultScore":0.014245742931962013,"racyScore":0.027209052816033363,"goreScore":0.0007364227785728872}},{"FrameIndex":5940,"Adult":{"isAdultContent":false,"isRacyContent":false,"isGoryContent":false,"adultScore":0.0038442546501755714,"racyScore":0.005789416842162609,"goreScore":0.0006136411684565246}},{"FrameIndex":5970,"Adult":{"isAdultContent":false,"isRacyContent":false,"isGoryContent":false,"adultScore":0.0037859848234802485,"racyScore":0.007678229361772537,"goreScore":0.00048257128219120204}},{"FrameIndex":6000,"Adult":{"isAdultContent":false,"isRacyContent":false,"isGoryContent":false,"adultScore":0.005258695688098669,"racyScore":0.009809287264943123,"goreScore":0.0004149320302531123}},{"FrameIndex":6030,"Adult":{"isAdultContent":false,"isRacyContent":false,"isGoryContent":false,"adultScore":0.011077030561864376,"racyScore":0.012686565518379211,"goreScore":0.006006562616676092}},{"FrameIndex":6060,"Adult":{"isAdultContent":false,"isRacyContent":false,"isGoryContent":false,"adultScore":0.002346405293792486,"racyScore":0.004183626268059015,"goreScore":0.0013951651053503156}},{"FrameIndex":6090,"Adult":{"isAdultContent":false,"isRacyContent":false,"isGoryContent":false,"adultScore":0.006624417845159769,"racyScore":0.007643495220690966,"goreScore":0.00034832171513698995}},{"FrameIndex":6120,"Adult":{"isAdultContent":false,"isRacyContent":false,"isGoryContent":false,"adultScore":0.00791157316416502,"racyScore":0.008888527750968933,"goreScore":0.0004986709682270885}},{"FrameIndex":6150,"Adult":{"isAdultContent":false,"isRacyContent":false,"isGoryContent":false,"adultScore":0.0032029086723923683,"racyScore":0.004443568643182516,"goreScore":0.0020249136723577976}},{"FrameIndex":6180,"Adult":{"isAdultContent":false,"isRacyContent":false,"isGoryContent":false,"adultScore":0.003914398141205311,"racyScore":0.005377455614507198,"goreScore":0.0054531400091946125}},{"FrameIndex":6210,"Adult":{"isAdultContent":false,"isRacyContent":false,"isGoryContent":false,"adultScore":0.0026287923101335764,"racyScore":0.003911808133125305,"goreScore":0.001731236232444644}},{"FrameIndex":6240,"Adult":{"isAdultContent":false,"isRacyContent":false,"isGoryContent":false,"adultScore":0.0055307671427726746,"racyScore":0.00890573300421238,"goreScore":0.0005601790035143495}},{"FrameIndex":6270,"Adult":{"isAdultContent":false,"isRacyContent":false,"isGoryContent":false,"adultScore":0.013146193698048592,"racyScore":0.017696242779493332,"goreScore":0.01530242245644331}},{"FrameIndex":6300,"Adult":{"isAdultContent":false,"isRacyContent":false,"isGoryContent":false,"adultScore":0.005395882297307253,"racyScore":0.007603608537465334,"goreScore":0.016234049573540688}},{"FrameIndex":6330,"Adult":{"isAdultContent":false,"isRacyContent":false,"isGoryContent":false,"adultScore":0.017716843634843826,"racyScore":0.021033648401498795,"goreScore":0.09063329547643661}},{"FrameIndex":6360,"Adult":{"isAdultContent":false,"isRacyContent":false,"isGoryContent":false,"adultScore":0.016454925760626793,"racyScore":0.019745787605643272,"goreScore":0.17718933522701263}},{"FrameIndex":6390,"Adult":{"isAdultContent":false,"isRacyContent":false,"isGoryContent":false,"adultScore":0.003460081061348319,"racyScore":0.01239608321338892,"goreScore":0.0013360915472730994}},{"FrameIndex":6420,"Adult":{"isAdultContent":false,"isRacyContent":false,"isGoryContent":false,"adultScore":0.001125721144489944,"racyScore":0.0017161733703687787,"goreScore":0.000961007084697485}},{"FrameIndex":6450,"Adult":{"isAdultContent":false,"isRacyContent":false,"isGoryContent":false,"adultScore":0.0010456264717504382,"racyScore":0.0017956038936972618,"goreScore":0.001089777797460556}},{"FrameIndex":6480,"Adult":{"isAdultContent":false,"isRacyContent":false,"isGoryContent":false,"adultScore":0.009538739919662476,"racyScore":0.05266410484910011,"goreScore":0.006863296497613192}},{"FrameIndex":6510,"Adult":{"isAdultContent":false,"isRacyContent":false,"isGoryContent":false,"adultScore":0.004307624418288469,"racyScore":0.023960866034030914,"goreScore":0.002522815018892288}},{"FrameIndex":6540,"Adult":{"isAdultContent":false,"isRacyContent":false,"isGoryContent":false,"adultScore":0.008058379404246807,"racyScore":0.012661613523960114,"goreScore":0.002440354321151972}},{"FrameIndex":6570,"Adult":{"isAdultContent":false,"isRacyContent":false,"isGoryContent":false,"adultScore":0.008375728502869606,"racyScore":0.015594836324453354,"goreScore":0.004045555368065834}},{"FrameIndex":6600,"Adult":{"isAdultContent":false,"isRacyContent":false,"isGoryContent":false,"adultScore":0.00530591607093811,"racyScore":0.007129407487809658,"goreScore":0.018412254750728607}},{"FrameIndex":6630,"Adult":{"isAdultContent":false,"isRacyContent":false,"isGoryContent":false,"adultScore":0.006090458016842604,"racyScore":0.0095715606585145,"goreScore":0.07512374222278595}},{"FrameIndex":6660,"Adult":{"isAdultContent":false,"isRacyContent":false,"isGoryContent":false,"adultScore":0.013787207193672657,"racyScore":0.020419809967279434,"goreScore":0.03744814544916153}},{"FrameIndex":6690,"Adult":{"isAdultContent":false,"isRacyContent":false,"isGoryContent":false,"adultScore":0.0033846721053123474,"racyScore":0.01493398379534483,"goreScore":0.0008811346488073468}},{"FrameIndex":6720,"Adult":{"isAdultContent":false,"isRacyContent":false,"isGoryContent":false,"adultScore":0.0017214235849678516,"racyScore":0.0027929414063692093,"goreScore":0.0009713770705275238}},{"FrameIndex":6750,"Adult":{"isAdultContent":false,"isRacyContent":false,"isGoryContent":false,"adultScore":0.005434984341263771,"racyScore":0.007298761513084173,"goreScore":0.001003230339847505}},{"FrameIndex":6780,"Adult":{"isAdultContent":false,"isRacyContent":false,"isGoryContent":false,"adultScore":0.011590897105634212,"racyScore":0.013200775720179081,"goreScore":0.003160158870741725}},{"FrameIndex":6810,"Adult":{"isAdultContent":false,"isRacyContent":false,"isGoryContent":false,"adultScore":0.007107749581336975,"racyScore":0.00993908941745758,"goreScore":0.0010250280611217022}},{"FrameIndex":6840,"Adult":{"isAdultContent":false,"isRacyContent":false,"isGoryContent":false,"adultScore":0.01003859844058752,"racyScore":0.011620908044278622,"goreScore":0.0035106735303997993}},{"FrameIndex":6870,"Adult":{"isAdultContent":false,"isRacyContent":false,"isGoryContent":false,"adultScore":0.0028891637921333313,"racyScore":0.005117067135870457,"goreScore":0.0030847429297864437}},{"FrameIndex":6900,"Adult":{"isAdultContent":false,"isRacyContent":false,"isGoryContent":false,"adultScore":0.0029277014546096325,"racyScore":0.004852325655519962,"goreScore":0.004173713270574808}},{"FrameIndex":6930,"Adult":{"isAdultContent":false,"isRacyContent":false,"isGoryContent":false,"adultScore":0.008930293843150139,"racyScore":0.014402061700820923,"goreScore":0.001632586820051074}},{"FrameIndex":6960,"Adult":{"isAdultContent":false,"isRacyContent":false,"isGoryContent":false,"adultScore":0.0010558869689702988,"racyScore":0.002259142231196165,"goreScore":0.0002722438657656312}},{"FrameIndex":6990,"Adult":{"isAdultContent":false,"isRacyContent":false,"isGoryContent":false,"adultScore":0.0011364542879164219,"racyScore":0.0021286732517182827,"goreScore":0.00027812295593321323}},{"FrameIndex":7020,"Adult":{"isAdultContent":false,"isRacyContent":false,"isGoryContent":false,"adultScore":0.0011687690857797861,"racyScore":0.002170453779399395,"goreScore":0.0003252099850215018}},{"FrameIndex":7050,"Adult":{"isAdultContent":false,"isRacyContent":false,"isGoryContent":false,"adultScore":0.0010920851491391659,"racyScore":0.0019659793470054865,"goreScore":0.0003802324354182929}},{"FrameIndex":7080,"Adult":{"isAdultContent":false,"isRacyContent":false,"isGoryContent":false,"adultScore":0.0011250997195020318,"racyScore":0.0019904577638953924,"goreScore":0.00036239364999346435}},{"FrameIndex":7110,"Adult":{"isAdultContent":false,"isRacyContent":false,"isGoryContent":false,"adultScore":0.0011330678826197982,"racyScore":0.0020650227088481188,"goreScore":0.00034426376805640757}},{"FrameIndex":7140,"Adult":{"isAdultContent":false,"isRacyContent":false,"isGoryContent":false,"adultScore":0.001479383441619575,"racyScore":0.0023858221247792244,"goreScore":0.0002689059474505484}},{"FrameIndex":7170,"Adult":{"isAdultContent":false,"isRacyContent":false,"isGoryContent":false,"adultScore":0.0013905876548960805,"racyScore":0.002401659730821848,"goreScore":0.00022233261552173644}},{"FrameIndex":7200,"Adult":{"isAdultContent":false,"isRacyContent":false,"isGoryContent":false,"adultScore":0.0020515862852334976,"racyScore":0.0031342064030468464,"goreScore":0.0002514912630431354}},{"FrameIndex":7230,"Adult":{"isAdultContent":false,"isRacyContent":false,"isGoryContent":false,"adultScore":0.0016746287001296878,"racyScore":0.0029463109094649553,"goreScore":0.00028102006763219833}},{"FrameIndex":7260,"Adult":{"isAdultContent":false,"isRacyContent":false,"isGoryContent":false,"adultScore":0.0014571057399734855,"racyScore":0.002471707295626402,"goreScore":0.00041626993333920836}},{"FrameIndex":7290,"Adult":{"isAdultContent":false,"isRacyContent":false,"isGoryContent":false,"adultScore":0.0015434084925800562,"racyScore":0.0024692825973033905,"goreScore":0.00037049149977974594}},{"FrameIndex":7320,"Adult":{"isAdultContent":false,"isRacyContent":false,"isGoryContent":false,"adultScore":0.0013909427216276526,"racyScore":0.002374666277319193,"goreScore":0.000265828100964427}},{"FrameIndex":7350,"Adult":{"isAdultContent":false,"isRacyContent":false,"isGoryContent":false,"adultScore":0.0014698082813993096,"racyScore":0.002694731578230858,"goreScore":0.00022437529696617275}},{"FrameIndex":7380,"Adult":{"isAdultContent":false,"isRacyContent":false,"isGoryContent":false,"adultScore":0.025260088965296745,"racyScore":0.030492346733808517,"goreScore":0.020815864205360413}},{"FrameIndex":7410,"Adult":{"isAdultContent":false,"isRacyContent":false,"isGoryContent":false,"adultScore":0.005917973816394806,"racyScore":0.0073503185994923115,"goreScore":0.002147113438695669}},{"FrameIndex":7440,"Adult":{"isAdultContent":false,"isRacyContent":false,"isGoryContent":false,"adultScore":0.0023347721435129642,"racyScore":0.003527991008013487,"goreScore":0.002951893024146557}},{"FrameIndex":7470,"Adult":{"isAdultContent":false,"isRacyContent":false,"isGoryContent":false,"adultScore":0.0008441980462521315,"racyScore":0.0018755696946755052,"goreScore":0.0001996080536628142}},{"FrameIndex":7500,"Adult":{"isAdultContent":false,"isRacyContent":false,"isGoryContent":false,"adultScore":0.0011568368645384908,"racyScore":0.002046679612249136,"goreScore":0.00036838409141637385}},{"FrameIndex":7530,"Adult":{"isAdultContent":false,"isRacyContent":false,"isGoryContent":false,"adultScore":0.01529014017432928,"racyScore":0.02497353032231331,"goreScore":0.016626328229904175}},{"FrameIndex":7560,"Adult":{"isAdultContent":false,"isRacyContent":false,"isGoryContent":false,"adultScore":0.022997556254267693,"racyScore":0.0412813201546669,"goreScore":0.10118553042411804}},{"FrameIndex":7590,"Adult":{"isAdultContent":false,"isRacyContent":false,"isGoryContent":false,"adultScore":0.02749955840408802,"racyScore":0.04350120574235916,"goreScore":0.038214828819036484}},{"FrameIndex":7620,"Adult":{"isAdultContent":false,"isRacyContent":false,"isGoryContent":false,"adultScore":0.01908768154680729,"racyScore":0.02191232144832611,"goreScore":0.0750344917178154}},{"FrameIndex":7650,"Adult":{"isAdultContent":false,"isRacyContent":false,"isGoryContent":false,"adultScore":0.015999000519514084,"racyScore":0.01838686503469944,"goreScore":0.056656233966350555}},{"FrameIndex":7680,"Adult":{"isAdultContent":false,"isRacyContent":false,"isGoryContent":false,"adultScore":0.0014269028324633837,"racyScore":0.002477100118994713,"goreScore":0.0003870559448841959}},{"FrameIndex":7710,"Adult":{"isAdultContent":false,"isRacyContent":false,"isGoryContent":false,"adultScore":0.0018453424563631415,"racyScore":0.003201174084097147,"goreScore":0.00036367960274219513}},{"FrameIndex":7740,"Adult":{"isAdultContent":false,"isRacyContent":false,"isGoryContent":false,"adultScore":0.004822537302970886,"racyScore":0.01829160749912262,"goreScore":0.0011676229769364}},{"FrameIndex":7770,"Adult":{"isAdultContent":false,"isRacyContent":false,"isGoryContent":false,"adultScore":0.003944328986108303,"racyScore":0.008369517512619495,"goreScore":0.0010678082471713424}},{"FrameIndex":7800,"Adult":{"isAdultContent":false,"isRacyContent":false,"isGoryContent":false,"adultScore":0.019982334226369858,"racyScore":0.0635615810751915,"goreScore":0.003382557537406683}},{"FrameIndex":7830,"Adult":{"isAdultContent":false,"isRacyContent":false,"isGoryContent":false,"adultScore":0.005067405756562948,"racyScore":0.00943814404308796,"goreScore":0.0010062225628644228}},{"FrameIndex":7860,"Adult":{"isAdultContent":false,"isRacyContent":false,"isGoryContent":false,"adultScore":0.00811862014234066,"racyScore":0.01176070049405098,"goreScore":0.0013799067819491029}},{"FrameIndex":7890,"Adult":{"isAdultContent":false,"isRacyContent":false,"isGoryContent":false,"adultScore":0.017634494230151176,"racyScore":0.021135415881872177,"goreScore":0.0021150598768144846}},{"FrameIndex":7920,"Adult":{"isAdultContent":false,"isRacyContent":false,"isGoryContent":false,"adultScore":0.004031681921333075,"racyScore":0.005286259111016989,"goreScore":0.0008568749180994928}},{"FrameIndex":7950,"Adult":{"isAdultContent":false,"isRacyContent":false,"isGoryContent":false,"adultScore":0.00816397275775671,"racyScore":0.010266977362334728,"goreScore":0.0008361795917153358}},{"FrameIndex":7980,"Adult":{"isAdultContent":false,"isRacyContent":false,"isGoryContent":false,"adultScore":0.2414977103471756,"racyScore":0.5641404986381531,"goreScore":0.005966874770820141}},{"FrameIndex":8010,"Adult":{"isAdultContent":false,"isRacyContent":false,"isGoryContent":false,"adultScore":0.26626676321029663,"racyScore":0.4012148976325989,"goreScore":0.014233797788619995}},{"FrameIndex":8040,"Adult":{"isAdultContent":false,"isRacyContent":false,"isGoryContent":false,"adultScore":0.10761727392673492,"racyScore":0.43863046169281006,"goreScore":0.00529842171818018}},{"FrameIndex":8070,"Adult":{"isAdultContent":false,"isRacyContent":false,"isGoryContent":false,"adultScore":0.09709645062685013,"racyScore":0.3777737319469452,"goreScore":0.0043356879614293575}},{"FrameIndex":8100,"Adult":{"isAdultContent":false,"isRacyContent":false,"isGoryContent":false,"adultScore":0.15865322947502136,"racyScore":0.7775776386260986,"goreScore":0.0027668369002640247}},{"FrameIndex":8130,"Adult":{"isAdultContent":false,"isRacyContent":false,"isGoryContent":false,"adultScore":0.014900397509336472,"racyScore":0.1967649757862091,"goreScore":0.0021936206612735987}},{"FrameIndex":8160,"Adult":{"isAdultContent":false,"isRacyContent":false,"isGoryContent":false,"adultScore":0.01649189181625843,"racyScore":0.0220932736992836,"goreScore":0.001203753286972642}},{"FrameIndex":8190,"Adult":{"isAdultContent":false,"isRacyContent":false,"isGoryContent":false,"adultScore":0.006009403150528669,"racyScore":0.019008934497833252,"goreScore":0.0010408202651888132}},{"FrameIndex":8220,"Adult":{"isAdultContent":false,"isRacyContent":false,"isGoryContent":false,"adultScore":0.002678344491869211,"racyScore":0.006634035613387823,"goreScore":0.0003140264598187059}},{"FrameIndex":8250,"Adult":{"isAdultContent":false,"isRacyContent":false,"isGoryContent":false,"adultScore":0.008988412097096443,"racyScore":0.010571065358817577,"goreScore":0.07912034541368484}},{"FrameIndex":8280,"Adult":{"isAdultContent":false,"isRacyContent":false,"isGoryContent":false,"adultScore":0.007445031311362982,"racyScore":0.009479330852627754,"goreScore":0.023658636957406998}},{"FrameIndex":8310,"Adult":{"isAdultContent":false,"isRacyContent":false,"isGoryContent":false,"adultScore":0.00963091291487217,"racyScore":0.01751025766134262,"goreScore":0.05701339244842529}},{"FrameIndex":8340,"Adult":{"isAdultContent":false,"isRacyContent":false,"isGoryContent":false,"adultScore":0.0005796034238301218,"racyScore":0.0011320192134007812,"goreScore":0.00022887650993652642}},{"FrameIndex":8370,"Adult":{"isAdultContent":false,"isRacyContent":false,"isGoryContent":false,"adultScore":0.0018850229680538177,"racyScore":0.0029655671678483486,"goreScore":0.0004452499561011791}},{"FrameIndex":8400,"Adult":{"isAdultContent":false,"isRacyContent":false,"isGoryContent":false,"adultScore":0.003653749590739608,"racyScore":0.005436239764094353,"goreScore":0.0005769651033915579}},{"FrameIndex":8430,"Adult":{"isAdultContent":false,"isRacyContent":false,"isGoryContent":false,"adultScore":0.001615604618564248,"racyScore":0.002566985785961151,"goreScore":0.0003792236093431711}},{"FrameIndex":8460,"Adult":{"isAdultContent":false,"isRacyContent":false,"isGoryContent":false,"adultScore":0.0015825571026653051,"racyScore":0.0025060498155653477,"goreScore":0.0003837756812572479}},{"FrameIndex":8490,"Adult":{"isAdultContent":false,"isRacyContent":false,"isGoryContent":false,"adultScore":0.0013638179516419768,"racyScore":0.002199288923293352,"goreScore":0.00037770502967759967}},{"FrameIndex":8520,"Adult":{"isAdultContent":false,"isRacyContent":false,"isGoryContent":false,"adultScore":0.007913622073829174,"racyScore":0.00900411605834961,"goreScore":0.0022948330733925104}},{"FrameIndex":8550,"Adult":{"isAdultContent":false,"isRacyContent":false,"isGoryContent":false,"adultScore":0.009400082752108574,"racyScore":0.01082310825586319,"goreScore":0.007672127336263657}},{"FrameIndex":8580,"Adult":{"isAdultContent":false,"isRacyContent":false,"isGoryContent":false,"adultScore":0.006097255274653435,"racyScore":0.006740659475326538,"goreScore":0.0021701687946915627}},{"FrameIndex":8610,"Adult":{"isAdultContent":false,"isRacyContent":false,"isGoryContent":false,"adultScore":0.014727266505360603,"racyScore":0.016097761690616608,"goreScore":0.003441628534346819}},{"FrameIndex":8640,"Adult":{"isAdultContent":false,"isRacyContent":false,"isGoryContent":false,"adultScore":0.011868916451931,"racyScore":0.043049927800893784,"goreScore":0.0013657885137945414}},{"FrameIndex":8670,"Adult":{"isAdultContent":false,"isRacyContent":false,"isGoryContent":false,"adultScore":0.004591216333210468,"racyScore":0.020373832434415817,"goreScore":0.0012369304895401}},{"FrameIndex":8700,"Adult":{"isAdultContent":false,"isRacyContent":false,"isGoryContent":false,"adultScore":0.004891104064881802,"racyScore":0.019298383966088295,"goreScore":0.0014218117576092482}},{"FrameIndex":8730,"Adult":{"isAdultContent":false,"isRacyContent":false,"isGoryContent":false,"adultScore":0.004916627891361713,"racyScore":0.04051339253783226,"goreScore":0.001084961579181254}},{"FrameIndex":8760,"Adult":{"isAdultContent":false,"isRacyContent":false,"isGoryContent":false,"adultScore":0.003517495235428214,"racyScore":0.008373705670237541,"goreScore":0.0002873665071092546}},{"FrameIndex":8790,"Adult":{"isAdultContent":false,"isRacyContent":false,"isGoryContent":false,"adultScore":0.0037911224644631147,"racyScore":0.006785423029214144,"goreScore":0.0002553900994826108}},{"FrameIndex":8820,"Adult":{"isAdultContent":false,"isRacyContent":false,"isGoryContent":false,"adultScore":0.009065637364983559,"racyScore":0.011919110082089901,"goreScore":0.00030728860292583704}},{"FrameIndex":8850,"Adult":{"isAdultContent":false,"isRacyContent":false,"isGoryContent":false,"adultScore":0.005958602763712406,"racyScore":0.008374129422008991,"goreScore":0.00030664930818602443}},{"FrameIndex":8880,"Adult":{"isAdultContent":false,"isRacyContent":false,"isGoryContent":false,"adultScore":0.007226426620036364,"racyScore":0.01009729877114296,"goreScore":0.0002866608847398311}},{"FrameIndex":8910,"Adult":{"isAdultContent":false,"isRacyContent":false,"isGoryContent":false,"adultScore":0.009927673265337944,"racyScore":0.013244746252894402,"goreScore":0.00037833041278645396}},{"FrameIndex":8940,"Adult":{"isAdultContent":false,"isRacyContent":false,"isGoryContent":false,"adultScore":0.005896500311791897,"racyScore":0.0072875660844147205,"goreScore":0.004788385704159737}},{"FrameIndex":8970,"Adult":{"isAdultContent":false,"isRacyContent":false,"isGoryContent":false,"adultScore":0.01056036725640297,"racyScore":0.0314832367002964,"goreScore":0.001651887083426118}},{"FrameIndex":9000,"Adult":{"isAdultContent":false,"isRacyContent":false,"isGoryContent":false,"adultScore":0.01903115212917328,"racyScore":0.08208605647087097,"goreScore":0.003510203445330262}},{"FrameIndex":9030,"Adult":{"isAdultContent":false,"isRacyContent":false,"isGoryContent":false,"adultScore":0.005971881560981274,"racyScore":0.0196330975741148,"goreScore":0.0023387952242046595}},{"FrameIndex":9060,"Adult":{"isAdultContent":false,"isRacyContent":false,"isGoryContent":false,"adultScore":0.010943276807665825,"racyScore":0.01313280500471592,"goreScore":0.0026885911356657743}},{"FrameIndex":9090,"Adult":{"isAdultContent":false,"isRacyContent":false,"isGoryContent":false,"adultScore":0.04884400963783264,"racyScore":0.056937381625175476,"goreScore":0.06284225732088089}},{"FrameIndex":9120,"Adult":{"isAdultContent":false,"isRacyContent":false,"isGoryContent":false,"adultScore":0.04417071491479874,"racyScore":0.05006376653909683,"goreScore":0.04134177044034004}},{"FrameIndex":9150,"Adult":{"isAdultContent":false,"isRacyContent":false,"isGoryContent":false,"adultScore":0.034223493188619614,"racyScore":0.042064495384693146,"goreScore":0.021671535447239876}},{"FrameIndex":9180,"Adult":{"isAdultContent":false,"isRacyContent":false,"isGoryContent":false,"adultScore":0.028292005881667137,"racyScore":0.037806153297424316,"goreScore":0.025907736271619797}},{"FrameIndex":9210,"Adult":{"isAdultContent":false,"isRacyContent":false,"isGoryContent":false,"adultScore":0.022909317165613174,"racyScore":0.027945905923843384,"goreScore":0.04959883540868759}},{"FrameIndex":9240,"Adult":{"isAdultContent":false,"isRacyContent":false,"isGoryContent":false,"adultScore":0.002098513301461935,"racyScore":0.0067893099039793015,"goreScore":0.005796303506940603}},{"FrameIndex":9270,"Adult":{"isAdultContent":false,"isRacyContent":false,"isGoryContent":false,"adultScore":0.003989096265286207,"racyScore":0.012910306453704834,"goreScore":0.01922038197517395}},{"FrameIndex":9300,"Adult":{"isAdultContent":false,"isRacyContent":false,"isGoryContent":false,"adultScore":0.005059455521404743,"racyScore":0.010541897267103195,"goreScore":0.010092638432979584}},{"FrameIndex":9330,"Adult":{"isAdultContent":false,"isRacyContent":false,"isGoryContent":false,"adultScore":0.005306851584464312,"racyScore":0.007172711659222841,"goreScore":0.05787137150764465}},{"FrameIndex":9360,"Adult":{"isAdultContent":false,"isRacyContent":false,"isGoryContent":false,"adultScore":0.006296121049672365,"racyScore":0.049796298146247864,"goreScore":0.010820576921105385}},{"FrameIndex":9390,"Adult":{"isAdultContent":false,"isRacyContent":false,"isGoryContent":false,"adultScore":0.00326212914660573,"racyScore":0.03804402053356171,"goreScore":0.006356892175972462}},{"FrameIndex":9420,"Adult":{"isAdultContent":false,"isRacyContent":false,"isGoryContent":false,"adultScore":0.008448776789009571,"racyScore":0.03580393269658089,"goreScore":0.0042533185333013535}},{"FrameIndex":9450,"Adult":{"isAdultContent":false,"isRacyContent":false,"isGoryContent":false,"adultScore":0.0196792334318161,"racyScore":0.021933341398835182,"goreScore":0.0006886267801746726}},{"FrameIndex":9480,"Adult":{"isAdultContent":false,"isRacyContent":false,"isGoryContent":false,"adultScore":0.026603804901242256,"racyScore":0.0279446579515934,"goreScore":0.0007995341438800097}},{"FrameIndex":9510,"Adult":{"isAdultContent":false,"isRacyContent":false,"isGoryContent":false,"adultScore":0.010485964827239513,"racyScore":0.019731223583221436,"goreScore":0.0014812902081757784}},{"FrameIndex":9540,"Adult":{"isAdultContent":false,"isRacyContent":false,"isGoryContent":false,"adultScore":0.006877639330923557,"racyScore":0.011330566368997097,"goreScore":0.0009545200737193227}},{"FrameIndex":9570,"Adult":{"isAdultContent":false,"isRacyContent":false,"isGoryContent":false,"adultScore":0.01537817157804966,"racyScore":0.05673595517873764,"goreScore":0.0028350285720080137}},{"FrameIndex":9600,"Adult":{"isAdultContent":false,"isRacyContent":false,"isGoryContent":false,"adultScore":0.010026726871728897,"racyScore":0.01488708145916462,"goreScore":0.0025028192903846502}},{"FrameIndex":9630,"Adult":{"isAdultContent":false,"isRacyContent":false,"isGoryContent":false,"adultScore":0.015978457406163216,"racyScore":0.029399385675787926,"goreScore":0.002209157682955265}},{"FrameIndex":9660,"Adult":{"isAdultContent":false,"isRacyContent":false,"isGoryContent":false,"adultScore":0.009431151673197746,"racyScore":0.02122054621577263,"goreScore":0.0014904640847817063}},{"FrameIndex":9690,"Adult":{"isAdultContent":false,"isRacyContent":false,"isGoryContent":false,"adultScore":0.017753394320607185,"racyScore":0.021987218409776688,"goreScore":0.0018645061645656824}},{"FrameIndex":9720,"Adult":{"isAdultContent":false,"isRacyContent":false,"isGoryContent":false,"adultScore":0.0005127388285472989,"racyScore":0.0013958372874185443,"goreScore":0.0001568574516568333}},{"FrameIndex":9750,"Adult":{"isAdultContent":false,"isRacyContent":false,"isGoryContent":false,"adultScore":0.002957518445327878,"racyScore":0.006952185183763504,"goreScore":0.00047723669558763504}},{"FrameIndex":9780,"Adult":{"isAdultContent":false,"isRacyContent":false,"isGoryContent":false,"adultScore":0.007120337337255478,"racyScore":0.01029627863317728,"goreScore":0.0005269567482173443}},{"FrameIndex":9810,"Adult":{"isAdultContent":false,"isRacyContent":false,"isGoryContent":false,"adultScore":0.0008873228216543794,"racyScore":0.0016028154641389847,"goreScore":0.00043503643246367574}},{"FrameIndex":9840,"Adult":{"isAdultContent":false,"isRacyContent":false,"isGoryContent":false,"adultScore":0.0069673494435846806,"racyScore":0.03360831364989281,"goreScore":0.0010160226374864578}},{"FrameIndex":9870,"Adult":{"isAdultContent":false,"isRacyContent":false,"isGoryContent":false,"adultScore":0.001535411924123764,"racyScore":0.007476211525499821,"goreScore":0.000357718177838251}},{"FrameIndex":9900,"Adult":{"isAdultContent":false,"isRacyContent":false,"isGoryContent":false,"adultScore":0.001282842131331563,"racyScore":0.0019730867352336645,"goreScore":0.002298906212672591}},{"FrameIndex":9930,"Adult":{"isAdultContent":false,"isRacyContent":false,"isGoryContent":false,"adultScore":0.0023563869763165712,"racyScore":0.0029026553966104984,"goreScore":0.0026855086907744408}},{"FrameIndex":9960,"Adult":{"isAdultContent":false,"isRacyContent":false,"isGoryContent":false,"adultScore":0.004733685869723558,"racyScore":0.013440275564789772,"goreScore":0.0006980322650633752}},{"FrameIndex":9990,"Adult":{"isAdultContent":false,"isRacyContent":false,"isGoryContent":false,"adultScore":0.004648551810532808,"racyScore":0.0101576317101717,"goreScore":0.0009024262544699013}},{"FrameIndex":10020,"Adult":{"isAdultContent":false,"isRacyContent":false,"isGoryContent":false,"adultScore":0.00430621113628149,"racyScore":0.010648844763636589,"goreScore":0.00110466533806175}},{"FrameIndex":10050,"Adult":{"isAdultContent":false,"isRacyContent":false,"isGoryContent":false,"adultScore":0.0054221679456532,"racyScore":0.037469517439603806,"goreScore":0.0033799258526414633}},{"FrameIndex":10080,"Adult":{"isAdultContent":false,"isRacyContent":false,"isGoryContent":false,"adultScore":0.005570742767304182,"racyScore":0.008916394785046577,"goreScore":0.006229732185602188}},{"FrameIndex":10110,"Adult":{"isAdultContent":false,"isRacyContent":false,"isGoryContent":false,"adultScore":0.0024104821495711803,"racyScore":0.009826790541410446,"goreScore":0.003930010367184877}},{"FrameIndex":10140,"Adult":{"isAdultContent":false,"isRacyContent":false,"isGoryContent":false,"adultScore":0.008845091797411442,"racyScore":0.023924168199300766,"goreScore":0.0027519208379089832}},{"FrameIndex":10170,"Adult":{"isAdultContent":false,"isRacyContent":false,"isGoryContent":false,"adultScore":0.009659572504460812,"racyScore":0.03315519541501999,"goreScore":0.005291489884257317}},{"FrameIndex":10200,"Adult":{"isAdultContent":false,"isRacyContent":false,"isGoryContent":false,"adultScore":0.0044034551829099655,"racyScore":0.015254550613462925,"goreScore":0.00946007575839758}},{"FrameIndex":10230,"Adult":{"isAdultContent":false,"isRacyContent":false,"isGoryContent":false,"adultScore":0.004238998983055353,"racyScore":0.01765500009059906,"goreScore":0.00497532868757844}},{"FrameIndex":10260,"Adult":{"isAdultContent":false,"isRacyContent":false,"isGoryContent":false,"adultScore":0.019466686993837357,"racyScore":0.12472669780254364,"goreScore":0.02269725129008293}},{"FrameIndex":10290,"Adult":{"isAdultContent":false,"isRacyContent":false,"isGoryContent":false,"adultScore":0.005789238028228283,"racyScore":0.028003353625535965,"goreScore":0.0031893018167465925}},{"FrameIndex":10320,"Adult":{"isAdultContent":false,"isRacyContent":false,"isGoryContent":false,"adultScore":0.011121227405965328,"racyScore":0.022215891629457474,"goreScore":0.0019696310628205538}},{"FrameIndex":10350,"Adult":{"isAdultContent":false,"isRacyContent":false,"isGoryContent":false,"adultScore":0.0008707033121027052,"racyScore":0.0022751500364392996,"goreScore":0.00028828135691583157}},{"FrameIndex":10380,"Adult":{"isAdultContent":false,"isRacyContent":false,"isGoryContent":false,"adultScore":0.004705608822405338,"racyScore":0.011062754318118095,"goreScore":0.001025721081532538}},{"FrameIndex":10410,"Adult":{"isAdultContent":false,"isRacyContent":false,"isGoryContent":false,"adultScore":0.0005032476619817317,"racyScore":0.0011392878368496895,"goreScore":0.0008501404081471264}},{"FrameIndex":10440,"Adult":{"isAdultContent":false,"isRacyContent":false,"isGoryContent":false,"adultScore":0.00046632668818347156,"racyScore":0.0019584069959819317,"goreScore":0.000379530421923846}},{"FrameIndex":10470,"Adult":{"isAdultContent":false,"isRacyContent":false,"isGoryContent":false,"adultScore":0.0010933554731309414,"racyScore":0.0029335971921682358,"goreScore":0.00047090131556615233}},{"FrameIndex":10500,"Adult":{"isAdultContent":false,"isRacyContent":false,"isGoryContent":false,"adultScore":0.004384778439998627,"racyScore":0.013446217402815819,"goreScore":0.0005892992485314608}},{"FrameIndex":10530,"Adult":{"isAdultContent":false,"isRacyContent":false,"isGoryContent":false,"adultScore":0.0019164921250194311,"racyScore":0.0056581152603030205,"goreScore":0.0007337293354794383}},{"FrameIndex":10560,"Adult":{"isAdultContent":false,"isRacyContent":false,"isGoryContent":false,"adultScore":0.005697242915630341,"racyScore":0.010156240314245224,"goreScore":0.0011769613483920693}},{"FrameIndex":10590,"Adult":{"isAdultContent":false,"isRacyContent":false,"isGoryContent":false,"adultScore":0.017551302909851074,"racyScore":0.040751732885837555,"goreScore":0.001974587794393301}},{"FrameIndex":10620,"Adult":{"isAdultContent":false,"isRacyContent":false,"isGoryContent":false,"adultScore":0.016985565423965454,"racyScore":0.06574039161205292,"goreScore":0.0015971229877322912}},{"FrameIndex":10650,"Adult":{"isAdultContent":false,"isRacyContent":false,"isGoryContent":false,"adultScore":0.0052830856293439865,"racyScore":0.036264099180698395,"goreScore":0.004944011569023132}},{"FrameIndex":10680,"Adult":{"isAdultContent":false,"isRacyContent":false,"isGoryContent":false,"adultScore":0.006385852582752705,"racyScore":0.03269568085670471,"goreScore":0.012356993742287159}},{"FrameIndex":10710,"Adult":{"isAdultContent":false,"isRacyContent":false,"isGoryContent":false,"adultScore":0.003231579903513193,"racyScore":0.007072808220982552,"goreScore":0.003903427394106984}},{"FrameIndex":10740,"Adult":{"isAdultContent":false,"isRacyContent":false,"isGoryContent":false,"adultScore":0.01446711178869009,"racyScore":0.029343079775571823,"goreScore":0.07077529281377792}},{"FrameIndex":10770,"Adult":{"isAdultContent":false,"isRacyContent":false,"isGoryContent":false,"adultScore":0.00868354644626379,"racyScore":0.03976062312722206,"goreScore":0.02694689854979515}},{"FrameIndex":10800,"Adult":{"isAdultContent":false,"isRacyContent":false,"isGoryContent":false,"adultScore":0.005543246865272522,"racyScore":0.023563766852021217,"goreScore":0.02002820558845997}},{"FrameIndex":10830,"Adult":{"isAdultContent":false,"isRacyContent":false,"isGoryContent":false,"adultScore":0.0198751762509346,"racyScore":0.06370702385902405,"goreScore":0.009916438721120358}},{"FrameIndex":10860,"Adult":{"isAdultContent":false,"isRacyContent":false,"isGoryContent":false,"adultScore":0.03146090358495712,"racyScore":0.14783096313476562,"goreScore":0.016494590789079666}},{"FrameIndex":10890,"Adult":{"isAdultContent":false,"isRacyContent":false,"isGoryContent":false,"adultScore":0.01611381769180298,"racyScore":0.0364593043923378,"goreScore":0.01492156833410263}},{"FrameIndex":10920,"Adult":{"isAdultContent":false,"isRacyContent":false,"isGoryContent":false,"adultScore":0.005502475891262293,"racyScore":0.007604178041219711,"goreScore":0.006250851787626743}},{"FrameIndex":10950,"Adult":{"isAdultContent":false,"isRacyContent":false,"isGoryContent":false,"adultScore":0.005441851448267698,"racyScore":0.007865805178880692,"goreScore":0.005878629628568888}},{"FrameIndex":10980,"Adult":{"isAdultContent":false,"isRacyContent":false,"isGoryContent":false,"adultScore":0.017670482397079468,"racyScore":0.02221803553402424,"goreScore":0.26960650086402893}},{"FrameIndex":11010,"Adult":{"isAdultContent":false,"isRacyContent":false,"isGoryContent":false,"adultScore":0.027240050956606865,"racyScore":0.0351194366812706,"goreScore":0.21219570934772491}},{"FrameIndex":11040,"Adult":{"isAdultContent":false,"isRacyContent":false,"isGoryContent":false,"adultScore":0.01996566541492939,"racyScore":0.023119313642382622,"goreScore":0.22005173563957214}},{"FrameIndex":11070,"Adult":{"isAdultContent":false,"isRacyContent":false,"isGoryContent":false,"adultScore":0.021453889086842537,"racyScore":0.025277521461248398,"goreScore":0.13057726621627808}},{"FrameIndex":11100,"Adult":{"isAdultContent":false,"isRacyContent":false,"isGoryContent":false,"adultScore":0.019669489935040474,"racyScore":0.022448010742664337,"goreScore":0.11969827860593796}},{"FrameIndex":11130,"Adult":{"isAdultContent":false,"isRacyContent":false,"isGoryContent":false,"adultScore":0.01407744362950325,"racyScore":0.01658254861831665,"goreScore":0.04524334892630577}},{"FrameIndex":11160,"Adult":{"isAdultContent":false,"isRacyContent":false,"isGoryContent":false,"adultScore":0.0010645365109667182,"racyScore":0.001739625702612102,"goreScore":0.000535018218215555}},{"FrameIndex":11190,"Adult":{"isAdultContent":false,"isRacyContent":false,"isGoryContent":false,"adultScore":0.024409795179963112,"racyScore":0.03133798763155937,"goreScore":0.04988958686590195}},{"FrameIndex":11220,"Adult":{"isAdultContent":false,"isRacyContent":false,"isGoryContent":false,"adultScore":0.017645716667175293,"racyScore":0.02129075862467289,"goreScore":0.07806456834077835}},{"FrameIndex":11250,"Adult":{"isAdultContent":false,"isRacyContent":false,"isGoryContent":false,"adultScore":0.019916480407118797,"racyScore":0.02923068404197693,"goreScore":0.03986789658665657}},{"FrameIndex":11280,"Adult":{"isAdultContent":false,"isRacyContent":false,"isGoryContent":false,"adultScore":0.01899811625480652,"racyScore":0.03396964818239212,"goreScore":0.018440738320350647}},{"FrameIndex":11310,"Adult":{"isAdultContent":false,"isRacyContent":false,"isGoryContent":false,"adultScore":0.001201427774503827,"racyScore":0.002033524913713336,"goreScore":0.0009003888699226081}},{"FrameIndex":11340,"Adult":{"isAdultContent":false,"isRacyContent":false,"isGoryContent":false,"adultScore":0.001090883743017912,"racyScore":0.001934209605678916,"goreScore":0.00104974873829633}},{"FrameIndex":11370,"Adult":{"isAdultContent":false,"isRacyContent":false,"isGoryContent":false,"adultScore":0.0018471117364242673,"racyScore":0.0031503208447247744,"goreScore":0.001871313201263547}},{"FrameIndex":11400,"Adult":{"isAdultContent":false,"isRacyContent":false,"isGoryContent":false,"adultScore":0.016248634085059166,"racyScore":0.025404425337910652,"goreScore":0.00611513527110219}},{"FrameIndex":11430,"Adult":{"isAdultContent":false,"isRacyContent":false,"isGoryContent":false,"adultScore":0.019772114232182503,"racyScore":0.029539309442043304,"goreScore":0.015810854732990265}},{"FrameIndex":11460,"Adult":{"isAdultContent":false,"isRacyContent":false,"isGoryContent":false,"adultScore":0.012133108451962471,"racyScore":0.05139966309070587,"goreScore":0.006887207739055157}},{"FrameIndex":11490,"Adult":{"isAdultContent":false,"isRacyContent":false,"isGoryContent":false,"adultScore":0.01994975656270981,"racyScore":0.025928905233740807,"goreScore":0.022390129044651985}},{"FrameIndex":11520,"Adult":{"isAdultContent":false,"isRacyContent":false,"isGoryContent":false,"adultScore":0.013685276731848717,"racyScore":0.016626954078674316,"goreScore":0.008419724181294441}},{"FrameIndex":11550,"Adult":{"isAdultContent":false,"isRacyContent":false,"isGoryContent":false,"adultScore":0.019581252709031105,"racyScore":0.02444387599825859,"goreScore":0.00817134790122509}},{"FrameIndex":11580,"Adult":{"isAdultContent":false,"isRacyContent":false,"isGoryContent":false,"adultScore":0.03055846132338047,"racyScore":0.03574032336473465,"goreScore":0.16003471612930298}},{"FrameIndex":11610,"Adult":{"isAdultContent":false,"isRacyContent":false,"isGoryContent":false,"adultScore":0.033417411148548126,"racyScore":0.04385237768292427,"goreScore":0.13659842312335968}},{"FrameIndex":11640,"Adult":{"isAdultContent":false,"isRacyContent":false,"isGoryContent":false,"adultScore":0.03747304156422615,"racyScore":0.046079814434051514,"goreScore":0.026058871299028397}},{"FrameIndex":11670,"Adult":{"isAdultContent":false,"isRacyContent":false,"isGoryContent":false,"adultScore":0.028334438800811768,"racyScore":0.037089280784130096,"goreScore":0.015080634504556656}},{"FrameIndex":11700,"Adult":{"isAdultContent":false,"isRacyContent":false,"isGoryContent":false,"adultScore":0.024958407506346703,"racyScore":0.03482288494706154,"goreScore":0.020169736817479134}},{"FrameIndex":11730,"Adult":{"isAdultContent":false,"isRacyContent":false,"isGoryContent":false,"adultScore":0.05710382014513016,"racyScore":0.06790164858102798,"goreScore":0.07213873416185379}},{"FrameIndex":11760,"Adult":{"isAdultContent":false,"isRacyContent":false,"isGoryContent":false,"adultScore":0.07610515505075455,"racyScore":0.18050622940063477,"goreScore":0.06008358299732208}},{"FrameIndex":11790,"Adult":{"isAdultContent":false,"isRacyContent":false,"isGoryContent":false,"adultScore":0.1060851588845253,"racyScore":0.149874746799469,"goreScore":0.061328645795583725}},{"FrameIndex":11820,"Adult":{"isAdultContent":false,"isRacyContent":false,"isGoryContent":false,"adultScore":0.03245358169078827,"racyScore":0.03796691447496414,"goreScore":0.03619619458913803}},{"FrameIndex":11850,"Adult":{"isAdultContent":false,"isRacyContent":false,"isGoryContent":false,"adultScore":0.021626288071274757,"racyScore":0.024442363530397415,"goreScore":0.01956832781434059}},{"FrameIndex":11880,"Adult":{"isAdultContent":false,"isRacyContent":false,"isGoryContent":false,"adultScore":0.008108668029308319,"racyScore":0.009334523230791092,"goreScore":0.027643628418445587}},{"FrameIndex":11910,"Adult":{"isAdultContent":false,"isRacyContent":false,"isGoryContent":false,"adultScore":0.01764794997870922,"racyScore":0.019853174686431885,"goreScore":0.03877939656376839}},{"FrameIndex":11940,"Adult":{"isAdultContent":false,"isRacyContent":false,"isGoryContent":false,"adultScore":0.012600262649357319,"racyScore":0.01573675125837326,"goreScore":0.08651972562074661}},{"FrameIndex":11970,"Adult":{"isAdultContent":false,"isRacyContent":false,"isGoryContent":false,"adultScore":0.012861773371696472,"racyScore":0.01482195220887661,"goreScore":0.045770835131406784}},{"FrameIndex":12000,"Adult":{"isAdultContent":false,"isRacyContent":false,"isGoryContent":false,"adultScore":0.02100900188088417,"racyScore":0.027677712962031364,"goreScore":0.030932918190956116}},{"FrameIndex":12030,"Adult":{"isAdultContent":false,"isRacyContent":false,"isGoryContent":false,"adultScore":0.0035167562309652567,"racyScore":0.01474335789680481,"goreScore":0.0048178620636463165}},{"FrameIndex":12060,"Adult":{"isAdultContent":false,"isRacyContent":false,"isGoryContent":false,"adultScore":0.004330886993557215,"racyScore":0.018464813008904457,"goreScore":0.0036688416730612516}},{"FrameIndex":12090,"Adult":{"isAdultContent":false,"isRacyContent":false,"isGoryContent":false,"adultScore":0.0015327706933021545,"racyScore":0.007849754765629768,"goreScore":0.001507358974777162}},{"FrameIndex":12120,"Adult":{"isAdultContent":false,"isRacyContent":false,"isGoryContent":false,"adultScore":0.00138358143158257,"racyScore":0.002250200603157282,"goreScore":0.0006719792145304382}},{"FrameIndex":12150,"Adult":{"isAdultContent":false,"isRacyContent":false,"isGoryContent":false,"adultScore":0.0009837524266913533,"racyScore":0.001733041601255536,"goreScore":0.0006628032424487174}},{"FrameIndex":12180,"Adult":{"isAdultContent":false,"isRacyContent":false,"isGoryContent":false,"adultScore":0.0011271388502791524,"racyScore":0.0020170356146991253,"goreScore":0.00085305271204561}},{"FrameIndex":12210,"Adult":{"isAdultContent":false,"isRacyContent":false,"isGoryContent":false,"adultScore":0.0011162608861923218,"racyScore":0.002047432353720069,"goreScore":0.0008990869391709566}},{"FrameIndex":12240,"Adult":{"isAdultContent":false,"isRacyContent":false,"isGoryContent":false,"adultScore":0.0028174715116620064,"racyScore":0.003988468553870916,"goreScore":0.0005578328273259103}},{"FrameIndex":12270,"Adult":{"isAdultContent":false,"isRacyContent":false,"isGoryContent":false,"adultScore":0.005378409288823605,"racyScore":0.00882530678063631,"goreScore":0.0008344690431840718}},{"FrameIndex":12300,"Adult":{"isAdultContent":false,"isRacyContent":false,"isGoryContent":false,"adultScore":0.0011431312886998057,"racyScore":0.0029077883809804916,"goreScore":0.0001954727340489626}},{"FrameIndex":12330,"Adult":{"isAdultContent":false,"isRacyContent":false,"isGoryContent":false,"adultScore":0.00157658860553056,"racyScore":0.0026668240316212177,"goreScore":0.0007430598489008844}},{"FrameIndex":12360,"Adult":{"isAdultContent":false,"isRacyContent":false,"isGoryContent":false,"adultScore":0.0008039182866923511,"racyScore":0.0015790392644703388,"goreScore":0.0006258799112401903}},{"FrameIndex":12390,"Adult":{"isAdultContent":false,"isRacyContent":false,"isGoryContent":false,"adultScore":0.0009478001738898456,"racyScore":0.0017981790006160736,"goreScore":0.0006584780639968812}},{"FrameIndex":12420,"Adult":{"isAdultContent":false,"isRacyContent":false,"isGoryContent":false,"adultScore":0.002944784238934517,"racyScore":0.00402995478361845,"goreScore":0.00033838479430414736}},{"FrameIndex":12450,"Adult":{"isAdultContent":false,"isRacyContent":false,"isGoryContent":false,"adultScore":0.01188201829791069,"racyScore":0.014648784883320332,"goreScore":0.0008767627878114581}},{"FrameIndex":12480,"Adult":{"isAdultContent":false,"isRacyContent":false,"isGoryContent":false,"adultScore":0.019647488370537758,"racyScore":0.021452661603689194,"goreScore":0.001829906483180821}},{"FrameIndex":12510,"Adult":{"isAdultContent":false,"isRacyContent":false,"isGoryContent":false,"adultScore":0.0011149237398058176,"racyScore":0.0019521547947078943,"goreScore":0.0006394450319930911}},{"FrameIndex":12540,"Adult":{"isAdultContent":false,"isRacyContent":false,"isGoryContent":false,"adultScore":0.001141676097176969,"racyScore":0.0020338688045740128,"goreScore":0.0006431312067434192}},{"FrameIndex":12570,"Adult":{"isAdultContent":false,"isRacyContent":false,"isGoryContent":false,"adultScore":0.0011471844045445323,"racyScore":0.002014787867665291,"goreScore":0.0006041801534593105}},{"FrameIndex":12600,"Adult":{"isAdultContent":false,"isRacyContent":false,"isGoryContent":false,"adultScore":0.0013011903502047062,"racyScore":0.0022338125854730606,"goreScore":0.0007821875624358654}},{"FrameIndex":12630,"Adult":{"isAdultContent":false,"isRacyContent":false,"isGoryContent":false,"adultScore":0.0007996179047040641,"racyScore":0.0016951179131865501,"goreScore":0.00045105977915227413}},{"FrameIndex":12660,"Adult":{"isAdultContent":false,"isRacyContent":false,"isGoryContent":false,"adultScore":0.00040856609120965004,"racyScore":0.0014642694732174277,"goreScore":0.00023842122755013406}},{"FrameIndex":12690,"Adult":{"isAdultContent":false,"isRacyContent":false,"isGoryContent":false,"adultScore":9.385891462443396E-05,"racyScore":0.0018601678311824799,"goreScore":0.0002470712934155017}},{"FrameIndex":12720,"Adult":{"isAdultContent":false,"isRacyContent":false,"isGoryContent":false,"adultScore":0.009871476329863071,"racyScore":0.023983031511306763,"goreScore":0.0016419950406998396}},{"FrameIndex":12750,"Adult":{"isAdultContent":false,"isRacyContent":false,"isGoryContent":false,"adultScore":0.009407216683030128,"racyScore":0.0127458106726408,"goreScore":0.0008178480202332139}},{"FrameIndex":12780,"Adult":{"isAdultContent":false,"isRacyContent":false,"isGoryContent":false,"adultScore":0.005039858166128397,"racyScore":0.006993735209107399,"goreScore":0.0006735635106451809}},{"FrameIndex":12810,"Adult":{"isAdultContent":false,"isRacyContent":false,"isGoryContent":false,"adultScore":0.0066095031797885895,"racyScore":0.009139496833086014,"goreScore":0.000763469550292939}}]}