{"Fps":29.97002997002997,"Results":[{"FrameIndex":0,"Adult":{"isAdultContent":false,"isRacyContent":false,"isGoryContent":false,"adultScore":0.007231005933135748,"racyScore":0.009759325534105301,"goreScore":0.0013103053206577897}},{"FrameIndex":30,"Adult":{"isAdultContent":false,"isRacyContent":false,"isGoryContent":false,"adultScore":0.005117057356983423,"racyScore":0.007393702864646912,"goreScore":0.0008307942771352828}},{"FrameIndex":60,"Adult":{"isAdultContent":false,"isRacyContent":false,"isGoryContent":false,"adultScore":0.0029776040464639664,"racyScore":0.004044154658913612,"goreScore":0.0008787246188148856}},{"FrameIndex":90,"Adult":{"isAdultContent":false,"isRacyContent":false,"isGoryContent":false,"adultScore":0.002431275323033333,"racyScore":0.003413677215576172,"goreScore":0.0007915795431472361}},{"FrameIndex":120,"Adult":{"isAdultContent":false,"isRacyContent":false,"isGoryContent":false,"adultScore":0.0018479364225640893,"racyScore":0.0026796835009008646,"goreScore":0.0007046760874800384}},{"FrameIndex":150,"Adult":{"isAdultContent":false,"isRacyContent":false,"isGoryContent":false,"adultScore":0.002058198908343911,"racyScore":0.002933755051344633,"goreScore":0.0007744251051917672}},{"FrameIndex":180,"Adult":{"isAdultContent":false,"isRacyContent":false,"isGoryContent":false,"adultScore":0.0016520614735782146,"racyScore":0.0032886923290789127,"goreScore":0.0008864885894581676}},{"FrameIndex":210,"Adult":{"isAdultContent":false,"isRacyContent":false,"isGoryContent":false,"adultScore":0.007179670035839081,"racyScore":0.012728430330753326,"goreScore":0.0017534652724862099}},{"FrameIndex":240,"Adult":{"isAdultContent":false,"isRacyContent":false,"isGoryContent":false,"adultScore":0.0018340146634727716,"racyScore":0.005108010023832321,"goreScore":0.0007255059317685664}},{"FrameIndex":270,"Adult":{"isAdultContent":false,"isRacyContent":false,"isGoryContent":false,"adultScore":0.0026438578497618437,"racyScore":0.0054625533521175385,"goreScore":0.0015619989717379212}},{"FrameIndex":300,"Adult":{"isAdultContent":false,"isRacyContent":false,"isGoryContent":false,"adultScore":0.00030312524177134037,"racyScore":0.0012599636102095246,"goreScore":0.0003327367012389004}},{"FrameIndex":330,"Adult":{"isAdultContent":false,"isRacyContent":false,"isGoryContent":false,"adultScore":0.001514445524662733,"racyScore":0.00421732384711504,"goreScore":0.0006436872063204646}},{"FrameIndex":360,"Adult":{"isAdultContent":false,"isRacyContent":false,"isGoryContent":false,"adultScore":0.008666333742439747,"racyScore":0.012027381919324398,"goreScore":0.04417312890291214}},{"FrameIndex":390,"Adult":{"isAdultContent":false,"isRacyContent":false,"isGoryContent":false,"adultScore":0.008697465062141418,"racyScore":0.011050224304199219,"goreScore":0.13886211812496185}},{"FrameIndex":420,"Adult":{"isAdultContent":false,"isRacyContent":false,"isGoryContent":false,"adultScore":0.01141356397420168,"racyScore":0.02014133892953396,"goreScore":0.295687198638916}},{"FrameIndex":450,"Adult":{"isAdultContent":false,"isRacyContent":false,"isGoryContent":false,"adultScore":0.011829747818410397,"racyScore":0.020412834361195564,"goreScore":0.2811938524246216}},{"FrameIndex":480,"Adult":{"isAdultContent":false,"isRacyContent":false,"isGoryContent":false,"adultScore":0.014645438641309738,"racyScore":0.02635343000292778,"goreScore":0.2580321431159973}},{"FrameIndex":510,"Adult":{"isAdultContent":false,"isRacyContent":false,"isGoryContent":false,"adultScore":0.016305888071656227,"racyScore":0.02884569764137268,"goreScore":0.3163650929927826}},{"FrameIndex":540,"Adult":{"isAdultContent":false,"isRacyContent":false,"isGoryContent":false,"adultScore":0.019205085933208466,"racyScore":0.02593877725303173,"goreScore":0.1668885052204132}},{"FrameIndex":570,"Adult":{"isAdultContent":false,"isRacyContent":false,"isGoryContent":false,"adultScore":0.025331176817417145,"racyScore":0.03731909394264221,"goreScore":0.15668678283691406}},{"FrameIndex":600,"Adult":{"isAdultContent":false,"isRacyContent":false,"isGoryContent":false,"adultScore":0.012266113422811031,"racyScore":0.017124798148870468,"goreScore":0.1819455474615097}},{"FrameIndex":630,"Adult":{"isAdultContent":false,"isRacyContent":false,"isGoryContent":false,"adultScore":0.014046220108866692,"racyScore":0.019402656704187393,"goreScore":0.20945888757705688}},{"FrameIndex":660,"Adult":{"isAdultContent":false,"isRacyContent":false,"isGoryContent":false,"adultScore":0.006265623960644007,"racyScore":0.008466839790344238,"goreScore":0.11323050409555435}},{"FrameIndex":690,"Adult":{"isAdultContent":false,"isRacyContent":false,"isGoryContent":false,"adultScore":0.007117427885532379,"racyScore":0.009975004941225052,"goreScore":0.09973438829183578}},{"FrameIndex":720,"Adult":{"isAdultContent":false,"isRacyContent":false,"isGoryContent":false,"adultScore":0.007167001720517874,"racyScore":0.01001683995127678,"goreScore":0.14806585013866425}},{"FrameIndex":750,"Adult":{"isAdultContent":false,"isRacyContent":false,"isGoryContent":false,"adultScore":0.011185966432094574,"racyScore":0.01171937957406044,"goreScore":0.0011167904594913125}},{"FrameIndex":780,"Adult":{"isAdultContent":false,"isRacyContent":false,"isGoryContent":false,"adultScore":0.007504766341298819,"racyScore":0.00843716412782669,"goreScore":0.00519220856949687}},{"FrameIndex":810,"Adult":{"isAdultContent":false,"isRacyContent":false,"isGoryContent":false,"adultScore":0.0062644812278449535,"racyScore":0.02150524966418743,"goreScore":0.0017032684991136193}},{"FrameIndex":840,"Adult":{"isAdultContent":false,"isRacyContent":false,"isGoryContent":false,"adultScore":0.003880127565935254,"racyScore":0.027570461854338646,"goreScore":0.0018498451681807637}},{"FrameIndex":870,"Adult":{"isAdultContent":false,"isRacyContent":false,"isGoryContent":false,"adultScore":0.00857826042920351,"racyScore":0.03478989377617836,"goreScore":0.0022169696167111397}},{"FrameIndex":900,"Adult":{"isAdultContent":false,"isRacyContent":false,"isGoryContent":false,"adultScore":0.0021918481215834618,"racyScore":0.015724051743745804,"goreScore":0.0017436905764043331}},{"FrameIndex":930,"Adult":{"isAdultContent":false,"isRacyContent":false,"isGoryContent":false,"adultScore":0.0033362568356096745,"racyScore":0.01326078176498413,"goreScore":0.0014266666257753968}},{"FrameIndex":960,"Adult":{"isAdultContent":false,"isRacyContent":false,"isGoryContent":false,"adultScore":0.008946588262915611,"racyScore":0.022811200469732285,"goreScore":0.004454195033758879}},{"FrameIndex":990,"Adult":{"isAdultContent":false,"isRacyContent":false,"isGoryContent":false,"adultScore":0.004142151214182377,"racyScore":0.00487000634893775,"goreScore":0.0016129992436617613}},{"FrameIndex":1020,"Adult":{"isAdultContent":false,"isRacyContent":false,"isGoryContent":false,"adultScore":0.005716514308005571,"racyScore":0.00716765271499753,"goreScore":0.002519504865631461}},{"FrameIndex":1050,"Adult":{"isAdultContent":false,"isRacyContent":false,"isGoryContent":false,"adultScore":0.009594283998012543,"racyScore":0.010672340169548988,"goreScore":0.011251856572926044}},{"FrameIndex":1080,"Adult":{"isAdultContent":false,"isRacyContent":false,"isGoryContent":false,"adultScore":0.005154814105480909,"racyScore":0.006395944859832525,"goreScore":0.00490517308935523}},{"FrameIndex":1110,"Adult":{"isAdultContent":false,"isRacyContent":false,"isGoryContent":false,"adultScore":0.006492345128208399,"racyScore":0.008977378718554974,"goreScore":0.0037116992752999067}},{"FrameIndex":1140,"Adult":{"isAdultContent":false,"isRacyContent":false,"isGoryContent":false,"adultScore":0.0030092145316302776,"racyScore":0.005286191124469042,"goreScore":0.00032055535120889544}},{"FrameIndex":1170,"Adult":{"isAdultContent":false,"isRacyContent":false,"isGoryContent":false,"adultScore":0.002807815559208393,"racyScore":0.010037453845143318,"goreScore":0.0006613862351514399}},{"FrameIndex":1200,"Adult":{"isAdultContent":false,"isRacyContent":false,"isGoryContent":false,"adultScore":0.003611985594034195,"racyScore":0.005988339893519878,"goreScore":0.0008632605895400047}},{"FrameIndex":1230,"Adult":{"isAdultContent":false,"isRacyContent":false,"isGoryContent":false,"adultScore":0.00538725545629859,"racyScore":0.01794476807117462,"goreScore":0.0006930840318091214}},{"FrameIndex":1260,"Adult":{"isAdultContent":false,"isRacyContent":false,"isGoryContent":false,"adultScore":0.00017112695786636323,"racyScore":0.0007883451762609184,"goreScore":0.00014260593161452562}},{"FrameIndex":1290,"Adult":{"isAdultContent":false,"isRacyContent":false,"isGoryContent":false,"adultScore":0.0008920944528654218,"racyScore":0.0018353224731981754,"goreScore":0.0005990167264826596}},{"FrameIndex":1320,"Adult":{"isAdultContent":false,"isRacyContent":false,"isGoryContent":false,"adultScore":0.003877701936289668,"racyScore":0.005219416227191687,"goreScore":0.004355581011623144}},{"FrameIndex":1350,"Adult":{"isAdultContent":false,"isRacyContent":false,"isGoryContent":false,"adultScore":0.00372903048992157,"racyScore":0.004948728252202272,"goreScore":0.004777783527970314}},{"FrameIndex":1380,"Adult":{"isAdultContent":false,"isRacyContent":false,"isGoryContent":false,"adultScore":0.0035049524158239365,"racyScore":0.004755754955112934,"goreScore":0.004636038094758987}},{"FrameIndex":1410,"Adult":{"isAdultContent":false,"isRacyContent":false,"isGoryContent":false,"adultScore":0.004412754438817501,"racyScore":0.03323083743453026,"goreScore":0.0009539028978906572}},{"FrameIndex":1440,"Adult":{"isAdultContent":false,"isRacyContent":false,"isGoryContent":false,"adultScore":0.016492240130901337,"racyScore":0.026485711336135864,"goreScore":0.0021639622282236814}},{"FrameIndex":1470,"Adult":{"isAdultContent":false,"isRacyContent":false,"isGoryContent":false,"adultScore":0.009040294215083122,"racyScore":0.051816463470458984,"goreScore":0.0012186462990939617}},{"FrameIndex":1500,"Adult":{"isAdultContent":false,"isRacyContent":false,"isGoryContent":false,"adultScore":0.005648353137075901,"racyScore":0.03966842219233513,"goreScore":0.0011635462287813425}},{"FrameIndex":1530,"Adult":{"isAdultContent":false,"isRacyContent":false,"isGoryContent":false,"adultScore":0.33300110697746277,"racyScore":0.4819493293762207,"goreScore":0.04857858270406723}},{"FrameIndex":1560,"Adult":{"isAdultContent":false,"isRacyContent":false,"isGoryContent":false,"adultScore":0.3974657952785492,"racyScore":0.514816403388977,"goreScore":0.04461371898651123}},{"FrameIndex":1590,"Adult":{"isAdultContent":false,"isRacyContent":false,"isGoryContent":false,"adultScore":0.346440851688385,"racyScore":0.4572145640850067,"goreScore":0.07443587481975555}},{"FrameIndex":1620,"Adult":{"isAdultContent":false,"isRacyContent":false,"isGoryContent":false,"adultScore":0.0020924347918480635,"racyScore":0.00441417470574379,"goreScore":0.0011374910827726126}},{"FrameIndex":1650,"Adult":{"isAdultContent":false,"isRacyContent":false,"isGoryContent":false,"adultScore":0.0027974534314125776,"racyScore":0.005049162544310093,"goreScore":0.0012247186386957765}},{"FrameIndex":1680,"Adult":{"isAdultContent":false,"isRacyContent":false,"isGoryContent":false,"adultScore":0.0027304263785481453,"racyScore":0.005564643070101738,"goreScore":0.0017063351115211844}},{"FrameIndex":1710,"Adult":{"isAdultContent":false,"isRacyContent":false,"isGoryContent":false,"adultScore":0.012426294386386871,"racyScore":0.015322254039347172,"goreScore":0.11324304342269897}},{"FrameIndex":1740,"Adult":{"isAdultContent":false,"isRacyContent":false,"isGoryContent":false,"adultScore":0.011685941368341446,"racyScore":0.018998879939317703,"goreScore":0.40201616287231445}},{"FrameIndex":1770,"Adult":{"isAdultContent":false,"isRacyContent":false,"isGoryContent":false,"adultScore":0.004046765621751547,"racyScore":0.005368640646338463,"goreScore":0.005202097352594137}},{"FrameIndex":1800,"Adult":{"isAdultContent":true,"isRacyContent":false,"isGoryContent":false,"adultScore":0.8871974349021912,"racyScore":0.9472813606262207,"goreScore":0.012481402605772018}},{"FrameIndex":1830,"Adult":{"isAdultContent":false,"isRacyContent":false,"isGoryContent":false,"adultScore":0.014844651333987713,"racyScore":0.021289793774485588,"goreScore":0.4828016757965088}},{"FrameIndex":1860,"Adult":{"isAdultContent":false,"isRacyContent":false,"isGoryContent":false,"adultScore":0.019468866288661957,"racyScore":0.026389632374048233,"goreScore":0.4847887456417084}},{"FrameIndex":1890,"Adult":{"isAdultContent":false,"isRacyContent":false,"isGoryContent":false,"adultScore":0.017183545976877213,"racyScore":0.023717671632766724,"goreScore":0.43902066349983215}},{"FrameIndex":1920,"Adult":{"isAdultContent":false,"isRacyContent":false,"isGoryContent":false,"adultScore":0.032401103526353836,"racyScore":0.043382130563259125,"goreScore":0.3146701455116272}},{"FrameIndex":1950,"Adult":{"isAdultContent":false,"isRacyContent":false,"isGoryContent":false,"adultScore":0.6792967319488525,"racyScore":0.7686626315116882,"goreScore":0.03315672278404236}},{"FrameIndex":1980,"Adult":{"isAdultContent":false,"isRacyContent":false,"isGoryContent":false,"adultScore":0.0024220088962465525,"racyScore":0.021313501521945,"goreScore":0.0024966858327388763}},{"FrameIndex":2010,"Adult":{"isAdultContent":false,"isRacyContent":false,"isGoryContent":false,"adultScore":0.003945453092455864,"racyScore":0.0059411367401480675,"goreScore":0.0025134433526545763}},{"FrameIndex":2040,"Adult":{"isAdultContent":false,"isRacyContent":false,"isGoryContent":false,"adultScore":0.00286048068664968,"racyScore":0.004007285926491022,"goreScore":0.003138143802061677}},{"FrameIndex":2070,"Adult":{"isAdultContent":false,"isRacyContent":false,"isGoryContent":false,"adultScore":0.0014942593406885862,"racyScore":0.002501544076949358,"goreScore":0.0011458025546744466}},{"FrameIndex":2100,"Adult":{"isAdultContent":false,"isRacyContent":false,"isGoryContent":false,"adultScore":0.11776544898748398,"racyScore":0.13003121316432953,"goreScore":0.012163201346993446}},{"FrameIndex":2130,"Adult":{"isAdultContent":false,"isRacyContent":false,"isGoryContent":false,"adultScore":0.012620899826288223,"racyScore":0.01621752232313156,"goreScore":0.005372190847992897}},{"FrameIndex":2160,"Adult":{"isAdultContent":false,"isRacyContent":false,"isGoryContent":false,"adultScore":0.0009900231380015612,"racyScore":0.0017875797348096967,"goreScore":0.000962275022175163}},{"FrameIndex":2190,"Adult":{"isAdultContent":false,"isRacyContent":false,"isGoryContent":false,"adultScore":0.010411296039819717,"racyScore":0.012583447620272636,"goreScore":0.03772149607539177}},{"FrameIndex":2220,"Adult":{"isAdultContent":false,"isRacyContent":false,"isGoryContent":false,"adultScore":0.006021716631948948,"racyScore":0.007773201912641525,"goreScore":0.03164305165410042}},{"FrameIndex":2250,"Adult":{"isAdultContent":false,"isRacyContent":false,"isGoryContent":false,"adultScore":0.00738243293017149,"racyScore":0.00909004732966423,"goreScore":0.04564494639635086}},{"FrameIndex":2280,"Adult":{"isAdultContent":false,"isRacyContent":false,"isGoryContent":false,"adultScore":0.019046135246753693,"racyScore":0.022165950387716293,"goreScore":0.10734307765960693}},{"FrameIndex":2310,"Adult":{"isAdultContent":false,"isRacyContent":false,"isGoryContent":false,"adultScore":0.0034958270844072104,"racyScore":0.005655977874994278,"goreScore":0.00357392942532897}},{"FrameIndex":2340,"Adult":{"isAdultContent":false,"isRacyContent":false,"isGoryContent":false,"adultScore":0.007808676455169916,"racyScore":0.011547032743692398,"goreScore":0.00698326388373971}},{"FrameIndex":2370,"Adult":{"isAdultContent":false,"isRacyContent":false,"isGoryContent":false,"adultScore":0.002466708654537797,"racyScore":0.0039412155747413635,"goreScore":0.006953959818929434}},{"FrameIndex":2400,"Adult":{"isAdultContent":false,"isRacyContent":false,"isGoryContent":false,"adultScore":0.0023618252016603947,"racyScore":0.0035287076607346535,"goreScore":0.007732069119811058}},{"FrameIndex":2430,"Adult":{"isAdultContent":false,"isRacyContent":false,"isGoryContent":false,"adultScore":0.00246818526647985,"racyScore":0.003867632709443569,"goreScore":0.021137019619345665}},{"FrameIndex":2460,"Adult":{"isAdultContent":false,"isRacyContent":false,"isGoryContent":false,"adultScore":0.0023088937159627676,"racyScore":0.0033934451639652252,"goreScore":0.02608308009803295}},{"FrameIndex":2490,"Adult":{"isAdultContent":false,"isRacyContent":false,"isGoryContent":false,"adultScore":0.0018800979014486074,"racyScore":0.0031246726866811514,"goreScore":0.00040280635585077107}},{"FrameIndex":2520,"Adult":{"isAdultContent":false,"isRacyContent":false,"isGoryContent":false,"adultScore":0.0020852303132414818,"racyScore":0.0036725751124322414,"goreScore":0.0005781222134828568}},{"FrameIndex":2550,"Adult":{"isAdultContent":false,"isRacyContent":false,"isGoryContent":false,"adultScore":0.001532151480205357,"racyScore":0.0030837731901556253,"goreScore":0.00047125047422014177}},{"FrameIndex":2580,"Adult":{"isAdultContent":false,"isRacyContent":false,"isGoryContent":false,"adultScore":0.0015461011789739132,"racyScore":0.0028177406638860703,"goreScore":0.0005061905249021947}},{"FrameIndex":2610,"Adult":{"isAdultContent":false,"isRacyContent":false,"isGoryContent":false,"adultScore":0.0018430069321766496,"racyScore":0.003261580830439925,"goreScore":0.000620648730546236}},{"FrameIndex":2640,"Adult":{"isAdultContent":false,"isRacyContent":false,"isGoryContent":false,"adultScore":0.004611262585967779,"racyScore":0.00955195166170597,"goreScore":0.0008479561656713486}},{"FrameIndex":2670,"Adult":{"isAdultContent":false,"isRacyContent":false,"isGoryContent":false,"adultScore":0.005128698423504829,"racyScore":0.00889235083013773,"goreScore":0.0009668053244240582}},{"FrameIndex":2700,"Adult":{"isAdultContent":false,"isRacyContent":false,"isGoryContent":false,"adultScore":0.0017248517833650112,"racyScore":0.003488353919237852,"goreScore":0.00046023051254451275}},{"FrameIndex":2730,"Adult":{"isAdultContent":false,"isRacyContent":false,"isGoryContent":false,"adultScore":0.0071518998593091965,"racyScore":0.00912359170615673,"goreScore":0.06386552006006241}},{"FrameIndex":2760,"Adult":{"isAdultContent":false,"isRacyContent":false,"isGoryContent":false,"adultScore":0.0031702795531600714,"racyScore":0.005071363411843777,"goreScore":0.03946505859494209}},{"FrameIndex":2790,"Adult":{"isAdultContent":false,"isRacyContent":false,"isGoryContent":false,"adultScore":0.003583861980587244,"racyScore":0.005579045042395592,"goreScore":0.04829125478863716}},{"FrameIndex":2820,"Adult":{"isAdultContent":false,"isRacyContent":false,"isGoryContent":false,"adultScore":0.007660942617803812,"racyScore":0.009730085730552673,"goreScore":0.11413871496915817}},{"FrameIndex":2850,"Adult":{"isAdultContent":false,"isRacyContent":false,"isGoryContent":false,"adultScore":0.005692627280950546,"racyScore":0.0077033452689647675,"goreScore":0.08825273811817169}},{"FrameIndex":2880,"Adult":{"isAdultContent":false,"isRacyContent":false,"isGoryContent":false,"adultScore":0.0023503846023231745,"racyScore":0.004144502803683281,"goreScore":0.0007798714796081185}},{"FrameIndex":2910,"Adult":{"isAdultContent":false,"isRacyContent":false,"isGoryContent":false,"adultScore":0.001530905137769878,"racyScore":0.0028310888446867466,"goreScore":0.0005602430319413543}},{"FrameIndex":2940,"Adult":{"isAdultContent":false,"isRacyContent":false,"isGoryContent":false,"adultScore":0.002238681074231863,"racyScore":0.003642866387963295,"goreScore":0.0007522687083110213}},{"FrameIndex":2970,"Adult":{"isAdultContent":false,"isRacyContent":false,"isGoryContent":false,"adultScore":0.0018304794793948531,"racyScore":0.0034546679817140102,"goreScore":0.00043108960380777717}},{"FrameIndex":3000,"Adult":{"isAdultContent":false,"isRacyContent":false,"isGoryContent":false,"adultScore":0.0027136560529470444,"racyScore":0.00471224170178175,"goreScore":0.0007623178535141051}},{"FrameIndex":3030,"Adult":{"isAdultContent":false,"isRacyContent":false,"isGoryContent":false,"adultScore":0.0013450548285618424,"racyScore":0.00258806673809886,"goreScore":0.0004124242695979774}},{"FrameIndex":3060,"Adult":{"isAdultContent":false,"isRacyContent":false,"isGoryContent":false,"adultScore":0.0012399550760164857,"racyScore":0.0024613835848867893,"goreScore":0.000424287689384073}},{"FrameIndex":3090,"Adult":{"isAdultContent":false,"isRacyContent":false,"isGoryContent":false,"adultScore":0.012685379944741726,"racyScore":0.015378478914499283,"goreScore":0.016555706039071083}},{"FrameIndex":3120,"Adult":{"isAdultContent":false,"isRacyContent":false,"isGoryContent":false,"adultScore":0.029210012406110764,"racyScore":0.03477459400892258,"goreScore":0.018445000052452087}},{"FrameIndex":3150,"Adult":{"isAdultContent":false,"isRacyContent":false,"isGoryContent":false,"adultScore":0.03406178951263428,"racyScore":0.04041809216141701,"goreScore":0.00980670377612114}},{"FrameIndex":3180,"Adult":{"isAdultContent":false,"isRacyContent":false,"isGoryContent":false,"adultScore":0.016119731590151787,"racyScore":0.036267902702093124,"goreScore":0.0013767242198809981}},{"FrameIndex":3210,"Adult":{"isAdultContent":false,"isRacyContent":false,"isGoryContent":false,"adultScore":0.014338018372654915,"racyScore":0.01540151797235012,"goreScore":0.0010072236182168126}},{"FrameIndex":3240,"Adult":{"isAdultContent":false,"isRacyContent":false,"isGoryContent":false,"adultScore":0.005391046870499849,"racyScore":0.00790126621723175,"goreScore":0.0019291944336146116}},{"FrameIndex":3270,"Adult":{"isAdultContent":false,"isRacyContent":false,"isGoryContent":false,"adultScore":0.007238450925797224,"racyScore":0.014326422475278378,"goreScore":0.0021005943417549133}},{"FrameIndex":3300,"Adult":{"isAdultContent":false,"isRacyContent":false,"isGoryContent":false,"adultScore":0.0021458787377923727,"racyScore":0.0031006636563688517,"goreScore":0.00021796172950416803}},{"FrameIndex":3330,"Adult":{"isAdultContent":false,"isRacyContent":false,"isGoryContent":false,"adultScore":0.003250389127060771,"racyScore":0.00566982664167881,"goreScore":0.000716576527338475}},{"FrameIndex":3360,"Adult":{"isAdultContent":false,"isRacyContent":false,"isGoryContent":false,"adultScore":0.015647636726498604,"racyScore":0.0589187815785408,"goreScore":0.2354280650615692}},{"FrameIndex":3390,"Adult":{"isAdultContent":false,"isRacyContent":false,"isGoryContent":false,"adultScore":0.004931657575070858,"racyScore":0.0065103741362690926,"goreScore":0.027888482436537743}},{"FrameIndex":3420,"Adult":{"isAdultContent":false,"isRacyContent":false,"isGoryContent":false,"adultScore":0.005726695992052555,"racyScore":0.007317821495234966,"goreScore":0.018825793638825417}},{"FrameIndex":3450,"Adult":{"isAdultContent":false,"isRacyContent":false,"isGoryContent":false,"adultScore":0.001246907515451312,"racyScore":0.0026583499275147915,"goreScore":0.0005235659773461521}},{"FrameIndex":3480,"Adult":{"isAdultContent":false,"isRacyContent":false,"isGoryContent":false,"adultScore":0.0035848624538630247,"racyScore":0.004774341359734535,"goreScore":0.0009838020196184516}},{"FrameIndex":3510,"Adult":{"isAdultContent":false,"isRacyContent":false,"isGoryContent":false,"adultScore":0.002364198910072446,"racyScore":0.004206195939332247,"goreScore":0.00047253683442249894}},{"FrameIndex":3540,"Adult":{"isAdultContent":false,"isRacyContent":false,"isGoryContent":false,"adultScore":0.002484889468178153,"racyScore":0.0035745506174862385,"goreScore":0.00036108927452005446}},{"FrameIndex":3570,"Adult":{"isAdultContent":false,"isRacyContent":false,"isGoryContent":false,"adultScore":0.0017437979113310575,"racyScore":0.0030060766730457544,"goreScore":0.00023165869060903788}},{"FrameIndex":3600,"Adult":{"isAdultContent":false,"isRacyContent":false,"isGoryContent":false,"adultScore":0.0016108322888612747,"racyScore":0.0028718016110360622,"goreScore":0.0005172205856069922}},{"FrameIndex":3630,"Adult":{"isAdultContent":false,"isRacyContent":false,"isGoryContent":false,"adultScore":0.0032314483541995287,"racyScore":0.005167268682271242,"goreScore":0.0009571968112140894}},{"FrameIndex":3660,"Adult":{"isAdultContent":false,"isRacyContent":false,"isGoryContent":false,"adultScore":0.0021347743459045887,"racyScore":0.003706597723066807,"goreScore":0.0005713083082810044}},{"FrameIndex":3690,"Adult":{"isAdultContent":false,"isRacyContent":false,"isGoryContent":false,"adultScore":0.002382993698120117,"racyScore":0.004018811043351889,"goreScore":0.000681268225889653}},{"FrameIndex":3720,"Adult":{"isAdultContent":false,"isRacyContent":false,"isGoryContent":false,"adultScore":0.0038723815232515335,"racyScore":0.006981026381254196,"goreScore":0.0007151455502025783}},{"FrameIndex":3750,"Adult":{"isAdultContent":false,"isRacyContent":false,"isGoryContent":false,"adultScore":0.010749158449470997,"racyScore":0.012544761411845684,"goreScore":0.1500292271375656}},{"FrameIndex":3780,"Adult":{"isAdultContent":false,"isRacyContent":false,"isGoryContent":false,"adultScore":0.008475947193801403,"racyScore":0.00982440821826458,"goreScore":0.2656846344470978}},{"FrameIndex":3810,"Adult":{"isAdultContent":false,"isRacyContent":false,"isGoryContent":false,"adultScore":0.013885460793972015,"racyScore":0.018070828169584274,"goreScore":0.2845737040042877}},{"FrameIndex":3840,"Adult":{"isAdultContent":false,"isRacyContent":false,"isGoryContent":false,"adultScore":0.018268536776304245,"racyScore":0.022496109828352928,"goreScore":0.34732693433761597}},{"FrameIndex":3870,"Adult":{"isAdultContent":false,"isRacyContent":false,"isGoryContent":false,"adultScore":0.014775692485272884,"racyScore":0.01846388168632984,"goreScore":0.3839908540248871}},{"FrameIndex":3900,"Adult":{"isAdultContent":false,"isRacyContent":false,"isGoryContent":false,"adultScore":0.008953657001256943,"racyScore":0.01100259367376566,"goreScore":0.07565858215093613}},{"FrameIndex":3930,"Adult":{"isAdultContent":false,"isRacyContent":false,"isGoryContent":false,"adultScore":0.009912820532917976,"racyScore":0.011799107305705547,"goreScore":0.07757937908172607}},{"FrameIndex":3960,"Adult":{"isAdultContent":false,"isRacyContent":false,"isGoryContent":false,"adultScore":0.010109880939126015,"racyScore":0.013455767184495926,"goreScore":0.25928229093551636}},{"FrameIndex":3990,"Adult":{"isAdultContent":false,"isRacyContent":false,"isGoryContent":false,"adultScore":0.00540734501555562,"racyScore":0.007238368969410658,"goreScore":0.2023899406194687}},{"FrameIndex":4020,"Adult":{"isAdultContent":false,"isRacyContent":false,"isGoryContent":false,"adultScore":0.008165691047906876,"racyScore":0.010379431769251823,"goreScore":0.1834259331226349}},{"FrameIndex":4050,"Adult":{"isAdultContent":false,"isRacyContent":false,"isGoryContent":false,"adultScore":0.007540438789874315,"racyScore":0.009602736681699753,"goreScore":0.019876837730407715}},{"FrameIndex":4080,"Adult":{"isAdultContent":false,"isRacyContent":false,"isGoryContent":false,"adultScore":0.011334206908941269,"racyScore":0.013004673644900322,"goreScore":0.010666975751519203}},{"FrameIndex":4110,"Adult":{"isAdultContent":false,"isRacyContent":false,"isGoryContent":false,"adultScore":0.007965869270265102,"racyScore":0.010005507618188858,"goreScore":0.007310307584702969}},{"FrameIndex":4140,"Adult":{"isAdultContent":false,"isRacyContent":false,"isGoryContent":false,"adultScore":0.001317628426477313,"racyScore":0.002924130065366626,"goreScore":0.0003649653517641127}},{"FrameIndex":4170,"Adult":{"isAdultContent":false,"isRacyContent":false,"isGoryContent":false,"adultScore":0.0014237227151170373,"racyScore":0.0029012328013777733,"goreScore":0.00045397330541163683}},{"FrameIndex":4200,"Adult":{"isAdultContent":false,"isRacyContent":false,"isGoryContent":false,"adultScore":0.0013138802023604512,"racyScore":0.002667697612196207,"goreScore":0.00039519593701697886}},{"FrameIndex":4230,"Adult":{"isAdultContent":false,"isRacyContent":false,"isGoryContent":false,"adultScore":0.0035994318313896656,"racyScore":0.007085290737450123,"goreScore":0.0029575538355857134}},{"FrameIndex":4260,"Adult":{"isAdultContent":false,"isRacyContent":false,"isGoryContent":false,"adultScore":0.0016901876078918576,"racyScore":0.0069588483311235905,"goreScore":0.0006455965922214091}},{"FrameIndex":4290,"Adult":{"isAdultContent":false,"isRacyContent":false,"isGoryContent":false,"adultScore":0.004222353454679251,"racyScore":0.010297111235558987,"goreScore":0.00105743866879493}},{"FrameIndex":4320,"Adult":{"isAdultContent":false,"isRacyContent":false,"isGoryContent":false,"adultScore":0.0024964429903775454,"racyScore":0.003710673190653324,"goreScore":0.0038933621253818274}},{"FrameIndex":4350,"Adult":{"isAdultContent":false,"isRacyContent":false,"isGoryContent":false,"adultScore":0.004055172670632601,"racyScore":0.019506294280290604,"goreScore":0.0007712126825936139}},{"FrameIndex":4380,"Adult":{"isAdultContent":false,"isRacyContent":false,"isGoryContent":false,"adultScore":0.0012427258770912886,"racyScore":0.0024889393243938684,"goreScore":0.0004575700149871409}},{"FrameIndex":4410,"Adult":{"isAdultContent":false,"isRacyContent":false,"isGoryContent":false,"adultScore":0.0012637543259188533,"racyScore":0.0025327319744974375,"goreScore":0.00039220976759679615}},{"FrameIndex":4440,"Adult":{"isAdultContent":false,"isRacyContent":false,"isGoryContent":false,"adultScore":0.001449580187909305,"racyScore":0.0029575666412711143,"goreScore":0.00040836413973011076}},{"FrameIndex":4470,"Adult":{"isAdultContent":false,"isRacyContent":false,"isGoryContent":false,"adultScore":0.013941335491836071,"racyScore":0.0186699740588665,"goreScore":0.27280011773109436}},{"FrameIndex":4500,"Adult":{"isAdultContent":false,"isRacyContent":false,"isGoryContent":false,"adultScore":0.010437066666781902,"racyScore":0.015640541911125183,"goreScore":0.3217591345310211}},{"FrameIndex":4530,"Adult":{"isAdultContent":false,"isRacyContent":false,"isGoryContent":false,"adultScore":0.01166186761111021,"racyScore":0.016945701092481613,"goreScore":0.302564799785614}},{"FrameIndex":4560,"Adult":{"isAdultContent":false,"isRacyContent":false,"isGoryContent":false,"adultScore":0.013710682280361652,"racyScore":0.019587036222219467,"goreScore":0.2464757263660431}},{"FrameIndex":4590,"Adult":{"isAdultContent":false,"isRacyContent":false,"isGoryContent":false,"adultScore":0.0009898184798657894,"racyScore":0.0016670466866344213,"goreScore":0.0004843629722017795}},{"FrameIndex":4620,"Adult":{"isAdultContent":false,"isRacyContent":false,"isGoryContent":false,"adultScore":0.005648207850754261,"racyScore":0.008174383081495762,"goreScore":0.005649222992360592}},{"FrameIndex":4650,"Adult":{"isAdultContent":false,"isRacyContent":false,"isGoryContent":false,"adultScore":0.0030616060830652714,"racyScore":0.010060622356832027,"goreScore":0.0011099734110757709}},{"FrameIndex":4680,"Adult":{"isAdultContent":false,"isRacyContent":false,"isGoryContent":false,"adultScore":0.0021082579623907804,"racyScore":0.0055488357320427895,"goreScore":0.010836418718099594}},{"FrameIndex":4710,"Adult":{"isAdultContent":false,"isRacyContent":false,"isGoryContent":false,"adultScore":0.0014600286958739161,"racyScore":0.0034142122603952885,"goreScore":0.000447826023446396}},{"FrameIndex":4740,"Adult":{"isAdultContent":false,"isRacyContent":false,"isGoryContent":false,"adultScore":0.0016243095742538571,"racyScore":0.0035023659002035856,"goreScore":0.00038501506787724793}},{"FrameIndex":4770,"Adult":{"isAdultContent":false,"isRacyContent":false,"isGoryContent":false,"adultScore":0.0015954705886542797,"racyScore":0.003037544898688793,"goreScore":0.0004120480443816632}},{"FrameIndex":4800,"Adult":{"isAdultContent":false,"isRacyContent":false,"isGoryContent":false,"adultScore":0.0018570440588518977,"racyScore":0.0027489629574120045,"goreScore":0.0012585236690938473}},{"FrameIndex":4830,"Adult":{"isAdultContent":false,"isRacyContent":false,"isGoryContent":false,"adultScore":0.0011781965149566531,"racyScore":0.0037929522804915905,"goreScore":0.0005423180409707129}},{"FrameIndex":4860,"Adult":{"isAdultContent":false,"isRacyContent":false,"isGoryContent":false,"adultScore":0.004888801369816065,"racyScore":0.007653427310287952,"goreScore":0.0030904687009751797}},{"FrameIndex":4890,"Adult":{"isAdultContent":false,"isRacyContent":false,"isGoryContent":false,"adultScore":0.005869084503501654,"racyScore":0.012026892974972725,"goreScore":0.003385012038052082}},{"FrameIndex":4920,"Adult":{"isAdultContent":false,"isRacyContent":false,"isGoryContent":false,"adultScore":0.007338692434132099,"racyScore":0.014162026345729828,"goreScore":0.0011076414957642555}},{"FrameIndex":4950,"Adult":{"isAdultContent":false,"isRacyContent":false,"isGoryContent":false,"adultScore":0.007740894332528114,"racyScore":0.01681451126933098,"goreScore":0.00229764636605978}},{"FrameIndex":4980,"Adult":{"isAdultContent":false,"isRacyContent":false,"isGoryContent":false,"adultScore":0.008584010414779186,"racyScore":0.027751892805099487,"goreScore":0.001565365120768547}},{"FrameIndex":5010,"Adult":{"isAdultContent":false,"isRacyContent":false,"isGoryContent":false,"adultScore":0.004601090680807829,"racyScore":0.014116859063506126,"goreScore":0.001435802667401731}},{"FrameIndex":5040,"Adult":{"isAdultContent":false,"isRacyContent":false,"isGoryContent":false,"adultScore":0.004468143917620182,"racyScore":0.01696973666548729,"goreScore":0.001628511119633913}},{"FrameIndex":5070,"Adult":{"isAdultContent":false,"isRacyContent":false,"isGoryContent":false,"adultScore":0.014951084740459919,"racyScore":0.017271924763917923,"goreScore":0.024313461035490036}},{"FrameIndex":5100,"Adult":{"isAdultContent":false,"isRacyContent":false,"isGoryContent":false,"adultScore":0.007594308815896511,"racyScore":0.009051283821463585,"goreScore":0.0029098247177898884}},{"FrameIndex":5130,"Adult":{"isAdultContent":false,"isRacyContent":false,"isGoryContent":false,"adultScore":0.005884567741304636,"racyScore":0.023757925257086754,"goreScore":0.001133341109380126}},{"FrameIndex":5160,"Adult":{"isAdultContent":false,"isRacyContent":false,"isGoryContent":false,"adultScore":0.0015366614097729325,"racyScore":0.003104669041931629,"goreScore":0.001635588239878416}},{"FrameIndex":5190,"Adult":{"isAdultContent":false,"isRacyContent":false,"isGoryContent":false,"adultScore":0.001531546819023788,"racyScore":0.0032396474853157997,"goreScore":0.0017031410243362188}},{"FrameIndex":5220,"Adult":{"isAdultContent":false,"isRacyContent":false,"isGoryContent":false,"adultScore":0.0013070066925138235,"racyScore":0.003059430979192257,"goreScore":0.001508826855570078}},{"FrameIndex":5250,"Adult":{"isAdultContent":false,"isRacyContent":false,"isGoryContent":false,"adultScore":0.001515888376161456,"racyScore":0.0028572699520736933,"goreScore":0.0011557715479284525}},{"FrameIndex":5280,"Adult":{"isAdultContent":false,"isRacyContent":false,"isGoryContent":false,"adultScore":0.0018126295180991292,"racyScore":0.002748055849224329,"goreScore":0.0009736918145790696}},{"FrameIndex":5310,"Adult":{"isAdultContent":false,"isRacyContent":false,"isGoryContent":false,"adultScore":0.0018096776911988854,"racyScore":0.0027436502277851105,"goreScore":0.0009723713737912476}},{"FrameIndex":5340,"Adult":{"isAdultContent":false,"isRacyContent":false,"isGoryContent":false,"adultScore":0.008462789468467236,"racyScore":0.018712297081947327,"goreScore":0.0010080598294734955}},{"FrameIndex":5370,"Adult":{"isAdultContent":false,"isRacyContent":false,"isGoryContent":false,"adultScore":0.030963914468884468,"racyScore":0.031983040273189545,"goreScore":0.005160157568752766}},{"FrameIndex":5400,"Adult":{"isAdultContent":false,"isRacyContent":false,"isGoryContent":false,"adultScore":0.04666801169514656,"racyScore":0.04810859635472298,"goreScore":0.012795650400221348}},{"FrameIndex":5430,"Adult":{"isAdultContent":false,"isRacyContent":false,"isGoryContent":false,"adultScore":0.007100673392415047,"racyScore":0.008787278085947037,"goreScore":0.022841138765215874}},{"FrameIndex":5460,"Adult":{"isAdultContent":false,"isRacyContent":false,"isGoryContent":false,"adultScore":0.004666548687964678,"racyScore":0.0068102506920695305,"goreScore":0.0006602006033062935}},{"FrameIndex":5490,"Adult":{"isAdultContent":false,"isRacyContent":false,"isGoryContent":false,"adultScore":0.0011956931557506323,"racyScore":0.0020189175847917795,"goreScore":0.0006136540905572474}},{"FrameIndex":5520,"Adult":{"isAdultContent":false,"isRacyContent":false,"isGoryContent":false,"adultScore":0.0032635999377816916,"racyScore":0.025073513388633728,"goreScore":0.0010919463820755482}},{"FrameIndex":5550,"Adult":{"isAdultContent":false,"isRacyContent":false,"isGoryContent":false,"adultScore":0.03460143506526947,"racyScore":0.1584373265504837,"goreScore":0.0021718768402934074}},{"FrameIndex":5580,"Adult":{"isAdultContent":false,"isRacyContent":false,"isGoryContent":false,"adultScore":0.04901928827166557,"racyScore":0.1139567643404007,"goreScore":0.056175898760557175}},{"FrameIndex":5610,"Adult":{"isAdultContent":false,"isRacyContent":false,"isGoryContent":false,"adultScore":0.010494323447346687,"racyScore":0.04363838583230972,"goreScore":0.003272944362834096}},{"FrameIndex":5640,"Adult":{"isAdultContent":false,"isRacyContent":false,"isGoryContent":false,"adultScore":0.008477084338665009,"racyScore":0.0643220767378807,"goreScore":0.004505905322730541}},{"FrameIndex":5670,"Adult":{"isAdultContent":false,"isRacyContent":false,"isGoryContent":false,"adultScore":0.005216274410486221,"racyScore":0.034717001020908356,"goreScore":0.0027776677161455154}},{"FrameIndex":5700,"Adult":{"isAdultContent":false,"isRacyContent":false,"isGoryContent":false,"adultScore":0.0050872694700956345,"racyScore":0.03274904936552048,"goreScore":0.0011968448525294662}},{"FrameIndex":5730,"Adult":{"isAdultContent":false,"isRacyContent":false,"isGoryContent":false,"adultScore":0.004891447722911835,"racyScore":0.021896030753850937,"goreScore":0.0005506753223016858}},{"FrameIndex":5760,"Adult":{"isAdultContent":false,"isRacyContent":false,"isGoryContent":false,"adultScore":0.014078405685722828,"racyScore":0.015617135912179947,"goreScore":0.000978359137661755}},{"FrameIndex":5790,"Adult":{"isAdultContent":false,"isRacyContent":false,"isGoryContent":false,"adultScore":0.25818154215812683,"racyScore":0.5096555948257446,"goreScore":0.013032624498009682}},{"FrameIndex":5820,"Adult":{"isAdultContent":false,"isRacyContent":false,"isGoryContent":false,"adultScore":0.0010738380951806903,"racyScore":0.002070398535579443,"goreScore":0.0009201423963531852}},{"FrameIndex":5850,"Adult":{"isAdultContent":false,"isRacyContent":false,"isGoryContent":false,"adultScore":0.0011316968593746424,"racyScore":0.0021794424392282963,"goreScore":0.0005971855716779828}},{"FrameIndex":5880,"Adult":{"isAdultContent":false,"isRacyContent":false,"isGoryContent":false,"adultScore":0.0011399886570870876,"racyScore":0.0021487707272171974,"goreScore":0.0006157414754852653}},{"FrameIndex":5910,"Adult":{"isAdultContent":false,"isRacyContent":false,"isGoryContent":false,"adultScore":0.001152983633801341,"racyScore":0.002155668567866087,"goreScore":0.0005575675168074667}},{"FrameIndex":5940,"Adult":{"isAdultContent":false,"isRacyContent":false,"isGoryContent":false,"adultScore":0.0011714128777384758,"racyScore":0.0022145570255815983,"goreScore":0.0005435046041384339}},{"FrameIndex":5970,"Adult":{"isAdultContent":false,"isRacyContent":false,"isGoryContent":false,"adultScore":0.0013579321093857288,"racyScore":0.0024303817190229893,"goreScore":0.0006789045291952789}},{"FrameIndex":6000,"Adult":{"isAdultContent":false,"isRacyContent":false,"isGoryContent":false,"adultScore":0.0012440485879778862,"racyScore":0.002296844497323036,"goreScore":0.0009487519855611026}},{"FrameIndex":6030,"Adult":{"isAdultContent":false,"isRacyContent":false,"isGoryContent":false,"adultScore":0.0010407702066004276,"racyScore":0.0017119707772508264,"goreScore":0.0005391957238316536}},{"FrameIndex":6060,"Adult":{"isAdultContent":false,"isRacyContent":false,"isGoryContent":false,"adultScore":0.0011523000430315733,"racyScore":0.0018853498622775078,"goreScore":0.0005277558811940253}},{"FrameIndex":6090,"Adult":{"isAdultContent":false,"isRacyContent":false,"isGoryContent":false,"adultScore":0.010787902399897575,"racyScore":0.01357186771929264,"goreScore":0.21563780307769775}},{"FrameIndex":6120,"Adult":{"isAdultContent":false,"isRacyContent":false,"isGoryContent":false,"adultScore":0.024119315668940544,"racyScore":0.02835655026137829,"goreScore":0.09471014887094498}},{"FrameIndex":6150,"Adult":{"isAdultContent":false,"isRacyContent":false,"isGoryContent":false,"adultScore":0.022729482501745224,"racyScore":0.025469467043876648,"goreScore":0.11860243231058121}},{"FrameIndex":6180,"Adult":{"isAdultContent":false,"isRacyContent":false,"isGoryContent":false,"adultScore":0.023558543995022774,"racyScore":0.027699396014213562,"goreScore":0.24572411179542542}},{"FrameIndex":6210,"Adult":{"isAdultContent":false,"isRacyContent":false,"isGoryContent":false,"adultScore":0.012261567637324333,"racyScore":0.014841691590845585,"goreScore":0.24105894565582275}},{"FrameIndex":6240,"Adult":{"isAdultContent":false,"isRacyContent":false,"isGoryContent":false,"adultScore":0.011021546088159084,"racyScore":0.013560403138399124,"goreScore":0.21922563016414642}},{"FrameIndex":6270,"Adult":{"isAdultContent":false,"isRacyContent":false,"isGoryContent":false,"adultScore":0.0012519365409389138,"racyScore":0.0021490210201591253,"goreScore":0.0009989660466089845}},{"FrameIndex":6300,"Adult":{"isAdultContent":false,"isRacyContent":false,"isGoryContent":false,"adultScore":0.001256284536793828,"racyScore":0.002108943648636341,"goreScore":0.0009763666894286871}},{"FrameIndex":6330,"Adult":{"isAdultContent":false,"isRacyContent":false,"isGoryContent":false,"adultScore":0.0012350297765806317,"racyScore":0.0020628799684345722,"goreScore":0.0012110589304938912}},{"FrameIndex":6360,"Adult":{"isAdultContent":false,"isRacyContent":false,"isGoryContent":false,"adultScore":0.0011506740702316165,"racyScore":0.0019827019423246384,"goreScore":0.0010030573466792703}},{"FrameIndex":6390,"Adult":{"isAdultContent":false,"isRacyContent":false,"isGoryContent":false,"adultScore":0.017189115285873413,"racyScore":0.02468850277364254,"goreScore":0.479276567697525}},{"FrameIndex":6420,"Adult":{"isAdultContent":false,"isRacyContent":false,"isGoryContent":false,"adultScore":0.015990445390343666,"racyScore":0.021777542307972908,"goreScore":0.45930883288383484}},{"FrameIndex":6450,"Adult":{"isAdultContent":false,"isRacyContent":false,"isGoryContent":false,"adultScore":0.017903992906212807,"racyScore":0.024757016450166702,"goreScore":0.48543277382850647}},{"FrameIndex":6480,"Adult":{"isAdultContent":false,"isRacyContent":false,"isGoryContent":false,"adultScore":0.004479863680899143,"racyScore":0.007483366876840591,"goreScore":0.0007802767213433981}},{"FrameIndex":6510,"Adult":{"isAdultContent":false,"isRacyContent":false,"isGoryContent":false,"adultScore":0.005058323033154011,"racyScore":0.008278895169496536,"goreScore":0.0010746680200099945}},{"FrameIndex":6540,"Adult":{"isAdultContent":false,"isRacyContent":false,"isGoryContent":false,"adultScore":0.003632153617218137,"racyScore":0.004336858633905649,"goreScore":0.0014286102959886193}},{"FrameIndex":6570,"Adult":{"isAdultContent":false,"isRacyContent":false,"isGoryContent":false,"adultScore":0.004381922539323568,"racyScore":0.005229767877608538,"goreScore":0.0012023575836792588}},{"FrameIndex":6600,"Adult":{"isAdultContent":false,"isRacyContent":false,"isGoryContent":false,"adultScore":0.011804528534412384,"racyScore":0.013020564801990986,"goreScore":0.0007197811501100659}},{"FrameIndex":6630,"Adult":{"isAdultContent":false,"isRacyContent":false,"isGoryContent":false,"adultScore":0.006453918758779764,"racyScore":0.00893557071685791,"goreScore":0.0010575450723990798}},{"FrameIndex":6660,"Adult":{"isAdultContent":false,"isRacyContent":false,"isGoryContent":false,"adultScore":0.011364479549229145,"racyScore":0.012296087108552456,"goreScore":0.0015086001949384809}},{"FrameIndex":6690,"Adult":{"isAdultContent":false,"isRacyContent":false,"isGoryContent":false,"adultScore":0.20839321613311768,"racyScore":0.27510446310043335,"goreScore":0.5073258876800537}},{"FrameIndex":6720,"Adult":{"isAdultContent":false,"isRacyContent":false,"isGoryContent":false,"adultScore":0.08664308488368988,"racyScore":0.1832282543182373,"goreScore":0.5809226036071777}},{"FrameIndex":6750,"Adult":{"isAdultContent":false,"isRacyContent":false,"isGoryContent":false,"adultScore":0.018980687484145164,"racyScore":0.04741373285651207,"goreScore":0.0025542525108903646}},{"FrameIndex":6780,"Adult":{"isAdultContent":false,"isRacyContent":false,"isGoryContent":false,"adultScore":0.10881523042917252,"racyScore":0.15930652618408203,"goreScore":0.009346650913357735}},{"FrameIndex":6810,"Adult":{"isAdultContent":false,"isRacyContent":false,"isGoryContent":false,"adultScore":0.021107761189341545,"racyScore":0.05603121221065521,"goreScore":0.005333426874130964}},{"FrameIndex":6840,"Adult":{"isAdultContent":false,"isRacyContent":false,"isGoryContent":false,"adultScore":0.045475322753190994,"racyScore":0.17705093324184418,"goreScore":0.003636371111497283}},{"FrameIndex":6870,"Adult":{"isAdultContent":false,"isRacyContent":false,"isGoryContent":false,"adultScore":0.024832259863615036,"racyScore":0.07616539299488068,"goreScore":0.019371364265680313}},{"FrameIndex":6900,"Adult":{"isAdultContent":false,"isRacyContent":false,"isGoryContent":false,"adultScore":0.0011927831219509244,"racyScore":0.002190327737480402,"goreScore":0.0008213584078475833}},{"FrameIndex":6930,"Adult":{"isAdultContent":false,"isRacyContent":false,"isGoryContent":false,"adultScore":0.0012584611540660262,"racyScore":0.0022499009501188993,"goreScore":0.000794538704212755}},{"FrameIndex":6960,"Adult":{"isAdultContent":false,"isRacyContent":false,"isGoryContent":false,"adultScore":0.001169316004961729,"racyScore":0.002208833582699299,"goreScore":0.0007739260909147561}},{"FrameIndex":6990,"Adult":{"isAdultContent":false,"isRacyContent":false,"isGoryContent":false,"adultScore":0.006888754200190306,"racyScore":0.01146465353667736,"goreScore":0.18743041157722473}},{"FrameIndex":7020,"Adult":{"isAdultContent":false,"isRacyContent":false,"isGoryContent":false,"adultScore":0.007626777049154043,"racyScore":0.012122196145355701,"goreScore":0.267902135848999}},{"FrameIndex":7050,"Adult":{"isAdultContent":false,"isRacyContent":false,"isGoryContent":false,"adultScore":0.0076761394739151,"racyScore":0.013563401997089386,"goreScore":0.29919910430908203}},{"FrameIndex":7080,"Adult":{"isAdultContent":false,"isRacyContent":false,"isGoryContent":false,"adultScore":0.007051997352391481,"racyScore":0.011522186920046806,"goreScore":0.24010896682739258}},{"FrameIndex":7110,"Adult":{"isAdultContent":false,"isRacyContent":false,"isGoryContent":false,"adultScore":0.005437003448605537,"racyScore":0.009006116539239883,"goreScore":0.17312070727348328}},{"FrameIndex":7140,"Adult":{"isAdultContent":false,"isRacyContent":false,"isGoryContent":false,"adultScore":0.0011422497918829322,"racyScore":0.0021319580264389515,"goreScore":0.0007810897659510374}},{"FrameIndex":7170,"Adult":{"isAdultContent":false,"isRacyContent":false,"isGoryContent":false,"adultScore":0.0010596856009215117,"racyScore":0.0020528421737253666,"goreScore":0.000788829056546092}},{"FrameIndex":7200,"Adult":{"isAdultContent":false,"isRacyContent":false,"isGoryContent":false,"adultScore":0.0010658024111762643,"racyScore":0.002028485992923379,"goreScore":0.0008034548372961581}},{"FrameIndex":7230,"Adult":{"isAdultContent":false,"isRacyContent":false,"isGoryContent":false,"adultScore":0.0010592516046017408,"racyScore":0.0019979258067905903,"goreScore":0.0008210762171074748}},{"FrameIndex":7260,"Adult":{"isAdultContent":false,"isRacyContent":false,"isGoryContent":false,"adultScore":0.0010671712225303054,"racyScore":0.0020299500320106745,"goreScore":0.0007980784284882247}},{"FrameIndex":7290,"Adult":{"isAdultContent":false,"isRacyContent":false,"isGoryContent":false,"adultScore":0.0010197436204180121,"racyScore":0.001977678621187806,"goreScore":0.0007645142613910139}},{"FrameIndex":7320,"Adult":{"isAdultContent":false,"isRacyContent":false,"isGoryContent":false,"adultScore":0.001091822050511837,"racyScore":0.002065618522465229,"goreScore":0.0007819061283953488}},{"FrameIndex":7350,"Adult":{"isAdultContent":false,"isRacyContent":false,"isGoryContent":false,"adultScore":0.0011079944670200348,"racyScore":0.002091493457555771,"goreScore":0.0007738135172985494}},{"FrameIndex":7380,"Adult":{"isAdultContent":false,"isRacyContent":false,"isGoryContent":false,"adultScore":0.001205971697345376,"racyScore":0.002183669013902545,"goreScore":0.0007337542483583093}},{"FrameIndex":7410,"Adult":{"isAdultContent":false,"isRacyContent":false,"isGoryContent":false,"adultScore":0.001277501112781465,"racyScore":0.0022960416972637177,"goreScore":0.0007552680908702314}},{"FrameIndex":7440,"Adult":{"isAdultContent":false,"isRacyContent":false,"isGoryContent":false,"adultScore":0.0034419912844896317,"racyScore":0.022648844867944717,"goreScore":0.000715343514457345}},{"FrameIndex":7470,"Adult":{"isAdultContent":false,"isRacyContent":false,"isGoryContent":false,"adultScore":0.0012961596949025989,"racyScore":0.00495888339355588,"goreScore":0.0005619649891741574}},{"FrameIndex":7500,"Adult":{"isAdultContent":false,"isRacyContent":false,"isGoryContent":false,"adultScore":0.0008736831950955093,"racyScore":0.0019863168708980083,"goreScore":0.0005410020239651203}},{"FrameIndex":7530,"Adult":{"isAdultContent":false,"isRacyContent":false,"isGoryContent":false,"adultScore":0.0011544409207999706,"racyScore":0.0021087422501295805,"goreScore":0.0005691824480891228}},{"FrameIndex":7560,"Adult":{"isAdultContent":false,"isRacyContent":false,"isGoryContent":false,"adultScore":0.0014754780568182468,"racyScore":0.0026763156056404114,"goreScore":0.0007089180289767683}},{"FrameIndex":7590,"Adult":{"isAdultContent":false,"isRacyContent":false,"isGoryContent":false,"adultScore":0.0011630840599536896,"racyScore":0.00220494088716805,"goreScore":0.0006900768494233489}},{"FrameIndex":7620,"Adult":{"isAdultContent":false,"isRacyContent":false,"isGoryContent":false,"adultScore":0.0012295389315113425,"racyScore":0.0022683460265398026,"goreScore":0.000652317248750478}},{"FrameIndex":7650,"Adult":{"isAdultContent":false,"isRacyContent":false,"isGoryContent":false,"adultScore":0.0029589396435767412,"racyScore":0.004821984097361565,"goreScore":0.009914018213748932}},{"FrameIndex":7680,"Adult":{"isAdultContent":false,"isRacyContent":false,"isGoryContent":false,"adultScore":0.0026181091088801622,"racyScore":0.004108714405447245,"goreScore":0.0056234607473015785}},{"FrameIndex":7710,"Adult":{"isAdultContent":false,"isRacyContent":false,"isGoryContent":false,"adultScore":0.003772059688344598,"racyScore":0.005879512056708336,"goreScore":0.019641976803541183}},{"FrameIndex":7740,"Adult":{"isAdultContent":false,"isRacyContent":false,"isGoryContent":false,"adultScore":0.003021987620741129,"racyScore":0.004688652232289314,"goreScore":0.014897387474775314}},{"FrameIndex":7770,"Adult":{"isAdultContent":false,"isRacyContent":false,"isGoryContent":false,"adultScore":0.001263874932192266,"racyScore":0.0022307466715574265,"goreScore":0.0008002124959602952}},{"FrameIndex":7800,"Adult":{"isAdultContent":false,"isRacyContent":false,"isGoryContent":false,"adultScore":0.0010402515763416886,"racyScore":0.0020772190764546394,"goreScore":0.0007758802967146039}},{"FrameIndex":7830,"Adult":{"isAdultContent":false,"isRacyContent":false,"isGoryContent":false,"adultScore":0.001093414262868464,"racyScore":0.0020950166508555412,"goreScore":0.0007595932693220675}},{"FrameIndex":7860,"Adult":{"isAdultContent":false,"isRacyContent":false,"isGoryContent":false,"adultScore":0.0011504926951602101,"racyScore":0.002120385877788067,"goreScore":0.0008000233792699873}},{"FrameIndex":7890,"Adult":{"isAdultContent":false,"isRacyContent":false,"isGoryContent":false,"adultScore":0.0010585184209048748,"racyScore":0.0020201951265335083,"goreScore":0.0008106852765195072}},{"FrameIndex":7920,"Adult":{"isAdultContent":false,"isRacyContent":false,"isGoryContent":false,"adultScore":0.0010956330224871635,"racyScore":0.0020829320419579744,"goreScore":0.0008135347161442041}},{"FrameIndex":7950,"Adult":{"isAdultContent":false,"isRacyContent":false,"isGoryContent":false,"adultScore":0.005907804239541292,"racyScore":0.008303521201014519,"goreScore":0.03859097883105278}},{"FrameIndex":7980,"Adult":{"isAdultContent":false,"isRacyContent":false,"isGoryContent":false,"adultScore":0.007386405020952225,"racyScore":0.010090859606862068,"goreScore":0.05453428253531456}},{"FrameIndex":8010,"Adult":{"isAdultContent":false,"isRacyContent":false,"isGoryContent":false,"adultScore":0.00434123957529664,"racyScore":0.006543549709022045,"goreScore":0.03109714388847351}},{"FrameIndex":8040,"Adult":{"isAdultContent":false,"isRacyContent":false,"isGoryContent":false,"adultScore":0.00404759868979454,"racyScore":0.006263733375817537,"goreScore":0.011903880164027214}},{"FrameIndex":8070,"Adult":{"isAdultContent":false,"isRacyContent":false,"isGoryContent":false,"adultScore":0.004636247642338276,"racyScore":0.007744383066892624,"goreScore":0.025295531377196312}},{"FrameIndex":8100,"Adult":{"isAdultContent":false,"isRacyContent":false,"isGoryContent":false,"adultScore":0.006470928434282541,"racyScore":0.010359931737184525,"goreScore":0.026437560096383095}},{"FrameIndex":8130,"Adult":{"isAdultContent":false,"isRacyContent":false,"isGoryContent":false,"adultScore":0.001211905269883573,"racyScore":0.0022278022952377796,"goreScore":0.0007899397169239819}},{"FrameIndex":8160,"Adult":{"isAdultContent":false,"isRacyContent":false,"isGoryContent":false,"adultScore":0.001101609435863793,"racyScore":0.002092682756483555,"goreScore":0.0007593084592372179}},{"FrameIndex":8190,"Adult":{"isAdultContent":false,"isRacyContent":false,"isGoryContent":false,"adultScore":0.0010901604546234012,"racyScore":0.0021241193171590567,"goreScore":0.0007862202473916113}},{"FrameIndex":8220,"Adult":{"isAdultContent":false,"isRacyContent":false,"isGoryContent":false,"adultScore":0.0010741609148681164,"racyScore":0.0020354713778942823,"goreScore":0.0007743918686173856}},{"FrameIndex":8250,"Adult":{"isAdultContent":false,"isRacyContent":false,"isGoryContent":false,"adultScore":0.011112234555184841,"racyScore":0.01611587032675743,"goreScore":0.05799971893429756}},{"FrameIndex":8280,"Adult":{"isAdultContent":false,"isRacyContent":false,"isGoryContent":false,"adultScore":0.010496055707335472,"racyScore":0.015281464904546738,"goreScore":0.051631197333335876}},{"FrameIndex":8310,"Adult":{"isAdultContent":false,"isRacyContent":false,"isGoryContent":false,"adultScore":0.01029335055500269,"racyScore":0.015674572438001633,"goreScore":0.04189056530594826}},{"FrameIndex":8340,"Adult":{"isAdultContent":false,"isRacyContent":false,"isGoryContent":false,"adultScore":0.0016651265323162079,"racyScore":0.0025220036040991545,"goreScore":0.0022950905840843916}},{"FrameIndex":8370,"Adult":{"isAdultContent":false,"isRacyContent":false,"isGoryContent":false,"adultScore":0.001803420833311975,"racyScore":0.002742505632340908,"goreScore":0.0030357406940311193}},{"FrameIndex":8400,"Adult":{"isAdultContent":false,"isRacyContent":false,"isGoryContent":false,"adultScore":0.0031954380683600903,"racyScore":0.004222373943775892,"goreScore":0.006114393938332796}},{"FrameIndex":8430,"Adult":{"isAdultContent":false,"isRacyContent":false,"isGoryContent":false,"adultScore":0.003990289755165577,"racyScore":0.005115764681249857,"goreScore":0.008742894977331161}},{"FrameIndex":8460,"Adult":{"isAdultContent":false,"isRacyContent":false,"isGoryContent":false,"adultScore":0.025283396244049072,"racyScore":0.03524047136306763,"goreScore":0.47640469670295715}},{"FrameIndex":8490,"Adult":{"isAdultContent":false,"isRacyContent":false,"isGoryContent":true,"adultScore":0.01780572533607483,"racyScore":0.026555093005299568,"goreScore":0.6003362536430359}},{"FrameIndex":8520,"Adult":{"isAdultContent":false,"isRacyContent":false,"isGoryContent":true,"adultScore":0.020279670134186745,"racyScore":0.027715809643268585,"goreScore":0.6094576716423035}},{"FrameIndex":8550,"Adult":{"isAdultContent":false,"isRacyContent":false,"isGoryContent":false,"adultScore":0.048984844237565994,"racyScore":0.0641857236623764,"goreScore":0.4612785875797272}},{"FrameIndex":8580,"Adult":{"isAdultContent":false,"isRacyContent":false,"isGoryContent":false,"adultScore":0.005321220029145479,"racyScore":0.009184506721794605,"goreScore":0.17207926511764526}},{"FrameIndex":8610,"Adult":{"isAdultContent":false,"isRacyContent":false,"isGoryContent":false,"adultScore":0.003449426032602787,"racyScore":0.016288315877318382,"goreScore":0.00908464752137661}},{"FrameIndex":8640,"Adult":{"isAdultContent":false,"isRacyContent":false,"isGoryContent":false,"adultScore":0.010954531840980053,"racyScore":0.013570751063525677,"goreScore":0.20139309763908386}},{"FrameIndex":8670,"Adult":{"isAdultContent":false,"isRacyContent":false,"isGoryContent":false,"adultScore":0.007377150468528271,"racyScore":0.014714846387505531,"goreScore":0.031180590391159058}},{"FrameIndex":8700,"Adult":{"isAdultContent":false,"isRacyContent":false,"isGoryContent":false,"adultScore":0.0010883548529818654,"racyScore":0.0020624038297683,"goreScore":0.0008083278080448508}},{"FrameIndex":8730,"Adult":{"isAdultContent":false,"isRacyContent":false,"isGoryContent":false,"adultScore":0.0010617123916745186,"racyScore":0.0020502209663391113,"goreScore":0.0007980100926943123}},{"FrameIndex":8760,"Adult":{"isAdultContent":false,"isRacyContent":false,"isGoryContent":false,"adultScore":0.0010703734587877989,"racyScore":0.0020108066964894533,"goreScore":0.0008283322094939649}},{"FrameIndex":8790,"Adult":{"isAdultContent":false,"isRacyContent":false,"isGoryContent":false,"adultScore":0.001034915680065751,"racyScore":0.0019490381237119436,"goreScore":0.000755663204472512}},{"FrameIndex":8820,"Adult":{"isAdultContent":false,"isRacyContent":false,"isGoryContent":false,"adultScore":0.0010190688772127032,"racyScore":0.0019638212397694588,"goreScore":0.0007726807962171733}},{"FrameIndex":8850,"Adult":{"isAdultContent":false,"isRacyContent":false,"isGoryContent":false,"adultScore":0.0010722281876951456,"racyScore":0.0020323421340435743,"goreScore":0.0008168478962033987}},{"FrameIndex":8880,"Adult":{"isAdultContent":false,"isRacyContent":false,"isGoryContent":false,"adultScore":0.001060286769643426,"racyScore":0.0020339321345090866,"goreScore":0.0008200741722248495}},{"FrameIndex":8910,"Adult":{"isAdultContent":false,"isRacyContent":false,"isGoryContent":false,"adultScore":0.0010481917997822165,"racyScore":0.002059740014374256,"goreScore":0.0007462961948476732}},{"FrameIndex":8940,"Adult":{"isAdultContent":false,"isRacyContent":false,"isGoryContent":false,"adultScore":0.7484663724899292,"racyScore":0.9008543491363525,"goreScore":0.007391702383756638}},{"FrameIndex":8970,"Adult":{"isAdultContent":false,"isRacyContent":false,"isGoryContent":false,"adultScore":0.7307657599449158,"racyScore":0.8352044820785522,"goreScore":0.05744387209415436}},{"FrameIndex":9000,"Adult":{"isAdultContent":false,"isRacyContent":false,"isGoryContent":false,"adultScore":0.02022259309887886,"racyScore":0.036515817046165466,"goreScore":0.20607465505599976}},{"FrameIndex":9030,"Adult":{"isAdultContent":false,"isRacyContent":false,"isGoryContent":true,"adultScore":0.006631543394178152,"racyScore":0.011442874558269978,"goreScore":0.6365188956260681}},{"FrameIndex":9060,"Adult":{"isAdultContent":false,"isRacyContent":false,"isGoryContent":false,"adultScore":0.041146762669086456,"racyScore":0.04650309681892395,"goreScore":0.0017515504732728004}},{"FrameIndex":9090,"Adult":{"isAdultContent":false,"isRacyContent":false,"isGoryContent":false,"adultScore":0.000894729106221348,"racyScore":0.002546085277572274,"goreScore":0.0009553211275488138}},{"FrameIndex":9120,"Adult":{"isAdultContent":false,"isRacyContent":false,"isGoryContent":false,"adultScore":0.0010541988303884864,"racyScore":0.0024727284908294678,"goreScore":0.0007357687572948635}},{"FrameIndex":9150,"Adult":{"isAdultContent":false,"isRacyContent":false,"isGoryContent":false,"adultScore":0.0007298284326680005,"racyScore":0.0018401830457150936,"goreScore":0.0005914309294894338}},{"FrameIndex":9180,"Adult":{"isAdultContent":false,"isRacyContent":false,"isGoryContent":false,"adultScore":0.08796944469213486,"racyScore":0.108604297041893,"goreScore":0.46178433299064636}},{"FrameIndex":9210,"Adult":{"isAdultContent":false,"isRacyContent":false,"isGoryContent":false,"adultScore":0.19637519121170044,"racyScore":0.24714858829975128,"goreScore":0.2520322799682617}},{"FrameIndex":9240,"Adult":{"isAdultContent":false,"isRacyContent":false,"isGoryContent":false,"adultScore":0.09947452694177628,"racyScore":0.13433873653411865,"goreScore":0.2286626100540161}},{"FrameIndex":9270,"Adult":{"isAdultContent":false,"isRacyContent":false,"isGoryContent":false,"adultScore":0.09101618826389313,"racyScore":0.12440785765647888,"goreScore":0.22392283380031586}},{"FrameIndex":9300,"Adult":{"isAdultContent":false,"isRacyContent":false,"isGoryContent":false,"adultScore":0.2481815367937088,"racyScore":0.3176618814468384,"goreScore":0.17288313806056976}},{"FrameIndex":9330,"Adult":{"isAdultContent":false,"isRacyContent":false,"isGoryContent":false,"adultScore":0.17916178703308105,"racyScore":0.23508839309215546,"goreScore":0.18868403136730194}},{"FrameIndex":9360,"Adult":{"isAdultContent":false,"isRacyContent":false,"isGoryContent":false,"adultScore":0.18817852437496185,"racyScore":0.24207572638988495,"goreScore":0.1692354828119278}},{"FrameIndex":9390,"Adult":{"isAdultContent":false,"isRacyContent":false,"isGoryContent":false,"adultScore":0.10604154318571091,"racyScore":0.14224404096603394,"goreScore":0.14959995448589325}},{"FrameIndex":9420,"Adult":{"isAdultContent":false,"isRacyContent":false,"isGoryContent":false,"adultScore":0.18633632361888885,"racyScore":0.24494224786758423,"goreScore":0.15135543048381805}},{"FrameIndex":9450,"Adult":{"isAdultContent":false,"isRacyContent":false,"isGoryContent":false,"adultScore":0.02980661764740944,"racyScore":0.03743882477283478,"goreScore":0.16850106418132782}},{"FrameIndex":9480,"Adult":{"isAdultContent":false,"isRacyContent":false,"isGoryContent":false,"adultScore":0.0312873050570488,"racyScore":0.03903216868638992,"goreScore":0.16142842173576355}},{"FrameIndex":9510,"Adult":{"isAdultContent":false,"isRacyContent":false,"isGoryContent":false,"adultScore":0.034620899707078934,"racyScore":0.04322082921862602,"goreScore":0.15956120193004608}},{"FrameIndex":9540,"Adult":{"isAdultContent":false,"isRacyContent":false,"isGoryContent":false,"adultScore":0.029483167454600334,"racyScore":0.036465875804424286,"goreScore":0.16793401539325714}},{"FrameIndex":9570,"Adult":{"isAdultContent":false,"isRacyContent":false,"isGoryContent":false,"adultScore":0.014186290092766285,"racyScore":0.02978922799229622,"goreScore":0.4970971643924713}},{"FrameIndex":9600,"Adult":{"isAdultContent":false,"isRacyContent":false,"isGoryContent":true,"adultScore":0.028100712224841118,"racyScore":0.039347875863313675,"goreScore":0.6235911250114441}},{"FrameIndex":9630,"Adult":{"isAdultContent":false,"isRacyContent":false,"isGoryContent":false,"adultScore":0.029266076162457466,"racyScore":0.039810605347156525,"goreScore":0.4850688576698303}},{"FrameIndex":9660,"Adult":{"isAdultContent":false,"isRacyContent":false,"isGoryContent":false,"adultScore":0.4768526554107666,"racyScore":0.6623238325119019,"goreScore":0.03244361653923988}},{"FrameIndex":9690,"Adult":{"isAdultContent":false,"isRacyContent":false,"isGoryContent":false,"adultScore":0.5061341524124146,"racyScore":0.6379543542861938,"goreScore":0.03851211071014404}},{"FrameIndex":9720,"Adult":{"isAdultContent":false,"isRacyContent":false,"isGoryContent":false,"adultScore":0.4188816547393799,"racyScore":0.5381842851638794,"goreScore":0.041912101209163666}},{"FrameIndex":9750,"Adult":{"isAdultContent":false,"isRacyContent":false,"isGoryContent":false,"adultScore":0.0012797183590009809,"racyScore":0.0022667720913887024,"goreScore":0.0007218489772640169}},{"FrameIndex":9780,"Adult":{"isAdultContent":false,"isRacyContent":false,"isGoryContent":false,"adultScore":0.0013620308600366116,"racyScore":0.002358675468713045,"goreScore":0.0006264131516218185}},{"FrameIndex":9810,"Adult":{"isAdultContent":false,"isRacyContent":false,"isGoryContent":false,"adultScore":0.002128943335264921,"racyScore":0.003296459559351206,"goreScore":0.000537392043042928}},{"FrameIndex":9840,"Adult":{"isAdultContent":false,"isRacyContent":false,"isGoryContent":false,"adultScore":0.0019705689046531916,"racyScore":0.002899014391005039,"goreScore":0.0005353610031306744}},{"FrameIndex":9870,"Adult":{"isAdultContent":false,"isRacyContent":false,"isGoryContent":false,"adultScore":0.0040065571665763855,"racyScore":0.0066035231575369835,"goreScore":0.0020735079888254404}},{"FrameIndex":9900,"Adult":{"isAdultContent":false,"isRacyContent":false,"isGoryContent":false,"adultScore":0.010475946590304375,"racyScore":0.01576528325676918,"goreScore":0.00875985436141491}},{"FrameIndex":9930,"Adult":{"isAdultContent":false,"isRacyContent":false,"isGoryContent":false,"adultScore":0.004879418294876814,"racyScore":0.008073695935308933,"goreScore":0.006244348362088203}},{"FrameIndex":9960,"Adult":{"isAdultContent":false,"isRacyContent":false,"isGoryContent":false,"adultScore":0.004004091024398804,"racyScore":0.006796048954129219,"goreScore":0.005219652783125639}},{"FrameIndex":9990,"Adult":{"isAdultContent":false,"isRacyContent":false,"isGoryContent":false,"adultScore":0.016233574599027634,"racyScore":0.026876669377088547,"goreScore":0.025249572470784187}},{"FrameIndex":10020,"Adult":{"isAdultContent":false,"isRacyContent":false,"isGoryContent":false,"adultScore":0.018202651292085648,"racyScore":0.028975754976272583,"goreScore":0.017666274681687355}},{"FrameIndex":10050,"Adult":{"isAdultContent":false,"isRacyContent":false,"isGoryContent":false,"adultScore":0.026857836171984673,"racyScore":0.04029634967446327,"goreScore":0.03289002925157547}},{"FrameIndex":10080,"Adult":{"isAdultContent":false,"isRacyContent":false,"isGoryContent":false,"adultScore":0.002495533088222146,"racyScore":0.004103933461010456,"goreScore":0.001614177948795259}},{"FrameIndex":10110,"Adult":{"isAdultContent":false,"isRacyContent":false,"isGoryContent":false,"adultScore":0.0009956713765859604,"racyScore":0.001993929734453559,"goreScore":0.0006396840326488018}},{"FrameIndex":10140,"Adult":{"isAdultContent":false,"isRacyContent":false,"isGoryContent":false,"adultScore":0.0009351143380627036,"racyScore":0.0018738210201263428,"goreScore":0.0006594540900550783}},{"FrameIndex":10170,"Adult":{"isAdultContent":false,"isRacyContent":false,"isGoryContent":false,"adultScore":0.0010336700361222029,"racyScore":0.002013838617131114,"goreScore":0.0006881580920889974}},{"FrameIndex":10200,"Adult":{"isAdultContent":false,"isRacyContent":false,"isGoryContent":false,"adultScore":0.000976851093582809,"racyScore":0.0019514773739501834,"goreScore":0.0006858987035229802}},{"FrameIndex":10230,"Adult":{"isAdultContent":false,"isRacyContent":false,"isGoryContent":false,"adultScore":0.0010808322113007307,"racyScore":0.002084690146148205,"goreScore":0.0006392677896656096}},{"FrameIndex":10260,"Adult":{"isAdultContent":false,"isRacyContent":false,"isGoryContent":false,"adultScore":0.0010399912716820836,"racyScore":0.001996363513171673,"goreScore":0.0006540456670336425}},{"FrameIndex":10290,"Adult":{"isAdultContent":false,"isRacyContent":false,"isGoryContent":false,"adultScore":0.0010294251842424273,"racyScore":0.0020012008026242256,"goreScore":0.000713172135874629}},{"FrameIndex":10320,"Adult":{"isAdultContent":false,"isRacyContent":false,"isGoryContent":false,"adultScore":0.0010022211354225874,"racyScore":0.0019163255346938968,"goreScore":0.0006509727099910378}},{"FrameIndex":10350,"Adult":{"isAdultContent":false,"isRacyContent":false,"isGoryContent":false,"adultScore":0.0009096306166611612,"racyScore":0.0018816273659467697,"goreScore":0.0006095584249123931}},{"FrameIndex":10380,"Adult":{"isAdultContent":false,"isRacyContent":false,"isGoryContent":false,"adultScore":0.0010318844579160213,"racyScore":0.00202464172616601,"goreScore":0.0006492951652035117}},{"FrameIndex":10410,"Adult":{"isAdultContent":false,"isRacyContent":false,"isGoryContent":false,"adultScore":0.0009442640584893525,"racyScore":0.0018717690836638212,"goreScore":0.0007098997011780739}},{"FrameIndex":10440,"Adult":{"isAdultContent":false,"isRacyContent":false,"isGoryContent":false,"adultScore":0.0009537693695165217,"racyScore":0.001903544063679874,"goreScore":0.0006695098127238452}},{"FrameIndex":10470,"Adult":{"isAdultContent":false,"isRacyContent":false,"isGoryContent":false,"adultScore":0.0010529792634770274,"racyScore":0.002015342004597187,"goreScore":0.0006724878330715001}},{"FrameIndex":10500,"Adult":{"isAdultContent":false,"isRacyContent":false,"isGoryContent":false,"adultScore":0.000997238210402429,"racyScore":0.0019528104458004236,"goreScore":0.0006618383340537548}},{"FrameIndex":10530,"Adult":{"isAdultContent":false,"isRacyContent":false,"isGoryContent":false,"adultScore":0.018248828127980232,"racyScore":0.025021713227033615,"goreScore":0.015591070987284184}},{"FrameIndex":10560,"Adult":{"isAdultContent":false,"isRacyContent":false,"isGoryContent":false,"adultScore":0.011400332674384117,"racyScore":0.01621706597507,"goreScore":0.012225575745105743}},{"FrameIndex":10590,"Adult":{"isAdultContent":false,"isRacyContent":false,"isGoryContent":false,"adultScore":0.009616118855774403,"racyScore":0.013085792772471905,"goreScore":0.017004244029521942}},{"FrameIndex":10620,"Adult":{"isAdultContent":false,"isRacyContent":false,"isGoryContent":false,"adultScore":0.0011237384751439095,"racyScore":0.001988269155845046,"goreScore":0.000608069181907922}},{"FrameIndex":10650,"Adult":{"isAdultContent":false,"isRacyContent":false,"isGoryContent":false,"adultScore":0.0015551610849797726,"racyScore":0.0025517153553664684,"goreScore":0.00037290260661393404}},{"FrameIndex":10680,"Adult":{"isAdultContent":false,"isRacyContent":false,"isGoryContent":false,"adultScore":0.0012958034640178084,"racyScore":0.0021998495794832706,"goreScore":0.0005058174137957394}},{"FrameIndex":10710,"Adult":{"isAdultContent":false,"isRacyContent":false,"isGoryContent":false,"adultScore":0.05152971297502518,"racyScore":0.17835339903831482,"goreScore":0.0020796828903257847}},{"FrameIndex":10740,"Adult":{"isAdultContent":false,"isRacyContent":false,"isGoryContent":false,"adultScore":0.01942651905119419,"racyScore":0.10874961316585541,"goreScore":0.0018194577423855662}},{"FrameIndex":10770,"Adult":{"isAdultContent":false,"isRacyContent":false,"isGoryContent":false,"adultScore":0.008415238000452518,"racyScore":0.017813993617892265,"goreScore":0.0010686638997867703}},{"FrameIndex":10800,"Adult":{"isAdultContent":false,"isRacyContent":false,"isGoryContent":false,"adultScore":0.011041790246963501,"racyScore":0.029336491599678993,"goreScore":0.0011078971438109875}},{"FrameIndex":10830,"Adult":{"isAdultContent":false,"isRacyContent":false,"isGoryContent":false,"adultScore":0.0037690652534365654,"racyScore":0.018423330038785934,"goreScore":0.0006999244214966893}},{"FrameIndex":10860,"Adult":{"isAdultContent":false,"isRacyContent":false,"isGoryContent":false,"adultScore":0.017734233289957047,"racyScore":0.045329853892326355,"goreScore":0.004237873945385218}},{"FrameIndex":10890,"Adult":{"isAdultContent":false,"isRacyContent":false,"isGoryContent":false,"adultScore":0.003411435754969716,"racyScore":0.008793200366199017,"goreScore":0.0009040417498908937}},{"FrameIndex":10920,"Adult":{"isAdultContent":false,"isRacyContent":false,"isGoryContent":false,"adultScore":0.014149867929518223,"racyScore":0.02165352739393711,"goreScore":0.0010525652905926108}},{"FrameIndex":10950,"Adult":{"isAdultContent":false,"isRacyContent":false,"isGoryContent":false,"adultScore":0.00538230873644352,"racyScore":0.006734893191605806,"goreScore":0.0010380559833720326}},{"FrameIndex":10980,"Adult":{"isAdultContent":false,"isRacyContent":false,"isGoryContent":false,"adultScore":0.0037206164561212063,"racyScore":0.0054465895518660545,"goreScore":0.003548368578776717}},{"FrameIndex":11010,"Adult":{"isAdultContent":false,"isRacyContent":false,"isGoryContent":false,"adultScore":0.002169448882341385,"racyScore":0.0038371821865439415,"goreScore":0.002092253416776657}},{"FrameIndex":11040,"Adult":{"isAdultContent":false,"isRacyContent":false,"isGoryContent":false,"adultScore":0.0030277951154857874,"racyScore":0.009641659446060658,"goreScore":0.0005381940864026546}},{"FrameIndex":11070,"Adult":{"isAdultContent":false,"isRacyContent":false,"isGoryContent":false,"adultScore":0.000980632146820426,"racyScore":0.0019229116151109338,"goreScore":0.000678042764775455}},{"FrameIndex":11100,"Adult":{"isAdultContent":false,"isRacyContent":false,"isGoryContent":false,"adultScore":0.07367898523807526,"racyScore":0.18253105878829956,"goreScore":0.05294037237763405}},{"FrameIndex":11130,"Adult":{"isAdultContent":false,"isRacyContent":false,"isGoryContent":false,"adultScore":0.09690938144922256,"racyScore":0.21565070748329163,"goreScore":0.057468898594379425}},{"FrameIndex":11160,"Adult":{"isAdultContent":false,"isRacyContent":false,"isGoryContent":false,"adultScore":0.05330657213926315,"racyScore":0.08903932571411133,"goreScore":0.1539578139781952}},{"FrameIndex":11190,"Adult":{"isAdultContent":false,"isRacyContent":false,"isGoryContent":false,"adultScore":0.030574124306440353,"racyScore":0.10488855838775635,"goreScore":0.044231414794921875}},{"FrameIndex":11220,"Adult":{"isAdultContent":false,"isRacyContent":false,"isGoryContent":false,"adultScore":0.010668139904737473,"racyScore":0.03961998224258423,"goreScore":0.0058899251744151115}},{"FrameIndex":11250,"Adult":{"isAdultContent":false,"isRacyContent":false,"isGoryContent":false,"adultScore":0.009684378281235695,"racyScore":0.034278374165296555,"goreScore":0.007543953135609627}},{"FrameIndex":11280,"Adult":{"isAdultContent":false,"isRacyContent":false,"isGoryContent":false,"adultScore":0.03293535113334656,"racyScore":0.05647043511271477,"goreScore":0.034370437264442444}},{"FrameIndex":11310,"Adult":{"isAdultContent":false,"isRacyContent":false,"isGoryContent":false,"adultScore":0.07452194392681122,"racyScore":0.13125835359096527,"goreScore":0.0583745576441288}},{"FrameIndex":11340,"Adult":{"isAdultContent":false,"isRacyContent":false,"isGoryContent":false,"adultScore":0.20132604241371155,"racyScore":0.2916991412639618,"goreScore":0.02633383870124817}},{"FrameIndex":11370,"Adult":{"isAdultContent":false,"isRacyContent":false,"isGoryContent":false,"adultScore":0.018993573263287544,"racyScore":0.0213425662368536,"goreScore":0.0031416527926921844}},{"FrameIndex":11400,"Adult":{"isAdultContent":false,"isRacyContent":false,"isGoryContent":false,"adultScore":0.006181016564369202,"racyScore":0.008704258129000664,"goreScore":0.0011250806273892522}},{"FrameIndex":11430,"Adult":{"isAdultContent":false,"isRacyContent":false,"isGoryContent":false,"adultScore":0.019579457119107246,"racyScore":0.023046817630529404,"goreScore":0.0023442464880645275}},{"FrameIndex":11460,"Adult":{"isAdultContent":false,"isRacyContent":false,"isGoryContent":false,"adultScore":0.012059394270181656,"racyScore":0.014351721853017807,"goreScore":0.0012600484769791365}},{"FrameIndex":11490,"Adult":{"isAdultContent":false,"isRacyContent":false,"isGoryContent":false,"adultScore":0.029923895373940468,"racyScore":0.032038088887929916,"goreScore":0.046056922525167465}},{"FrameIndex":11520,"Adult":{"isAdultContent":false,"isRacyContent":false,"isGoryContent":false,"adultScore":0.019912324845790863,"racyScore":0.021558728069067,"goreScore":0.018944427371025085}},{"FrameIndex":11550,"Adult":{"isAdultContent":false,"isRacyContent":false,"isGoryContent":false,"adultScore":0.0036567735951393843,"racyScore":0.004367419984191656,"goreScore":0.0027672001160681248}},{"FrameIndex":11580,"Adult":{"isAdultContent":false,"isRacyContent":false,"isGoryContent":false,"adultScore":0.0010239607654511929,"racyScore":0.001924935495480895,"goreScore":0.0006826710887253284}},{"FrameIndex":11610,"Adult":{"isAdultContent":false,"isRacyContent":false,"isGoryContent":false,"adultScore":0.0009617704199627042,"racyScore":0.0018693150486797094,"goreScore":0.000675130751915276}},{"FrameIndex":11640,"Adult":{"isAdultContent":false,"isRacyContent":false,"isGoryContent":false,"adultScore":0.0010432734852656722,"racyScore":0.0020195688121020794,"goreScore":0.0006644883542321622}},{"FrameIndex":11670,"Adult":{"isAdultContent":false,"isRacyContent":false,"isGoryContent":false,"adultScore":0.0009175526793114841,"racyScore":0.001867231447249651,"goreScore":0.0004941429942846298}},{"FrameIndex":11700,"Adult":{"isAdultContent":false,"isRacyContent":false,"isGoryContent":false,"adultScore":0.0011263337219133973,"racyScore":0.0020733370911329985,"goreScore":0.0006819646805524826}},{"FrameIndex":11730,"Adult":{"isAdultContent":false,"isRacyContent":false,"isGoryContent":false,"adultScore":0.0011726811062544584,"racyScore":0.0021084705367684364,"goreScore":0.0007673813379369676}},{"FrameIndex":11760,"Adult":{"isAdultContent":false,"isRacyContent":false,"isGoryContent":false,"adultScore":0.0010385534260421991,"racyScore":0.002011371310800314,"goreScore":0.0008544749580323696}},{"FrameIndex":11790,"Adult":{"isAdultContent":false,"isRacyContent":false,"isGoryContent":false,"adultScore":0.001126692513935268,"racyScore":0.0020689601078629494,"goreScore":0.0007518554339185357}},{"FrameIndex":11820,"Adult":{"isAdultContent":false,"isRacyContent":false,"isGoryContent":false,"adultScore":0.0011424041585996747,"racyScore":0.002103028818964958,"goreScore":0.0008006760617718101}},{"FrameIndex":11850,"Adult":{"isAdultContent":false,"isRacyContent":false,"isGoryContent":false,"adultScore":0.0012427489273250103,"racyScore":0.002261724090203643,"goreScore":0.000627360655926168}},{"FrameIndex":11880,"Adult":{"isAdultContent":false,"isRacyContent":false,"isGoryContent":false,"adultScore":0.0012752014445140958,"racyScore":0.0023483503609895706,"goreScore":0.0005966420867480338}},{"FrameIndex":11910,"Adult":{"isAdultContent":false,"isRacyContent":false,"isGoryContent":false,"adultScore":0.0012943058973178267,"racyScore":0.002361656166613102,"goreScore":0.0005813056486658752}},{"FrameIndex":11940,"Adult":{"isAdultContent":false,"isRacyContent":false,"isGoryContent":false,"adultScore":0.0012659175554290414,"racyScore":0.0023326175287365913,"goreScore":0.0005882410914637148}},{"FrameIndex":11970,"Adult":{"isAdultContent":false,"isRacyContent":false,"isGoryContent":false,"adultScore":0.0011732926359400153,"racyScore":0.0021595642901957035,"goreScore":0.0006509623490273952}},{"FrameIndex":12000,"Adult":{"isAdultContent":false,"isRacyContent":false,"isGoryContent":false,"adultScore":0.0011656908318400383,"racyScore":0.0021158219315111637,"goreScore":0.0008406103006564081}},{"FrameIndex":12030,"Adult":{"isAdultContent":false,"isRacyContent":false,"isGoryContent":false,"adultScore":0.001021573436446488,"racyScore":0.0019827939104288816,"goreScore":0.0007534345495514572}},{"FrameIndex":12060,"Adult":{"isAdultContent":false,"isRacyContent":false,"isGoryContent":false,"adultScore":0.0010407695081084967,"racyScore":0.0020055926870554686,"goreScore":0.0007413841667585075}},{"FrameIndex":12090,"Adult":{"isAdultContent":false,"isRacyContent":false,"isGoryContent":false,"adultScore":0.0011075150687247515,"racyScore":0.002058201003819704,"goreScore":0.0007441647467203438}},{"FrameIndex":12120,"Adult":{"isAdultContent":false,"isRacyContent":false,"isGoryContent":false,"adultScore":0.0011249094968661666,"racyScore":0.0021100291050970554,"goreScore":0.0007496489561162889}},{"FrameIndex":12150,"Adult":{"isAdultContent":false,"isRacyContent":false,"isGoryContent":false,"adultScore":0.0011901863617822528,"racyScore":0.0021722642704844475,"goreScore":0.00070688541745767}},{"FrameIndex":12180,"Adult":{"isAdultContent":false,"isRacyContent":false,"isGoryContent":false,"adultScore":0.001122253481298685,"racyScore":0.002067153574898839,"goreScore":0.0007936512120068073}},{"FrameIndex":12210,"Adult":{"isAdultContent":false,"isRacyContent":false,"isGoryContent":false,"adultScore":0.0010405253851786256,"racyScore":0.001960896421223879,"goreScore":0.0007305715116672218}},{"FrameIndex":12240,"Adult":{"isAdultContent":false,"isRacyContent":false,"isGoryContent":false,"adultScore":0.0010464242659509182,"racyScore":0.001989438198506832,"goreScore":0.000781059090513736}},{"FrameIndex":12270,"Adult":{"isAdultContent":false,"isRacyContent":false,"isGoryContent":false,"adultScore":0.0011448666919022799,"racyScore":0.0021372283808887005,"goreScore":0.0007567016291432083}},{"FrameIndex":12300,"Adult":{"isAdultContent":false,"isRacyContent":false,"isGoryContent":false,"adultScore":0.001113683683797717,"racyScore":0.002084831241518259,"goreScore":0.0008153904345817864}},{"FrameIndex":12330,"Adult":{"isAdultContent":false,"isRacyContent":false,"isGoryContent":false,"adultScore":0.008920791558921337,"racyScore":0.011105387471616268,"goreScore":0.07846391201019287}},{"FrameIndex":12360,"Adult":{"isAdultContent":false,"isRacyContent":false,"isGoryContent":false,"adultScore":0.008279861882328987,"racyScore":0.010301074013113976,"goreScore":0.017826681956648827}},{"FrameIndex":12390,"Adult":{"isAdultContent":false,"isRacyContent":false,"isGoryContent":false,"adultScore":0.0047041927464306355,"racyScore":0.0057995556853711605,"goreScore":0.015289445407688618}},{"FrameIndex":12420,"Adult":{"isAdultContent":false,"isRacyContent":false,"isGoryContent":false,"adultScore":0.0062695881351828575,"racyScore":0.0080088060349226,"goreScore":0.037551265209913254}},{"FrameIndex":12450,"Adult":{"isAdultContent":false,"isRacyContent":false,"isGoryContent":false,"adultScore":0.0019129912834614515,"racyScore":0.006646895781159401,"goreScore":0.0007898203912191093}},{"FrameIndex":12480,"Adult":{"isAdultContent":false,"isRacyContent":false,"isGoryContent":false,"adultScore":0.018449906259775162,"racyScore":0.03779909759759903,"goreScore":0.3353474736213684}},{"FrameIndex":12510,"Adult":{"isAdultContent":false,"isRacyContent":false,"isGoryContent":false,"adultScore":0.015802178531885147,"racyScore":0.05481170862913132,"goreScore":0.3141308128833771}},{"FrameIndex":12540,"Adult":{"isAdultContent":false,"isRacyContent":false,"isGoryContent":false,"adultScore":0.014887138269841671,"racyScore":0.05557071045041084,"goreScore":0.2859601080417633}},{"FrameIndex":12570,"Adult":{"isAdultContent":false,"isRacyContent":false,"isGoryContent":false,"adultScore":0.011893931776285172,"racyScore":0.07403071969747543,"goreScore":0.2604520916938782}},{"FrameIndex":12600,"Adult":{"isAdultContent":false,"isRacyContent":false,"isGoryContent":false,"adultScore":0.011486857198178768,"racyScore":0.07584138214588165,"goreScore":0.41791799664497375}},{"FrameIndex":12630,"Adult":{"isAdultContent":false,"isRacyContent":false,"isGoryContent":false,"adultScore":0.013212934136390686,"racyScore":0.06955353915691376,"goreScore":0.19785265624523163}},{"FrameIndex":12660,"Adult":{"isAdultContent":false,"isRacyContent":false,"isGoryContent":false,"adultScore":0.0034900782629847527,"racyScore":0.007618764415383339,"goreScore":0.0015792847843840718}},{"FrameIndex":12690,"Adult":{"isAdultContent":false,"isRacyContent":false,"isGoryContent":false,"adultScore":0.0014816545881330967,"racyScore":0.0026820688508450985,"goreScore":0.0008274225401692092}},{"FrameIndex":12720,"Adult":{"isAdultContent":false,"isRacyContent":false,"isGoryContent":false,"adultScore":0.002411953406408429,"racyScore":0.004186748061329126,"goreScore":0.0010771468514576554}},{"FrameIndex":12750,"Adult":{"isAdultContent":false,"isRacyContent":false,"isGoryContent":false,"adultScore":0.00342519860714674,"racyScore":0.0070128352381289005,"goreScore":0.0006624155794270337}},{"FrameIndex":12780,"Adult":{"isAdultContent":false,"isRacyContent":false,"isGoryContent":false,"adultScore":0.0008494591456837952,"racyScore":0.0018167819362133741,"goreScore":0.0005591218359768391}},{"FrameIndex":12810,"Adult":{"isAdultContent":false,"isRacyContent":false,"isGoryContent":false,"adultScore":0.22676101326942444,"racyScore":0.319130003452301,"goreScore":0.025519348680973053}},{"FrameIndex":12840,"Adult":{"isAdultContent":false,"isRacyContent":false,"isGoryContent":false,"adultScore":0.07649828493595123,"racyScore":0.10422293841838837,"goreScore":0.009631329216063023}},{"FrameIndex":12870,"Adult":{"isAdultContent":false,"isRacyContent":false,"isGoryContent":false,"adultScore":0.04723285883665085,"racyScore":0.05649002641439438,"goreScore":0.01032435055822134}},{"FrameIndex":12900,"Adult":{"isAdultContent":false,"isRacyContent":false,"isGoryContent":false,"adultScore":0.03639848157763481,"racyScore":0.04234786704182625,"goreScore":0.011021857149899006}},{"FrameIndex":12930,"Adult":{"isAdultContent":false,"isRacyContent":false,"isGoryContent":false,"adultScore":0.04824243485927582,"racyScore":0.05432988703250885,"goreScore":0.008166846819221973}},{"FrameIndex":12960,"Adult":{"isAdultContent":false,"isRacyContent":false,"isGoryContent":false,"adultScore":0.02658694237470627,"racyScore":0.03149794042110443,"goreScore":0.010573972947895527}},{"FrameIndex":12990,"Adult":{"isAdultContent":false,"isRacyContent":false,"isGoryContent":false,"adultScore":0.0034942785277962685,"racyScore":0.006162912119179964,"goreScore":0.0008919850806705654}},{"FrameIndex":13020,"Adult":{"isAdultContent":false,"isRacyContent":false,"isGoryContent":false,"adultScore":0.007810765411704779,"racyScore":0.009937738999724388,"goreScore":0.0014744172804057598}},{"FrameIndex":13050,"Adult":{"isAdultContent":false,"isRacyContent":false,"isGoryContent":false,"adultScore":0.008280699141323566,"racyScore":0.010396990925073624,"goreScore":0.0013408887898549438}},{"FrameIndex":13080,"Adult":{"isAdultContent":false,"isRacyContent":false,"isGoryContent":false,"adultScore":0.008835888467729092,"racyScore":0.011565079912543297,"goreScore":0.0017242765752598643}},{"FrameIndex":13110,"Adult":{"isAdultContent":false,"isRacyContent":false,"isGoryContent":false,"adultScore":0.004507261328399181,"racyScore":0.00894913636147976,"goreScore":0.0013498052721843123}},{"FrameIndex":13140,"Adult":{"isAdultContent":false,"isRacyContent":false,"isGoryContent":false,"adultScore":0.006342942360788584,"racyScore":0.008260635659098625,"goreScore":0.000663465412799269}},{"FrameIndex":13170,"Adult":{"isAdultContent":false,"isRacyContent":false,"isGoryContent":false,"adultScore":0.009434996172785759,"racyScore":0.012341810390353203,"goreScore":0.0010609538294374943}},{"FrameIndex":13200,"Adult":{"isAdultContent":false,"isRacyContent":false,"isGoryContent":false,"adultScore":0.14564719796180725,"racyScore":0.17331841588020325,"goreScore":0.16918040812015533}},{"FrameIndex":13230,"Adult":{"isAdultContent":false,"isRacyContent":false,"isGoryContent":false,"adultScore":0.10332602262496948,"racyScore":0.12588033080101013,"goreScore":0.1829279214143753}},{"FrameIndex":13260,"Adult":{"isAdultContent":false,"isRacyContent":false,"isGoryContent":false,"adultScore":0.10065694153308868,"racyScore":0.12054982036352158,"goreScore":0.11844895035028458}},{"FrameIndex":13290,"Adult":{"isAdultContent":false,"isRacyContent":false,"isGoryContent":false,"adultScore":0.09314754605293274,"racyScore":0.104422427713871,"goreScore":0.12398771941661835}},{"FrameIndex":13320,"Adult":{"isAdultContent":false,"isRacyContent":false,"isGoryContent":false,"adultScore":0.056776609271764755,"racyScore":0.06474147737026215,"goreScore":0.15888561308383942}},{"FrameIndex":13350,"Adult":{"isAdultContent":false,"isRacyContent":false,"isGoryContent":false,"adultScore":0.07043742388486862,"racyScore":0.076677106320858,"goreScore":0.11497633159160614}},{"FrameIndex":13380,"Adult":{"isAdultContent":false,"isRacyContent":false,"isGoryContent":false,"adultScore":0.6203082799911499,"racyScore":0.6382266283035278,"goreScore":0.05917653813958168}},{"FrameIndex":13410,"Adult":{"isAdultContent":false,"isRacyContent":false,"isGoryContent":false,"adultScore":0.004096260294318199,"racyScore":0.00606326200067997,"goreScore":0.0006222040974535048}},{"FrameIndex":13440,"Adult":{"isAdultContent":false,"isRacyContent":false,"isGoryContent":false,"adultScore":0.00298011745326221,"racyScore":0.004351494368165731,"goreScore":0.0006845957250334322}},{"FrameIndex":13470,"Adult":{"isAdultContent":false,"isRacyContent":false,"isGoryContent":false,"adultScore":0.00298011745326221,"racyScore":0.004351494368165731,"goreScore":0.0006845957250334322}},{"FrameIndex":13500,"Adult":{"isAdultContent":false,"isRacyContent":false,"isGoryContent":false,"adultScore":0.00298011745326221,"racyScore":0.004351494368165731,"goreScore":0.0006845957250334322}},{"FrameIndex":13530,"Adult":{"isAdultContent":false,"isRacyContent":false,"isGoryContent":false,"adultScore":0.03483152389526367,"racyScore":0.0589471310377121,"goreScore":0.011294401250779629}},{"FrameIndex":13560,"Adult":{"isAdultContent":false,"isRacyContent":false,"isGoryContent":false,"adultScore":0.03483152389526367,"racyScore":0.0589471310377121,"goreScore":0.011294401250779629}}]}