{"algoVersion": "5.1.2406231", "schemaVersion": "0.0.1", "results": [{"id": 1, "type": "Bottle", "wikiDataID": "Q80228", "instances": [{"x": 0.28281, "y": 0.26944, "width": 0.30781, "height": 0.73056, "frame": 1209, "start": "0:00:40.3403", "end": "0:00:40.373667", "confidence": 0.509, "detection_class": "bottle", "isBest": true}, {"x": 0.28125, "y": 0.26944, "width": 0.30938, "height": 0.73056, "frame": 1210, "start": "0:00:40.373667", "end": "0:00:40.407033", "confidence": 0.0, "detection_class": null}, {"x": 0.27969, "y": 0.26944, "width": 0.31094, "height": 0.73056, "frame": 1211, "start": "0:00:40.407033", "end": "0:00:40.4404", "confidence": 0.0, "detection_class": null}, {"x": 0.27813, "y": 0.27222, "width": 0.3125, "height": 0.72778, "frame": 1212, "start": "0:00:40.4404", "end": "0:00:40.473767", "confidence": 0.0, "detection_class": null}, {"x": 0.27656, "y": 0.27222, "width": 0.31406, "height": 0.72778, "frame": 1213, "start": "0:00:40.473767", "end": "0:00:40.507133", "confidence": 0.0, "detection_class": null}, {"x": 0.275, "y": 0.275, "width": 0.31562, "height": 0.725, "frame": 1214, "start": "0:00:40.507133", "end": "0:00:40.5405", "confidence": 0.0, "detection_class": null}, {"x": 0.27344, "y": 0.275, "width": 0.31719, "height": 0.725, "frame": 1215, "start": "0:00:40.5405", "end": "0:00:40.573867", "confidence": 0.0, "detection_class": null}, {"x": 0.27187, "y": 0.275, "width": 0.31875, "height": 0.725, "frame": 1216, "start": "0:00:40.573867", "end": "0:00:40.607233", "confidence": 0.0, "detection_class": null}, {"x": 0.27031, "y": 0.27778, "width": 0.32031, "height": 0.72222, "frame": 1217, "start": "0:00:40.607233", "end": "0:00:40.6406", "confidence": 0.0, "detection_class": null}, {"x": 0.26875, "y": 0.27778, "width": 0.32188, "height": 0.72222, "frame": 1218, "start": "0:00:40.6406", "end": "0:00:40.673967", "confidence": 0.0, "detection_class": null}, {"x": 0.26719, "y": 0.28056, "width": 0.325, "height": 0.71944, "frame": 1219, "start": "0:00:40.673967", "end": "0:00:40.707333", "confidence": 0.562, "detection_class": "bottle"}]}, {"id": 2, "type": "Handbag", "wikiDataID": "Q467505", "instances": [{"x": 0.72344, "y": 0.42778, "width": 0.05, "height": 0.16389, "frame": 11394, "start": "0:06:20.1798", "end": "0:06:20.213167", "confidence": 0.35, "detection_class": "handbag", "isBest": true}, {"x": 0.72188, "y": 0.42778, "width": 0.05156, "height": 0.16389, "frame": 11395, "start": "0:06:20.213167", "end": "0:06:20.246533", "confidence": 0.0, "detection_class": null}, {"x": 0.72188, "y": 0.42778, "width": 0.05156, "height": 0.16389, "frame": 11396, "start": "0:06:20.246533", "end": "0:06:20.2799", "confidence": 0.0, "detection_class": null}, {"x": 0.72188, "y": 0.42778, "width": 0.05312, "height": 0.16389, "frame": 11397, "start": "0:06:20.2799", "end": "0:06:20.313267", "confidence": 0.0, "detection_class": null}, {"x": 0.72188, "y": 0.42778, "width": 0.05312, "height": 0.16389, "frame": 11398, "start": "0:06:20.313267", "end": "0:06:20.346633", "confidence": 0.0, "detection_class": null}, {"x": 0.72188, "y": 0.42778, "width": 0.05469, "height": 0.16389, "frame": 11399, "start": "0:06:20.346633", "end": "0:06:20.38", "confidence": 0.444, "detection_class": "handbag"}, {"x": 0.72344, "y": 0.43056, "width": 0.05156, "height": 0.16111, "frame": 11400, "start": "0:06:20.38", "end": "0:06:20.413367", "confidence": 0.0, "detection_class": null}, {"x": 0.725, "y": 0.43333, "width": 0.05, "height": 0.15833, "frame": 11401, "start": "0:06:20.413367", "end": "0:06:20.446733", "confidence": 0.0, "detection_class": null}, {"x": 0.72656, "y": 0.43889, "width": 0.04844, "height": 0.15556, "frame": 11402, "start": "0:06:20.446733", "end": "0:06:20.4801", "confidence": 0.0, "detection_class": null}, {"x": 0.72813, "y": 0.44167, "width": 0.04688, "height": 0.15278, "frame": 11403, "start": "0:06:20.4801", "end": "0:06:20.513467", "confidence": 0.0, "detection_class": null}, {"x": 0.72969, "y": 0.44722, "width": 0.04531, "height": 0.15, "frame": 11404, "start": "0:06:20.513467", "end": "0:06:20.546833", "confidence": 0.407, "detection_class": "handbag"}]}], "low_confidence_results": []}