{"Fps":30.0,"Results":[{"FrameIndex":0,"Adult":{"isAdultContent":false,"isRacyContent":false,"isGoryContent":false,"adultScore":0.0017316327430307865,"racyScore":0.002834615297615528,"goreScore":0.00019128438725601882}},{"FrameIndex":30,"Adult":{"isAdultContent":false,"isRacyContent":false,"isGoryContent":false,"adultScore":0.0016732492949813604,"racyScore":0.004197067581117153,"goreScore":0.00032435805769637227}},{"FrameIndex":60,"Adult":{"isAdultContent":false,"isRacyContent":false,"isGoryContent":false,"adultScore":0.000823474139906466,"racyScore":0.001550971413962543,"goreScore":0.0002741659409366548}},{"FrameIndex":90,"Adult":{"isAdultContent":false,"isRacyContent":false,"isGoryContent":false,"adultScore":0.0007060721982270479,"racyScore":0.0014993561198934913,"goreScore":0.00027434012736193836}},{"FrameIndex":120,"Adult":{"isAdultContent":false,"isRacyContent":false,"isGoryContent":false,"adultScore":0.00083114393055439,"racyScore":0.0015933713875710964,"goreScore":0.00031932638376019895}},{"FrameIndex":150,"Adult":{"isAdultContent":false,"isRacyContent":false,"isGoryContent":false,"adultScore":0.0015017424011602998,"racyScore":0.002534163184463978,"goreScore":0.00043032615212723613}},{"FrameIndex":180,"Adult":{"isAdultContent":false,"isRacyContent":false,"isGoryContent":false,"adultScore":0.000970852910540998,"racyScore":0.0017753737047314644,"goreScore":0.0003011155058629811}},{"FrameIndex":210,"Adult":{"isAdultContent":false,"isRacyContent":false,"isGoryContent":false,"adultScore":0.0016964550595730543,"racyScore":0.0026002253871411085,"goreScore":0.00041766033973544836}},{"FrameIndex":240,"Adult":{"isAdultContent":false,"isRacyContent":false,"isGoryContent":false,"adultScore":0.002929453970864415,"racyScore":0.00414254842326045,"goreScore":0.0005329246632754803}},{"FrameIndex":270,"Adult":{"isAdultContent":false,"isRacyContent":false,"isGoryContent":false,"adultScore":0.0022897401358932257,"racyScore":0.0033789060544222593,"goreScore":0.0004928598646074533}},{"FrameIndex":300,"Adult":{"isAdultContent":false,"isRacyContent":false,"isGoryContent":false,"adultScore":0.001394436927512288,"racyScore":0.002242014277726412,"goreScore":0.0004753003013320267}},{"FrameIndex":330,"Adult":{"isAdultContent":false,"isRacyContent":false,"isGoryContent":false,"adultScore":0.0017241574823856354,"racyScore":0.002707345876842737,"goreScore":0.0004659484256990254}},{"FrameIndex":360,"Adult":{"isAdultContent":false,"isRacyContent":false,"isGoryContent":false,"adultScore":0.0023368995171040297,"racyScore":0.0035374576691538095,"goreScore":0.0004351584939286113}},{"FrameIndex":390,"Adult":{"isAdultContent":false,"isRacyContent":false,"isGoryContent":false,"adultScore":0.007837200537323952,"racyScore":0.008549638092517853,"goreScore":0.001120207947678864}},{"FrameIndex":420,"Adult":{"isAdultContent":false,"isRacyContent":false,"isGoryContent":false,"adultScore":0.006537391804158688,"racyScore":0.007176403887569904,"goreScore":0.002308752154931426}},{"FrameIndex":450,"Adult":{"isAdultContent":false,"isRacyContent":false,"isGoryContent":false,"adultScore":0.006924927234649658,"racyScore":0.007545526139438152,"goreScore":0.003061007708311081}},{"FrameIndex":480,"Adult":{"isAdultContent":false,"isRacyContent":false,"isGoryContent":false,"adultScore":0.010160792618989944,"racyScore":0.010890311561524868,"goreScore":0.0011654723202809691}},{"FrameIndex":510,"Adult":{"isAdultContent":false,"isRacyContent":false,"isGoryContent":false,"adultScore":0.01103680394589901,"racyScore":0.011806651018559933,"goreScore":0.0021832517813891172}},{"FrameIndex":540,"Adult":{"isAdultContent":false,"isRacyContent":false,"isGoryContent":false,"adultScore":0.01958584226667881,"racyScore":0.022937994450330734,"goreScore":0.0032856801990419626}},{"FrameIndex":570,"Adult":{"isAdultContent":false,"isRacyContent":false,"isGoryContent":false,"adultScore":0.014169890433549881,"racyScore":0.02210690826177597,"goreScore":0.002118790755048394}},{"FrameIndex":600,"Adult":{"isAdultContent":false,"isRacyContent":false,"isGoryContent":false,"adultScore":0.004129770677536726,"racyScore":0.005325050558894873,"goreScore":0.0005199886509217322}},{"FrameIndex":630,"Adult":{"isAdultContent":false,"isRacyContent":false,"isGoryContent":false,"adultScore":0.0035075750201940536,"racyScore":0.0039005365688353777,"goreScore":0.0003193642187397927}},{"FrameIndex":660,"Adult":{"isAdultContent":false,"isRacyContent":false,"isGoryContent":false,"adultScore":0.0006250563892535865,"racyScore":0.0008709544781595469,"goreScore":0.00020981048874091357}},{"FrameIndex":690,"Adult":{"isAdultContent":false,"isRacyContent":false,"isGoryContent":false,"adultScore":0.10355891287326813,"racyScore":0.36619192361831665,"goreScore":0.1380854994058609}},{"FrameIndex":720,"Adult":{"isAdultContent":false,"isRacyContent":false,"isGoryContent":false,"adultScore":0.22534753382205963,"racyScore":0.3982387185096741,"goreScore":0.044454727321863174}},{"FrameIndex":750,"Adult":{"isAdultContent":false,"isRacyContent":false,"isGoryContent":false,"adultScore":0.07763035595417023,"racyScore":0.11701247841119766,"goreScore":0.16077357530593872}},{"FrameIndex":780,"Adult":{"isAdultContent":false,"isRacyContent":false,"isGoryContent":false,"adultScore":0.0016948747215792537,"racyScore":0.0027624759823083878,"goreScore":0.00036966774496249855}},{"FrameIndex":810,"Adult":{"isAdultContent":false,"isRacyContent":false,"isGoryContent":false,"adultScore":0.003999911714345217,"racyScore":0.005410679616034031,"goreScore":0.0004955974291078746}},{"FrameIndex":840,"Adult":{"isAdultContent":false,"isRacyContent":false,"isGoryContent":false,"adultScore":0.0010475609451532364,"racyScore":0.0017276812577620149,"goreScore":0.0004459578776732087}},{"FrameIndex":870,"Adult":{"isAdultContent":false,"isRacyContent":false,"isGoryContent":false,"adultScore":0.000934487790800631,"racyScore":0.0016075579915195704,"goreScore":0.0004754132532980293}},{"FrameIndex":900,"Adult":{"isAdultContent":false,"isRacyContent":false,"isGoryContent":false,"adultScore":0.0018902153242379427,"racyScore":0.0033822893165051937,"goreScore":0.0004163920530118048}},{"FrameIndex":930,"Adult":{"isAdultContent":false,"isRacyContent":false,"isGoryContent":false,"adultScore":0.001371601945720613,"racyScore":0.0025663115084171295,"goreScore":0.00038712428067810833}},{"FrameIndex":960,"Adult":{"isAdultContent":false,"isRacyContent":false,"isGoryContent":false,"adultScore":0.01309831440448761,"racyScore":0.01596619375050068,"goreScore":0.0006407459150068462}},{"FrameIndex":990,"Adult":{"isAdultContent":false,"isRacyContent":false,"isGoryContent":false,"adultScore":0.01059508416801691,"racyScore":0.015119588933885098,"goreScore":0.0004055507597513497}},{"FrameIndex":1020,"Adult":{"isAdultContent":false,"isRacyContent":false,"isGoryContent":false,"adultScore":0.0011408370919525623,"racyScore":0.002022890839725733,"goreScore":0.0006886528572067618}},{"FrameIndex":1050,"Adult":{"isAdultContent":false,"isRacyContent":false,"isGoryContent":false,"adultScore":0.05710621550679207,"racyScore":0.06677572429180145,"goreScore":0.0022932991851121187}},{"FrameIndex":1080,"Adult":{"isAdultContent":false,"isRacyContent":false,"isGoryContent":false,"adultScore":0.0017696165014058352,"racyScore":0.00274449004791677,"goreScore":0.0006658068159595132}},{"FrameIndex":1110,"Adult":{"isAdultContent":false,"isRacyContent":false,"isGoryContent":false,"adultScore":0.0015605336520820856,"racyScore":0.002499386202543974,"goreScore":0.0006582735804840922}},{"FrameIndex":1140,"Adult":{"isAdultContent":false,"isRacyContent":false,"isGoryContent":false,"adultScore":0.001600061310455203,"racyScore":0.0026210187934339046,"goreScore":0.0007376749417744577}},{"FrameIndex":1170,"Adult":{"isAdultContent":false,"isRacyContent":false,"isGoryContent":false,"adultScore":0.0012220761273056269,"racyScore":0.0021982984617352486,"goreScore":0.0009326694998890162}},{"FrameIndex":1200,"Adult":{"isAdultContent":false,"isRacyContent":false,"isGoryContent":false,"adultScore":0.001253604656085372,"racyScore":0.002244850154966116,"goreScore":0.001002879929728806}},{"FrameIndex":1230,"Adult":{"isAdultContent":false,"isRacyContent":false,"isGoryContent":false,"adultScore":0.00614861911162734,"racyScore":0.012304880656301975,"goreScore":0.0004413877904880792}},{"FrameIndex":1260,"Adult":{"isAdultContent":false,"isRacyContent":false,"isGoryContent":false,"adultScore":0.0016799494624137878,"racyScore":0.0030744806863367558,"goreScore":0.0004053395241498947}},{"FrameIndex":1290,"Adult":{"isAdultContent":false,"isRacyContent":false,"isGoryContent":false,"adultScore":0.0012066798517480493,"racyScore":0.0021160223986953497,"goreScore":0.0005137859261594713}},{"FrameIndex":1320,"Adult":{"isAdultContent":false,"isRacyContent":false,"isGoryContent":false,"adultScore":0.0059843589551746845,"racyScore":0.011636592447757721,"goreScore":0.0010656289523467422}},{"FrameIndex":1350,"Adult":{"isAdultContent":false,"isRacyContent":false,"isGoryContent":false,"adultScore":0.08763096481561661,"racyScore":0.12383905798196793,"goreScore":0.12832842767238617}},{"FrameIndex":1380,"Adult":{"isAdultContent":false,"isRacyContent":false,"isGoryContent":false,"adultScore":0.8831087946891785,"racyScore":0.9081737995147705,"goreScore":0.022276844829320908}},{"FrameIndex":1410,"Adult":{"isAdultContent":false,"isRacyContent":false,"isGoryContent":false,"adultScore":0.0014645009068772197,"racyScore":0.002526638563722372,"goreScore":0.001203808351419866}},{"FrameIndex":1440,"Adult":{"isAdultContent":false,"isRacyContent":false,"isGoryContent":false,"adultScore":0.0016321302391588688,"racyScore":0.0024151401594281197,"goreScore":0.0011405058903619647}},{"FrameIndex":1470,"Adult":{"isAdultContent":false,"isRacyContent":false,"isGoryContent":false,"adultScore":0.001039865193888545,"racyScore":0.0018482233863323927,"goreScore":0.0005754265002906322}},{"FrameIndex":1500,"Adult":{"isAdultContent":false,"isRacyContent":false,"isGoryContent":false,"adultScore":0.19982114434242249,"racyScore":0.2911938428878784,"goreScore":0.03352421149611473}},{"FrameIndex":1530,"Adult":{"isAdultContent":false,"isRacyContent":false,"isGoryContent":false,"adultScore":0.2674125134944916,"racyScore":0.35860466957092285,"goreScore":0.01761901006102562}},{"FrameIndex":1560,"Adult":{"isAdultContent":false,"isRacyContent":false,"isGoryContent":false,"adultScore":0.011239261366426945,"racyScore":0.025459570810198784,"goreScore":0.010741246864199638}},{"FrameIndex":1590,"Adult":{"isAdultContent":false,"isRacyContent":false,"isGoryContent":false,"adultScore":0.010191671550273895,"racyScore":0.02353883907198906,"goreScore":0.006817352958023548}},{"FrameIndex":1620,"Adult":{"isAdultContent":false,"isRacyContent":false,"isGoryContent":false,"adultScore":0.004664486274123192,"racyScore":0.016818951815366745,"goreScore":0.0013443614589050412}},{"FrameIndex":1650,"Adult":{"isAdultContent":false,"isRacyContent":false,"isGoryContent":false,"adultScore":0.010220467112958431,"racyScore":0.014838474802672863,"goreScore":0.0025109900161623955}},{"FrameIndex":1680,"Adult":{"isAdultContent":false,"isRacyContent":false,"isGoryContent":false,"adultScore":0.004886810667812824,"racyScore":0.005679806228727102,"goreScore":0.0010979131329804659}},{"FrameIndex":1710,"Adult":{"isAdultContent":false,"isRacyContent":false,"isGoryContent":false,"adultScore":0.010191790759563446,"racyScore":0.011658650822937489,"goreScore":0.0017316568410024047}},{"FrameIndex":1740,"Adult":{"isAdultContent":false,"isRacyContent":false,"isGoryContent":false,"adultScore":0.0010597332147881389,"racyScore":0.0018742685206234455,"goreScore":0.0008339116466231644}},{"FrameIndex":1770,"Adult":{"isAdultContent":false,"isRacyContent":false,"isGoryContent":false,"adultScore":0.0010364403715357184,"racyScore":0.0018567752558737993,"goreScore":0.0008501051343046129}},{"FrameIndex":1800,"Adult":{"isAdultContent":false,"isRacyContent":false,"isGoryContent":false,"adultScore":0.0010164458071812987,"racyScore":0.001819636207073927,"goreScore":0.0008450433379039168}},{"FrameIndex":1830,"Adult":{"isAdultContent":false,"isRacyContent":false,"isGoryContent":false,"adultScore":0.000990951550193131,"racyScore":0.0017924134153872728,"goreScore":0.0009105723584070802}},{"FrameIndex":1860,"Adult":{"isAdultContent":false,"isRacyContent":false,"isGoryContent":false,"adultScore":0.0009955632267519832,"racyScore":0.0017685136990621686,"goreScore":0.0008792314329184592}},{"FrameIndex":1890,"Adult":{"isAdultContent":false,"isRacyContent":false,"isGoryContent":false,"adultScore":0.0010221329284831882,"racyScore":0.0018037462141364813,"goreScore":0.0008862660615704954}},{"FrameIndex":1920,"Adult":{"isAdultContent":false,"isRacyContent":false,"isGoryContent":false,"adultScore":0.0011278835590928793,"racyScore":0.001956940395757556,"goreScore":0.0007707934710197151}},{"FrameIndex":1950,"Adult":{"isAdultContent":false,"isRacyContent":false,"isGoryContent":false,"adultScore":0.0013645760482177138,"racyScore":0.002222494687885046,"goreScore":0.0008597758132964373}},{"FrameIndex":1980,"Adult":{"isAdultContent":false,"isRacyContent":false,"isGoryContent":false,"adultScore":0.0014045065036043525,"racyScore":0.002285518916323781,"goreScore":0.0008493002969771624}},{"FrameIndex":2010,"Adult":{"isAdultContent":false,"isRacyContent":false,"isGoryContent":false,"adultScore":0.0022174527402967215,"racyScore":0.0032611615024507046,"goreScore":0.0009991807164624333}},{"FrameIndex":2040,"Adult":{"isAdultContent":false,"isRacyContent":false,"isGoryContent":false,"adultScore":0.001559340744279325,"racyScore":0.0025873975828289986,"goreScore":0.0009651067084632814}},{"FrameIndex":2070,"Adult":{"isAdultContent":false,"isRacyContent":false,"isGoryContent":false,"adultScore":0.001254927716217935,"racyScore":0.002152045024558902,"goreScore":0.0008332510478794575}},{"FrameIndex":2100,"Adult":{"isAdultContent":false,"isRacyContent":false,"isGoryContent":false,"adultScore":0.0009800452971830964,"racyScore":0.0017498100642114878,"goreScore":0.0008151194197125733}},{"FrameIndex":2130,"Adult":{"isAdultContent":false,"isRacyContent":false,"isGoryContent":false,"adultScore":0.0007800126331858337,"racyScore":0.0013859993778169155,"goreScore":0.0005610228981822729}},{"FrameIndex":2160,"Adult":{"isAdultContent":false,"isRacyContent":false,"isGoryContent":false,"adultScore":0.0007002028287388384,"racyScore":0.0011894723866134882,"goreScore":0.0004799354646820575}},{"FrameIndex":2190,"Adult":{"isAdultContent":false,"isRacyContent":false,"isGoryContent":false,"adultScore":0.0006569331744685769,"racyScore":0.001140639535151422,"goreScore":0.0004752759705297649}},{"FrameIndex":2220,"Adult":{"isAdultContent":false,"isRacyContent":false,"isGoryContent":false,"adultScore":0.0004966103588230908,"racyScore":0.0008824447868391871,"goreScore":0.00042762671364471316}},{"FrameIndex":2250,"Adult":{"isAdultContent":false,"isRacyContent":false,"isGoryContent":false,"adultScore":0.000807492935564369,"racyScore":0.0012787231244146824,"goreScore":0.0005686755757778883}},{"FrameIndex":2280,"Adult":{"isAdultContent":false,"isRacyContent":false,"isGoryContent":false,"adultScore":0.0008027485455386341,"racyScore":0.001267341780476272,"goreScore":0.0005640265881083906}},{"FrameIndex":2310,"Adult":{"isAdultContent":false,"isRacyContent":false,"isGoryContent":false,"adultScore":0.0008027485455386341,"racyScore":0.001267341780476272,"goreScore":0.0005640265881083906}},{"FrameIndex":2340,"Adult":{"isAdultContent":false,"isRacyContent":false,"isGoryContent":false,"adultScore":0.0008027485455386341,"racyScore":0.001267341780476272,"goreScore":0.0005640265881083906}},{"FrameIndex":2370,"Adult":{"isAdultContent":false,"isRacyContent":false,"isGoryContent":false,"adultScore":0.0008098934777081013,"racyScore":0.0012584354262799025,"goreScore":0.00044223765144124627}},{"FrameIndex":2400,"Adult":{"isAdultContent":false,"isRacyContent":false,"isGoryContent":false,"adultScore":0.0009593935101293027,"racyScore":0.0015834923833608627,"goreScore":0.0004891054122708738}},{"FrameIndex":2430,"Adult":{"isAdultContent":false,"isRacyContent":false,"isGoryContent":false,"adultScore":0.000824956689029932,"racyScore":0.0013476824387907982,"goreScore":0.00047878932673484087}},{"FrameIndex":2460,"Adult":{"isAdultContent":false,"isRacyContent":false,"isGoryContent":false,"adultScore":0.0007626381702721119,"racyScore":0.001259000739082694,"goreScore":0.0004916191683150828}},{"FrameIndex":2490,"Adult":{"isAdultContent":false,"isRacyContent":false,"isGoryContent":false,"adultScore":0.0007626381702721119,"racyScore":0.001259000739082694,"goreScore":0.0004916191683150828}},{"FrameIndex":2520,"Adult":{"isAdultContent":false,"isRacyContent":false,"isGoryContent":false,"adultScore":0.0007626381702721119,"racyScore":0.001259000739082694,"goreScore":0.0004916191683150828}},{"FrameIndex":2550,"Adult":{"isAdultContent":false,"isRacyContent":false,"isGoryContent":false,"adultScore":0.001035418943502009,"racyScore":0.0018924172036349773,"goreScore":0.0006820277776569128}},{"FrameIndex":2580,"Adult":{"isAdultContent":false,"isRacyContent":false,"isGoryContent":false,"adultScore":0.0010458052856847644,"racyScore":0.0018663761438801885,"goreScore":0.0005821388331241906}},{"FrameIndex":2610,"Adult":{"isAdultContent":false,"isRacyContent":false,"isGoryContent":false,"adultScore":0.0012805190635845065,"racyScore":0.002069221343845129,"goreScore":0.0005995799438096583}},{"FrameIndex":2640,"Adult":{"isAdultContent":false,"isRacyContent":false,"isGoryContent":false,"adultScore":0.0012366445735096931,"racyScore":0.002959120087325573,"goreScore":0.00018827449821401387}},{"FrameIndex":2670,"Adult":{"isAdultContent":false,"isRacyContent":false,"isGoryContent":false,"adultScore":0.00905016902834177,"racyScore":0.012421400286257267,"goreScore":0.0008837538189254701}},{"FrameIndex":2700,"Adult":{"isAdultContent":false,"isRacyContent":false,"isGoryContent":false,"adultScore":0.008658508770167828,"racyScore":0.011811623349785805,"goreScore":0.0018058114219456911}},{"FrameIndex":2730,"Adult":{"isAdultContent":false,"isRacyContent":false,"isGoryContent":false,"adultScore":0.0540655180811882,"racyScore":0.10772183537483215,"goreScore":0.0014317149762064219}},{"FrameIndex":2760,"Adult":{"isAdultContent":false,"isRacyContent":false,"isGoryContent":false,"adultScore":0.011464078910648823,"racyScore":0.018595870584249496,"goreScore":0.3305913209915161}},{"FrameIndex":2790,"Adult":{"isAdultContent":false,"isRacyContent":false,"isGoryContent":false,"adultScore":0.006632649339735508,"racyScore":0.013528529554605484,"goreScore":0.34892258048057556}},{"FrameIndex":2820,"Adult":{"isAdultContent":false,"isRacyContent":false,"isGoryContent":false,"adultScore":0.014625253155827522,"racyScore":0.02105937898159027,"goreScore":0.3139747679233551}},{"FrameIndex":2850,"Adult":{"isAdultContent":false,"isRacyContent":false,"isGoryContent":false,"adultScore":0.0016508870758116245,"racyScore":0.0031957412138581276,"goreScore":0.0026273438706994057}},{"FrameIndex":2880,"Adult":{"isAdultContent":false,"isRacyContent":false,"isGoryContent":false,"adultScore":0.0059593310579657555,"racyScore":0.02227894589304924,"goreScore":0.0007425813819281757}},{"FrameIndex":2910,"Adult":{"isAdultContent":false,"isRacyContent":false,"isGoryContent":false,"adultScore":0.00521908700466156,"racyScore":0.009448902681469917,"goreScore":0.0005483643035404384}},{"FrameIndex":2940,"Adult":{"isAdultContent":false,"isRacyContent":false,"isGoryContent":false,"adultScore":0.006392627954483032,"racyScore":0.008012497797608376,"goreScore":0.0007657788228243589}},{"FrameIndex":2970,"Adult":{"isAdultContent":false,"isRacyContent":false,"isGoryContent":false,"adultScore":0.0012088741641491652,"racyScore":0.0022668936289846897,"goreScore":0.0009618404437787831}},{"FrameIndex":3000,"Adult":{"isAdultContent":false,"isRacyContent":false,"isGoryContent":false,"adultScore":0.0011628674110397696,"racyScore":0.002131920773535967,"goreScore":0.0010096790501847863}},{"FrameIndex":3030,"Adult":{"isAdultContent":false,"isRacyContent":false,"isGoryContent":false,"adultScore":0.0007830075919628143,"racyScore":0.0016267583705484867,"goreScore":0.0007751520606689155}},{"FrameIndex":3060,"Adult":{"isAdultContent":false,"isRacyContent":false,"isGoryContent":false,"adultScore":0.000943806255236268,"racyScore":0.0016645730938762426,"goreScore":0.0006826372118666768}},{"FrameIndex":3090,"Adult":{"isAdultContent":false,"isRacyContent":false,"isGoryContent":false,"adultScore":0.0010160139063373208,"racyScore":0.001853220397606492,"goreScore":0.0006581111229024827}},{"FrameIndex":3120,"Adult":{"isAdultContent":false,"isRacyContent":false,"isGoryContent":false,"adultScore":0.017976103350520134,"racyScore":0.028643060475587845,"goreScore":0.5568267703056335}},{"FrameIndex":3150,"Adult":{"isAdultContent":false,"isRacyContent":false,"isGoryContent":false,"adultScore":0.07205332070589066,"racyScore":0.10371629893779755,"goreScore":0.22891268134117126}},{"FrameIndex":3180,"Adult":{"isAdultContent":false,"isRacyContent":false,"isGoryContent":false,"adultScore":0.001029496779665351,"racyScore":0.0018027807818725705,"goreScore":0.0006135773728601635}},{"FrameIndex":3210,"Adult":{"isAdultContent":false,"isRacyContent":false,"isGoryContent":false,"adultScore":0.0010594683699309826,"racyScore":0.0018741919193416834,"goreScore":0.000676934199873358}},{"FrameIndex":3240,"Adult":{"isAdultContent":false,"isRacyContent":false,"isGoryContent":false,"adultScore":0.0008168238564394414,"racyScore":0.0015177768655121326,"goreScore":0.0005207619396969676}},{"FrameIndex":3270,"Adult":{"isAdultContent":false,"isRacyContent":false,"isGoryContent":false,"adultScore":0.0009329831809736788,"racyScore":0.0016964575042948127,"goreScore":0.0005875254282727838}},{"FrameIndex":3300,"Adult":{"isAdultContent":false,"isRacyContent":false,"isGoryContent":false,"adultScore":0.015195759944617748,"racyScore":0.06998416036367416,"goreScore":0.0008296658052131534}},{"FrameIndex":3330,"Adult":{"isAdultContent":false,"isRacyContent":false,"isGoryContent":false,"adultScore":0.001547838794067502,"racyScore":0.0034316133242100477,"goreScore":0.000731952372007072}},{"FrameIndex":3360,"Adult":{"isAdultContent":false,"isRacyContent":false,"isGoryContent":false,"adultScore":0.00564162340015173,"racyScore":0.008975358679890633,"goreScore":0.0005738225881941617}},{"FrameIndex":3390,"Adult":{"isAdultContent":false,"isRacyContent":false,"isGoryContent":false,"adultScore":0.025094585493206978,"racyScore":0.0336482860147953,"goreScore":0.022022878751158714}},{"FrameIndex":3420,"Adult":{"isAdultContent":false,"isRacyContent":false,"isGoryContent":false,"adultScore":0.004012788645923138,"racyScore":0.006569502875208855,"goreScore":0.01990654692053795}},{"FrameIndex":3450,"Adult":{"isAdultContent":false,"isRacyContent":false,"isGoryContent":false,"adultScore":0.003323863260447979,"racyScore":0.00568227656185627,"goreScore":0.020215582102537155}},{"FrameIndex":3480,"Adult":{"isAdultContent":false,"isRacyContent":false,"isGoryContent":false,"adultScore":0.0008773959125392139,"racyScore":0.001806373242288828,"goreScore":0.00048491297638975084}},{"FrameIndex":3510,"Adult":{"isAdultContent":false,"isRacyContent":false,"isGoryContent":false,"adultScore":0.0020124230068176985,"racyScore":0.005869606044143438,"goreScore":0.0005338720511645079}},{"FrameIndex":3540,"Adult":{"isAdultContent":false,"isRacyContent":false,"isGoryContent":false,"adultScore":0.004750036634504795,"racyScore":0.017495471984148026,"goreScore":0.005951091647148132}},{"FrameIndex":3570,"Adult":{"isAdultContent":false,"isRacyContent":false,"isGoryContent":false,"adultScore":0.001028365339152515,"racyScore":0.0019294992089271545,"goreScore":0.0007748815114609897}},{"FrameIndex":3600,"Adult":{"isAdultContent":false,"isRacyContent":false,"isGoryContent":false,"adultScore":0.001085992087610066,"racyScore":0.002036075573414564,"goreScore":0.0009417773107998073}},{"FrameIndex":3630,"Adult":{"isAdultContent":false,"isRacyContent":false,"isGoryContent":false,"adultScore":0.0012924199691042304,"racyScore":0.0023706848733127117,"goreScore":0.0007647209567949176}},{"FrameIndex":3660,"Adult":{"isAdultContent":false,"isRacyContent":false,"isGoryContent":false,"adultScore":0.09445999562740326,"racyScore":0.12052996456623077,"goreScore":0.003144128480926156}},{"FrameIndex":3690,"Adult":{"isAdultContent":false,"isRacyContent":false,"isGoryContent":false,"adultScore":0.18763892352581024,"racyScore":0.22697588801383972,"goreScore":0.0031145361717790365}},{"FrameIndex":3720,"Adult":{"isAdultContent":false,"isRacyContent":false,"isGoryContent":false,"adultScore":0.0011429940350353718,"racyScore":0.0019515010062605143,"goreScore":0.0005087667959742248}},{"FrameIndex":3750,"Adult":{"isAdultContent":false,"isRacyContent":false,"isGoryContent":false,"adultScore":0.00759965181350708,"racyScore":0.011809004470705986,"goreScore":0.0007616626098752022}},{"FrameIndex":3780,"Adult":{"isAdultContent":false,"isRacyContent":false,"isGoryContent":false,"adultScore":0.024873651564121246,"racyScore":0.028043944388628006,"goreScore":0.000714476453140378}},{"FrameIndex":3810,"Adult":{"isAdultContent":false,"isRacyContent":false,"isGoryContent":false,"adultScore":0.006180847529321909,"racyScore":0.011307638138532639,"goreScore":0.0005302272620610893}},{"FrameIndex":3840,"Adult":{"isAdultContent":false,"isRacyContent":false,"isGoryContent":false,"adultScore":0.005493622738867998,"racyScore":0.008357113227248192,"goreScore":0.0006175506277941167}},{"FrameIndex":3870,"Adult":{"isAdultContent":false,"isRacyContent":false,"isGoryContent":false,"adultScore":0.0007895596791058779,"racyScore":0.0018838470568880439,"goreScore":0.0006975166616030037}},{"FrameIndex":3900,"Adult":{"isAdultContent":false,"isRacyContent":false,"isGoryContent":false,"adultScore":0.0007483334047719836,"racyScore":0.002114458940923214,"goreScore":0.0005228727823123336}},{"FrameIndex":3930,"Adult":{"isAdultContent":false,"isRacyContent":false,"isGoryContent":false,"adultScore":0.0009181968052871525,"racyScore":0.0019083977676928043,"goreScore":0.0008611831581220031}},{"FrameIndex":3960,"Adult":{"isAdultContent":false,"isRacyContent":false,"isGoryContent":false,"adultScore":0.00262296455912292,"racyScore":0.004338804166764021,"goreScore":0.0014419270446524024}},{"FrameIndex":3990,"Adult":{"isAdultContent":false,"isRacyContent":false,"isGoryContent":false,"adultScore":0.002978171221911907,"racyScore":0.004279222805052996,"goreScore":0.009894478134810925}},{"FrameIndex":4020,"Adult":{"isAdultContent":false,"isRacyContent":false,"isGoryContent":false,"adultScore":0.0026039048098027706,"racyScore":0.004265907220542431,"goreScore":0.005587070714682341}},{"FrameIndex":4050,"Adult":{"isAdultContent":false,"isRacyContent":false,"isGoryContent":false,"adultScore":0.0011042593978345394,"racyScore":0.0022326605394482613,"goreScore":0.002219198737293482}},{"FrameIndex":4080,"Adult":{"isAdultContent":false,"isRacyContent":false,"isGoryContent":false,"adultScore":0.0019883867353200912,"racyScore":0.00348800141364336,"goreScore":0.019429408013820648}},{"FrameIndex":4110,"Adult":{"isAdultContent":false,"isRacyContent":false,"isGoryContent":false,"adultScore":0.003065194468945265,"racyScore":0.004633578937500715,"goreScore":0.016967371106147766}},{"FrameIndex":4140,"Adult":{"isAdultContent":false,"isRacyContent":false,"isGoryContent":false,"adultScore":0.004904833156615496,"racyScore":0.006117765326052904,"goreScore":0.0022169179283082485}},{"FrameIndex":4170,"Adult":{"isAdultContent":false,"isRacyContent":false,"isGoryContent":false,"adultScore":0.0041398340836167336,"racyScore":0.00545818917453289,"goreScore":0.0017880229279398918}},{"FrameIndex":4200,"Adult":{"isAdultContent":false,"isRacyContent":false,"isGoryContent":false,"adultScore":0.00484479172155261,"racyScore":0.00992656871676445,"goreScore":0.03033829666674137}},{"FrameIndex":4230,"Adult":{"isAdultContent":false,"isRacyContent":false,"isGoryContent":false,"adultScore":0.006788246799260378,"racyScore":0.011858131736516953,"goreScore":0.03833514451980591}},{"FrameIndex":4260,"Adult":{"isAdultContent":false,"isRacyContent":false,"isGoryContent":false,"adultScore":0.008663040585815907,"racyScore":0.017373060807585716,"goreScore":0.02627100981771946}},{"FrameIndex":4290,"Adult":{"isAdultContent":false,"isRacyContent":false,"isGoryContent":false,"adultScore":0.005291163921356201,"racyScore":0.012179987505078316,"goreScore":0.046236101537942886}},{"FrameIndex":4320,"Adult":{"isAdultContent":false,"isRacyContent":false,"isGoryContent":false,"adultScore":0.005658410489559174,"racyScore":0.009024391882121563,"goreScore":0.020256422460079193}},{"FrameIndex":4350,"Adult":{"isAdultContent":false,"isRacyContent":false,"isGoryContent":false,"adultScore":0.024867113679647446,"racyScore":0.04268070310354233,"goreScore":0.029034357517957687}},{"FrameIndex":4380,"Adult":{"isAdultContent":false,"isRacyContent":false,"isGoryContent":false,"adultScore":0.017110440880060196,"racyScore":0.026064284145832062,"goreScore":0.027513539418578148}},{"FrameIndex":4410,"Adult":{"isAdultContent":false,"isRacyContent":false,"isGoryContent":false,"adultScore":0.009350600652396679,"racyScore":0.019181303679943085,"goreScore":0.024178292602300644}},{"FrameIndex":4440,"Adult":{"isAdultContent":false,"isRacyContent":false,"isGoryContent":false,"adultScore":0.005080691538751125,"racyScore":0.025208692997694016,"goreScore":0.0018562928307801485}},{"FrameIndex":4470,"Adult":{"isAdultContent":false,"isRacyContent":false,"isGoryContent":false,"adultScore":0.0009777762461453676,"racyScore":0.0017153993248939514,"goreScore":0.000504756928421557}},{"FrameIndex":4500,"Adult":{"isAdultContent":false,"isRacyContent":false,"isGoryContent":false,"adultScore":0.0015288136200979352,"racyScore":0.0026176907122135162,"goreScore":0.0007862025522626936}},{"FrameIndex":4530,"Adult":{"isAdultContent":false,"isRacyContent":false,"isGoryContent":false,"adultScore":0.0014822366647422314,"racyScore":0.002495843917131424,"goreScore":0.0007500056526623666}},{"FrameIndex":4560,"Adult":{"isAdultContent":false,"isRacyContent":false,"isGoryContent":false,"adultScore":0.0014530208427459002,"racyScore":0.002465625526383519,"goreScore":0.0007573682814836502}},{"FrameIndex":4590,"Adult":{"isAdultContent":false,"isRacyContent":false,"isGoryContent":false,"adultScore":0.0015647388063371181,"racyScore":0.0026259361766278744,"goreScore":0.0007830135291442275}},{"FrameIndex":4620,"Adult":{"isAdultContent":false,"isRacyContent":false,"isGoryContent":false,"adultScore":0.011004881002008915,"racyScore":0.014930576086044312,"goreScore":0.0004962273524142802}},{"FrameIndex":4650,"Adult":{"isAdultContent":false,"isRacyContent":false,"isGoryContent":false,"adultScore":0.004184847231954336,"racyScore":0.005396956577897072,"goreScore":0.0003390854690223932}},{"FrameIndex":4680,"Adult":{"isAdultContent":false,"isRacyContent":false,"isGoryContent":false,"adultScore":0.011521194130182266,"racyScore":0.015929903835058212,"goreScore":0.0014750489499419928}},{"FrameIndex":4710,"Adult":{"isAdultContent":false,"isRacyContent":false,"isGoryContent":false,"adultScore":0.00022690919286105782,"racyScore":0.0010168830631300807,"goreScore":9.354587382404134E-05}},{"FrameIndex":4740,"Adult":{"isAdultContent":false,"isRacyContent":false,"isGoryContent":false,"adultScore":0.0003278524673078209,"racyScore":0.0012192765716463327,"goreScore":0.000117233328637667}},{"FrameIndex":4770,"Adult":{"isAdultContent":false,"isRacyContent":false,"isGoryContent":false,"adultScore":0.005029345862567425,"racyScore":0.006907213479280472,"goreScore":0.000303697248455137}},{"FrameIndex":4800,"Adult":{"isAdultContent":false,"isRacyContent":false,"isGoryContent":false,"adultScore":0.004548664204776287,"racyScore":0.00615866482257843,"goreScore":0.00038317349390126765}},{"FrameIndex":4830,"Adult":{"isAdultContent":false,"isRacyContent":false,"isGoryContent":false,"adultScore":0.002957332180812955,"racyScore":0.0039681196212768555,"goreScore":0.0002876599901355803}},{"FrameIndex":4860,"Adult":{"isAdultContent":false,"isRacyContent":false,"isGoryContent":false,"adultScore":0.01872641034424305,"racyScore":0.022808965295553207,"goreScore":0.002120793564245105}},{"FrameIndex":4890,"Adult":{"isAdultContent":false,"isRacyContent":false,"isGoryContent":false,"adultScore":0.013406524434685707,"racyScore":0.016247395426034927,"goreScore":0.0011392290471121669}},{"FrameIndex":4920,"Adult":{"isAdultContent":false,"isRacyContent":false,"isGoryContent":false,"adultScore":0.0010775311384350061,"racyScore":0.0020185806788504124,"goreScore":0.0007638293318450451}},{"FrameIndex":4950,"Adult":{"isAdultContent":false,"isRacyContent":false,"isGoryContent":false,"adultScore":0.029516931623220444,"racyScore":0.03173770383000374,"goreScore":0.005549047142267227}},{"FrameIndex":4980,"Adult":{"isAdultContent":false,"isRacyContent":false,"isGoryContent":false,"adultScore":0.000940710015129298,"racyScore":0.0017066375585272908,"goreScore":0.0007634054636582732}},{"FrameIndex":5010,"Adult":{"isAdultContent":false,"isRacyContent":false,"isGoryContent":false,"adultScore":0.0010213685454800725,"racyScore":0.0018411052878946066,"goreScore":0.0008931115153245628}},{"FrameIndex":5040,"Adult":{"isAdultContent":false,"isRacyContent":false,"isGoryContent":false,"adultScore":0.004681812599301338,"racyScore":0.006443960592150688,"goreScore":0.0015434768283739686}},{"FrameIndex":5070,"Adult":{"isAdultContent":false,"isRacyContent":false,"isGoryContent":false,"adultScore":0.0027769303414970636,"racyScore":0.004072997719049454,"goreScore":0.0007840165635570884}},{"FrameIndex":5100,"Adult":{"isAdultContent":false,"isRacyContent":false,"isGoryContent":false,"adultScore":0.010359888896346092,"racyScore":0.01842331327497959,"goreScore":0.25324416160583496}},{"FrameIndex":5130,"Adult":{"isAdultContent":false,"isRacyContent":false,"isGoryContent":false,"adultScore":0.0006736511131748557,"racyScore":0.001392706180922687,"goreScore":0.00023421805235557258}},{"FrameIndex":5160,"Adult":{"isAdultContent":false,"isRacyContent":false,"isGoryContent":false,"adultScore":0.0008229924715124071,"racyScore":0.002119282493367791,"goreScore":0.0006689528818242252}},{"FrameIndex":5190,"Adult":{"isAdultContent":false,"isRacyContent":false,"isGoryContent":false,"adultScore":0.0032020905055105686,"racyScore":0.004286070354282856,"goreScore":0.0003656602348200977}},{"FrameIndex":5220,"Adult":{"isAdultContent":false,"isRacyContent":false,"isGoryContent":false,"adultScore":0.0044949594885110855,"racyScore":0.007574727758765221,"goreScore":0.000580245687160641}},{"FrameIndex":5250,"Adult":{"isAdultContent":false,"isRacyContent":false,"isGoryContent":false,"adultScore":0.005064202938228846,"racyScore":0.007079040631651878,"goreScore":0.0005150267388671637}},{"FrameIndex":5280,"Adult":{"isAdultContent":false,"isRacyContent":false,"isGoryContent":false,"adultScore":0.0027510994113981724,"racyScore":0.0034851045347750187,"goreScore":0.002538437256589532}},{"FrameIndex":5310,"Adult":{"isAdultContent":false,"isRacyContent":false,"isGoryContent":false,"adultScore":0.002383096609264612,"racyScore":0.003001314587891102,"goreScore":0.002569937612861395}},{"FrameIndex":5340,"Adult":{"isAdultContent":false,"isRacyContent":false,"isGoryContent":false,"adultScore":0.0011663184268400073,"racyScore":0.002082961145788431,"goreScore":0.0004956044722348452}},{"FrameIndex":5370,"Adult":{"isAdultContent":false,"isRacyContent":false,"isGoryContent":false,"adultScore":0.0012415230739861727,"racyScore":0.0022321012802422047,"goreScore":0.0004456057504285127}},{"FrameIndex":5400,"Adult":{"isAdultContent":false,"isRacyContent":false,"isGoryContent":false,"adultScore":0.0019462143536657095,"racyScore":0.002907231915742159,"goreScore":0.0016334716929122806}},{"FrameIndex":5430,"Adult":{"isAdultContent":false,"isRacyContent":false,"isGoryContent":false,"adultScore":0.0031047414522618055,"racyScore":0.003595527494326234,"goreScore":0.0014710495015606284}},{"FrameIndex":5460,"Adult":{"isAdultContent":false,"isRacyContent":false,"isGoryContent":false,"adultScore":0.003956309054046869,"racyScore":0.0056239585392177105,"goreScore":0.0005848838482052088}},{"FrameIndex":5490,"Adult":{"isAdultContent":false,"isRacyContent":false,"isGoryContent":false,"adultScore":0.0045275501906871796,"racyScore":0.006285933777689934,"goreScore":0.0006184161175042391}},{"FrameIndex":5520,"Adult":{"isAdultContent":false,"isRacyContent":false,"isGoryContent":false,"adultScore":0.004959641024470329,"racyScore":0.006396547891199589,"goreScore":0.0005603482713922858}},{"FrameIndex":5550,"Adult":{"isAdultContent":false,"isRacyContent":false,"isGoryContent":false,"adultScore":0.008660807274281979,"racyScore":0.011214742437005043,"goreScore":0.0009098234586417675}},{"FrameIndex":5580,"Adult":{"isAdultContent":false,"isRacyContent":false,"isGoryContent":false,"adultScore":0.0047650509513914585,"racyScore":0.006080420687794685,"goreScore":0.0008392105810344219}},{"FrameIndex":5610,"Adult":{"isAdultContent":false,"isRacyContent":false,"isGoryContent":false,"adultScore":0.0036891414783895016,"racyScore":0.005029689520597458,"goreScore":0.0018708572024479508}},{"FrameIndex":5640,"Adult":{"isAdultContent":false,"isRacyContent":false,"isGoryContent":false,"adultScore":0.0009148495737463236,"racyScore":0.001582837663590908,"goreScore":0.0003884228353854269}},{"FrameIndex":5670,"Adult":{"isAdultContent":false,"isRacyContent":false,"isGoryContent":false,"adultScore":0.008664386346936226,"racyScore":0.009717540815472603,"goreScore":0.012382520362734795}},{"FrameIndex":5700,"Adult":{"isAdultContent":false,"isRacyContent":false,"isGoryContent":false,"adultScore":0.010594082064926624,"racyScore":0.014094110578298569,"goreScore":0.007265232037752867}},{"FrameIndex":5730,"Adult":{"isAdultContent":false,"isRacyContent":false,"isGoryContent":false,"adultScore":0.022472096607089043,"racyScore":0.02516353502869606,"goreScore":0.10297910124063492}},{"FrameIndex":5760,"Adult":{"isAdultContent":false,"isRacyContent":false,"isGoryContent":false,"adultScore":0.044022344052791595,"racyScore":0.05007355287671089,"goreScore":0.0749143734574318}},{"FrameIndex":5790,"Adult":{"isAdultContent":false,"isRacyContent":false,"isGoryContent":false,"adultScore":0.002493665087968111,"racyScore":0.009062501601874828,"goreScore":0.0005360272480174899}},{"FrameIndex":5820,"Adult":{"isAdultContent":false,"isRacyContent":false,"isGoryContent":false,"adultScore":0.0012188076507300138,"racyScore":0.002739226445555687,"goreScore":0.00033571835956536233}},{"FrameIndex":5850,"Adult":{"isAdultContent":false,"isRacyContent":false,"isGoryContent":false,"adultScore":0.0010915668681263924,"racyScore":0.0020950459875166416,"goreScore":0.0018146914662793279}},{"FrameIndex":5880,"Adult":{"isAdultContent":false,"isRacyContent":false,"isGoryContent":false,"adultScore":0.0033737332560122013,"racyScore":0.00909787230193615,"goreScore":0.0006811697385273874}},{"FrameIndex":5910,"Adult":{"isAdultContent":false,"isRacyContent":false,"isGoryContent":false,"adultScore":0.0012125784996896982,"racyScore":0.0022665245924144983,"goreScore":0.0008993394440039992}},{"FrameIndex":5940,"Adult":{"isAdultContent":false,"isRacyContent":false,"isGoryContent":false,"adultScore":0.001264329650439322,"racyScore":0.0023874882608652115,"goreScore":0.0009498487343080342}},{"FrameIndex":5970,"Adult":{"isAdultContent":false,"isRacyContent":false,"isGoryContent":false,"adultScore":0.0009797862730920315,"racyScore":0.002092515118420124,"goreScore":0.0006281204405240715}},{"FrameIndex":6000,"Adult":{"isAdultContent":false,"isRacyContent":false,"isGoryContent":false,"adultScore":0.0006872770609334111,"racyScore":0.0016159253427758813,"goreScore":0.0005298832547850907}},{"FrameIndex":6030,"Adult":{"isAdultContent":false,"isRacyContent":false,"isGoryContent":false,"adultScore":0.005932078696787357,"racyScore":0.010360142216086388,"goreScore":0.0004162660043220967}},{"FrameIndex":6060,"Adult":{"isAdultContent":false,"isRacyContent":false,"isGoryContent":false,"adultScore":0.003428845899179578,"racyScore":0.009837914258241653,"goreScore":0.0003085285716224462}},{"FrameIndex":6090,"Adult":{"isAdultContent":false,"isRacyContent":false,"isGoryContent":false,"adultScore":0.00134681211784482,"racyScore":0.0023326859809458256,"goreScore":0.0005760490894317627}},{"FrameIndex":6120,"Adult":{"isAdultContent":false,"isRacyContent":false,"isGoryContent":false,"adultScore":0.0013655016664415598,"racyScore":0.0022137544583529234,"goreScore":0.0006641672225669026}},{"FrameIndex":6150,"Adult":{"isAdultContent":false,"isRacyContent":false,"isGoryContent":false,"adultScore":0.021870562806725502,"racyScore":0.036262236535549164,"goreScore":0.095820851624012}},{"FrameIndex":6180,"Adult":{"isAdultContent":false,"isRacyContent":false,"isGoryContent":false,"adultScore":0.008690564893186092,"racyScore":0.014069383963942528,"goreScore":0.4894116520881653}},{"FrameIndex":6210,"Adult":{"isAdultContent":false,"isRacyContent":false,"isGoryContent":false,"adultScore":0.009904872626066208,"racyScore":0.012351127341389656,"goreScore":0.0008142744773067534}},{"FrameIndex":6240,"Adult":{"isAdultContent":false,"isRacyContent":false,"isGoryContent":false,"adultScore":0.0013227177551016212,"racyScore":0.002306547947227955,"goreScore":0.0007075344328768551}},{"FrameIndex":6270,"Adult":{"isAdultContent":false,"isRacyContent":false,"isGoryContent":false,"adultScore":0.001171909854747355,"racyScore":0.0020765045192092657,"goreScore":0.0008140692370943725}},{"FrameIndex":6300,"Adult":{"isAdultContent":false,"isRacyContent":false,"isGoryContent":false,"adultScore":0.023827284574508667,"racyScore":0.036821890622377396,"goreScore":0.010608736425638199}},{"FrameIndex":6330,"Adult":{"isAdultContent":false,"isRacyContent":false,"isGoryContent":false,"adultScore":0.0026515594217926264,"racyScore":0.014762293547391891,"goreScore":0.001132399425841868}},{"FrameIndex":6360,"Adult":{"isAdultContent":false,"isRacyContent":false,"isGoryContent":false,"adultScore":0.004034395329654217,"racyScore":0.005265908315777779,"goreScore":0.0008046287111938}},{"FrameIndex":6390,"Adult":{"isAdultContent":false,"isRacyContent":false,"isGoryContent":false,"adultScore":0.00309949042275548,"racyScore":0.004347893875092268,"goreScore":0.0007741827284917235}},{"FrameIndex":6420,"Adult":{"isAdultContent":false,"isRacyContent":false,"isGoryContent":false,"adultScore":0.010291744954884052,"racyScore":0.012235733680427074,"goreScore":0.0005488812457770109}},{"FrameIndex":6450,"Adult":{"isAdultContent":false,"isRacyContent":false,"isGoryContent":false,"adultScore":0.01940787024796009,"racyScore":0.02136078104376793,"goreScore":0.0007420752663165331}},{"FrameIndex":6480,"Adult":{"isAdultContent":false,"isRacyContent":false,"isGoryContent":false,"adultScore":0.006545525509864092,"racyScore":0.010232770815491676,"goreScore":0.0006684057880192995}},{"FrameIndex":6510,"Adult":{"isAdultContent":false,"isRacyContent":false,"isGoryContent":false,"adultScore":0.0010676108067855239,"racyScore":0.0019167088903486729,"goreScore":0.0007567909779027104}},{"FrameIndex":6540,"Adult":{"isAdultContent":false,"isRacyContent":false,"isGoryContent":false,"adultScore":0.009560641832649708,"racyScore":0.012605445459485054,"goreScore":0.0007059589261189103}},{"FrameIndex":6570,"Adult":{"isAdultContent":false,"isRacyContent":false,"isGoryContent":false,"adultScore":0.007711432408541441,"racyScore":0.010502004064619541,"goreScore":0.00043223382090218365}},{"FrameIndex":6600,"Adult":{"isAdultContent":false,"isRacyContent":false,"isGoryContent":false,"adultScore":0.00129987602122128,"racyScore":0.0023379353806376457,"goreScore":0.000933629518840462}},{"FrameIndex":6630,"Adult":{"isAdultContent":false,"isRacyContent":false,"isGoryContent":false,"adultScore":0.0012463468592613935,"racyScore":0.002312927972525358,"goreScore":0.0009274836047552526}},{"FrameIndex":6660,"Adult":{"isAdultContent":false,"isRacyContent":false,"isGoryContent":false,"adultScore":0.0007344948826357722,"racyScore":0.004928464535623789,"goreScore":0.00013485312229022384}},{"FrameIndex":6690,"Adult":{"isAdultContent":false,"isRacyContent":false,"isGoryContent":false,"adultScore":0.0012777139199897647,"racyScore":0.003194836899638176,"goreScore":0.00032768750679679215}},{"FrameIndex":6720,"Adult":{"isAdultContent":false,"isRacyContent":false,"isGoryContent":false,"adultScore":0.0058392249047756195,"racyScore":0.024357303977012634,"goreScore":0.0005953983636572957}},{"FrameIndex":6750,"Adult":{"isAdultContent":false,"isRacyContent":false,"isGoryContent":false,"adultScore":0.000905831519048661,"racyScore":0.0015921280719339848,"goreScore":0.0007931846776045859}},{"FrameIndex":6780,"Adult":{"isAdultContent":false,"isRacyContent":false,"isGoryContent":false,"adultScore":0.0010148747824132442,"racyScore":0.0017631854861974716,"goreScore":0.0008606549818068743}},{"FrameIndex":6810,"Adult":{"isAdultContent":false,"isRacyContent":false,"isGoryContent":false,"adultScore":0.0008118317928165197,"racyScore":0.0016005088109523058,"goreScore":0.0005246235523372889}},{"FrameIndex":6840,"Adult":{"isAdultContent":false,"isRacyContent":false,"isGoryContent":false,"adultScore":0.0008830023580230772,"racyScore":0.001704842783510685,"goreScore":0.0005541982245631516}},{"FrameIndex":6870,"Adult":{"isAdultContent":false,"isRacyContent":false,"isGoryContent":false,"adultScore":0.016900060698390007,"racyScore":0.07745255529880524,"goreScore":0.0023960722610354424}},{"FrameIndex":6900,"Adult":{"isAdultContent":false,"isRacyContent":false,"isGoryContent":false,"adultScore":0.014957205392420292,"racyScore":0.065634585916996,"goreScore":0.0016952824080362916}},{"FrameIndex":6930,"Adult":{"isAdultContent":false,"isRacyContent":false,"isGoryContent":false,"adultScore":0.0011150981299579144,"racyScore":0.0068952906876802444,"goreScore":0.00040120360790751874}},{"FrameIndex":6960,"Adult":{"isAdultContent":false,"isRacyContent":false,"isGoryContent":false,"adultScore":0.0005543867591768503,"racyScore":0.001976025989279151,"goreScore":0.00037555015296675265}},{"FrameIndex":6990,"Adult":{"isAdultContent":false,"isRacyContent":false,"isGoryContent":false,"adultScore":0.004011124838143587,"racyScore":0.0060326638631522655,"goreScore":0.00030970515217632055}},{"FrameIndex":7020,"Adult":{"isAdultContent":false,"isRacyContent":false,"isGoryContent":false,"adultScore":0.003350598271936178,"racyScore":0.004954765550792217,"goreScore":0.0003501366591081023}},{"FrameIndex":7050,"Adult":{"isAdultContent":false,"isRacyContent":false,"isGoryContent":false,"adultScore":0.022933950647711754,"racyScore":0.03355737030506134,"goreScore":0.006726397667080164}},{"FrameIndex":7080,"Adult":{"isAdultContent":false,"isRacyContent":false,"isGoryContent":false,"adultScore":0.0094812186434865,"racyScore":0.021022694185376167,"goreScore":0.005173612851649523}},{"FrameIndex":7110,"Adult":{"isAdultContent":false,"isRacyContent":false,"isGoryContent":false,"adultScore":0.00016626676369924098,"racyScore":0.0007762160385027528,"goreScore":0.00034120248164981604}},{"FrameIndex":7140,"Adult":{"isAdultContent":false,"isRacyContent":false,"isGoryContent":false,"adultScore":0.00045711270649917424,"racyScore":0.0010735263349488378,"goreScore":0.0007532145245932043}},{"FrameIndex":7170,"Adult":{"isAdultContent":false,"isRacyContent":false,"isGoryContent":false,"adultScore":0.0004241362912580371,"racyScore":0.0009053746471181512,"goreScore":0.000695057853590697}},{"FrameIndex":7200,"Adult":{"isAdultContent":false,"isRacyContent":false,"isGoryContent":false,"adultScore":0.0027097894344478846,"racyScore":0.004860132001340389,"goreScore":0.001787720830179751}},{"FrameIndex":7230,"Adult":{"isAdultContent":false,"isRacyContent":false,"isGoryContent":false,"adultScore":0.006375754252076149,"racyScore":0.008412521332502365,"goreScore":0.0013743046438321471}},{"FrameIndex":7260,"Adult":{"isAdultContent":false,"isRacyContent":false,"isGoryContent":false,"adultScore":0.0047692544758319855,"racyScore":0.0064802030101418495,"goreScore":0.0016376390121877193}},{"FrameIndex":7290,"Adult":{"isAdultContent":false,"isRacyContent":false,"isGoryContent":false,"adultScore":0.009756832383573055,"racyScore":0.019439727067947388,"goreScore":0.0048122829757630825}},{"FrameIndex":7320,"Adult":{"isAdultContent":false,"isRacyContent":false,"isGoryContent":false,"adultScore":0.007256053853780031,"racyScore":0.06876258552074432,"goreScore":0.0010046085808426142}},{"FrameIndex":7350,"Adult":{"isAdultContent":false,"isRacyContent":false,"isGoryContent":false,"adultScore":0.006942302454262972,"racyScore":0.12226587533950806,"goreScore":0.0010201525874435902}},{"FrameIndex":7380,"Adult":{"isAdultContent":false,"isRacyContent":false,"isGoryContent":false,"adultScore":0.011279558762907982,"racyScore":0.03908694162964821,"goreScore":0.0008335458696819842}},{"FrameIndex":7410,"Adult":{"isAdultContent":false,"isRacyContent":false,"isGoryContent":false,"adultScore":0.003407989628612995,"racyScore":0.011568810790777206,"goreScore":0.0005199111183173954}},{"FrameIndex":7440,"Adult":{"isAdultContent":false,"isRacyContent":false,"isGoryContent":false,"adultScore":0.0018264401005581021,"racyScore":0.006399814039468765,"goreScore":0.00029093996272422373}},{"FrameIndex":7470,"Adult":{"isAdultContent":false,"isRacyContent":false,"isGoryContent":false,"adultScore":0.010377957485616207,"racyScore":0.013323883526027203,"goreScore":0.0030870232731103897}},{"FrameIndex":7500,"Adult":{"isAdultContent":false,"isRacyContent":false,"isGoryContent":false,"adultScore":0.011135486885905266,"racyScore":0.02527930960059166,"goreScore":0.002303134882822633}},{"FrameIndex":7530,"Adult":{"isAdultContent":false,"isRacyContent":false,"isGoryContent":false,"adultScore":0.004920837935060263,"racyScore":0.1957908719778061,"goreScore":0.004123492166399956}},{"FrameIndex":7560,"Adult":{"isAdultContent":false,"isRacyContent":false,"isGoryContent":false,"adultScore":0.021490829065442085,"racyScore":0.060916073620319366,"goreScore":0.002384644001722336}},{"FrameIndex":7590,"Adult":{"isAdultContent":false,"isRacyContent":false,"isGoryContent":false,"adultScore":0.004804594442248344,"racyScore":0.029338456690311432,"goreScore":0.002881786087527871}},{"FrameIndex":7620,"Adult":{"isAdultContent":false,"isRacyContent":false,"isGoryContent":false,"adultScore":0.017796600237488747,"racyScore":0.05161294341087341,"goreScore":0.006391857285052538}},{"FrameIndex":7650,"Adult":{"isAdultContent":false,"isRacyContent":false,"isGoryContent":false,"adultScore":0.009316508658230305,"racyScore":0.013268547132611275,"goreScore":0.0010852860286831856}},{"FrameIndex":7680,"Adult":{"isAdultContent":false,"isRacyContent":false,"isGoryContent":false,"adultScore":0.013920506462454796,"racyScore":0.0202825665473938,"goreScore":0.0010428016539663076}},{"FrameIndex":7710,"Adult":{"isAdultContent":false,"isRacyContent":false,"isGoryContent":false,"adultScore":0.008385793305933475,"racyScore":0.012259052135050297,"goreScore":0.0006824477459304035}},{"FrameIndex":7740,"Adult":{"isAdultContent":false,"isRacyContent":false,"isGoryContent":false,"adultScore":0.006983566097915173,"racyScore":0.010369282215833664,"goreScore":0.0007996667409315705}},{"FrameIndex":7770,"Adult":{"isAdultContent":false,"isRacyContent":false,"isGoryContent":false,"adultScore":0.0013840346364304423,"racyScore":0.002212509047240019,"goreScore":0.0005993362283334136}},{"FrameIndex":7800,"Adult":{"isAdultContent":false,"isRacyContent":false,"isGoryContent":false,"adultScore":0.0014997980324551463,"racyScore":0.002598696853965521,"goreScore":0.0018598237074911594}},{"FrameIndex":7830,"Adult":{"isAdultContent":false,"isRacyContent":false,"isGoryContent":false,"adultScore":0.0011921493569388986,"racyScore":0.0027470311615616083,"goreScore":0.007557273842394352}},{"FrameIndex":7860,"Adult":{"isAdultContent":false,"isRacyContent":false,"isGoryContent":false,"adultScore":0.0019001769833266735,"racyScore":0.005041914992034435,"goreScore":0.0036639536265283823}},{"FrameIndex":7890,"Adult":{"isAdultContent":false,"isRacyContent":false,"isGoryContent":false,"adultScore":0.003465274814516306,"racyScore":0.005636218935251236,"goreScore":0.0004065939865540713}},{"FrameIndex":7920,"Adult":{"isAdultContent":false,"isRacyContent":false,"isGoryContent":false,"adultScore":0.0031011539977043867,"racyScore":0.004860405344516039,"goreScore":0.00031273846980184317}},{"FrameIndex":7950,"Adult":{"isAdultContent":false,"isRacyContent":false,"isGoryContent":false,"adultScore":0.0015555565478280187,"racyScore":0.0037068151868879795,"goreScore":0.00025160741643048823}},{"FrameIndex":7980,"Adult":{"isAdultContent":false,"isRacyContent":false,"isGoryContent":false,"adultScore":0.0030793265905231237,"racyScore":0.00597375025972724,"goreScore":0.0002732094726525247}},{"FrameIndex":8010,"Adult":{"isAdultContent":false,"isRacyContent":false,"isGoryContent":false,"adultScore":0.010072027333080769,"racyScore":0.016147473827004433,"goreScore":0.000551939127035439}},{"FrameIndex":8040,"Adult":{"isAdultContent":false,"isRacyContent":false,"isGoryContent":false,"adultScore":0.0012193365255370736,"racyScore":0.0021345342975109816,"goreScore":0.0007262724102474749}},{"FrameIndex":8070,"Adult":{"isAdultContent":false,"isRacyContent":false,"isGoryContent":false,"adultScore":0.0012731073657050729,"racyScore":0.0021620423067361116,"goreScore":0.0007771920645609498}},{"FrameIndex":8100,"Adult":{"isAdultContent":false,"isRacyContent":false,"isGoryContent":false,"adultScore":0.0011912445770576596,"racyScore":0.002032076707109809,"goreScore":0.0007554268231615424}},{"FrameIndex":8130,"Adult":{"isAdultContent":false,"isRacyContent":false,"isGoryContent":false,"adultScore":0.01754186861217022,"racyScore":0.02470536343753338,"goreScore":0.1175922378897667}},{"FrameIndex":8160,"Adult":{"isAdultContent":false,"isRacyContent":false,"isGoryContent":false,"adultScore":0.005865939427167177,"racyScore":0.009350809268653393,"goreScore":0.2791415750980377}},{"FrameIndex":8190,"Adult":{"isAdultContent":false,"isRacyContent":false,"isGoryContent":false,"adultScore":0.019089195877313614,"racyScore":0.02589821070432663,"goreScore":0.1269727647304535}},{"FrameIndex":8220,"Adult":{"isAdultContent":false,"isRacyContent":false,"isGoryContent":false,"adultScore":0.00390074634924531,"racyScore":0.004658312536776066,"goreScore":0.001120371394790709}},{"FrameIndex":8250,"Adult":{"isAdultContent":false,"isRacyContent":false,"isGoryContent":false,"adultScore":0.006296948529779911,"racyScore":0.007016713730990887,"goreScore":0.0011388666462153196}},{"FrameIndex":8280,"Adult":{"isAdultContent":false,"isRacyContent":false,"isGoryContent":false,"adultScore":0.006025925278663635,"racyScore":0.0065064323134720325,"goreScore":0.0007048820261843503}},{"FrameIndex":8310,"Adult":{"isAdultContent":false,"isRacyContent":false,"isGoryContent":false,"adultScore":0.0018810586770996451,"racyScore":0.0036364812403917313,"goreScore":0.0003643803356681019}},{"FrameIndex":8340,"Adult":{"isAdultContent":false,"isRacyContent":false,"isGoryContent":false,"adultScore":0.0017337617464363575,"racyScore":0.0032067177817225456,"goreScore":0.00042587023926898837}},{"FrameIndex":8370,"Adult":{"isAdultContent":false,"isRacyContent":false,"isGoryContent":false,"adultScore":0.0011965404264628887,"racyScore":0.0020746602676808834,"goreScore":0.0006911757518537343}},{"FrameIndex":8400,"Adult":{"isAdultContent":false,"isRacyContent":false,"isGoryContent":false,"adultScore":0.0011547605972737074,"racyScore":0.0020404516253620386,"goreScore":0.0007348657236434519}},{"FrameIndex":8430,"Adult":{"isAdultContent":false,"isRacyContent":false,"isGoryContent":false,"adultScore":0.0007635924848727882,"racyScore":0.0017470913007855415,"goreScore":0.00029300912865437567}},{"FrameIndex":8460,"Adult":{"isAdultContent":false,"isRacyContent":false,"isGoryContent":false,"adultScore":0.001788170076906681,"racyScore":0.004390563815832138,"goreScore":0.00034961270284838974}},{"FrameIndex":8490,"Adult":{"isAdultContent":false,"isRacyContent":false,"isGoryContent":false,"adultScore":0.004812966100871563,"racyScore":0.007859019562602043,"goreScore":0.000740420538932085}},{"FrameIndex":8520,"Adult":{"isAdultContent":false,"isRacyContent":false,"isGoryContent":false,"adultScore":0.004336887504905462,"racyScore":0.008011533878743649,"goreScore":0.00047278995043598115}},{"FrameIndex":8550,"Adult":{"isAdultContent":false,"isRacyContent":false,"isGoryContent":false,"adultScore":0.004799169022589922,"racyScore":0.007957478985190392,"goreScore":0.00047737613203935325}},{"FrameIndex":8580,"Adult":{"isAdultContent":false,"isRacyContent":false,"isGoryContent":false,"adultScore":0.005654958542436361,"racyScore":0.010956581681966782,"goreScore":0.00047704705502837896}},{"FrameIndex":8610,"Adult":{"isAdultContent":false,"isRacyContent":false,"isGoryContent":false,"adultScore":0.005182292778044939,"racyScore":0.008386457338929176,"goreScore":0.0007854171562939882}},{"FrameIndex":8640,"Adult":{"isAdultContent":false,"isRacyContent":false,"isGoryContent":false,"adultScore":0.0043165115639567375,"racyScore":0.007261660881340504,"goreScore":0.0005885135615244508}},{"FrameIndex":8670,"Adult":{"isAdultContent":false,"isRacyContent":false,"isGoryContent":false,"adultScore":0.0057225278578698635,"racyScore":0.009894803166389465,"goreScore":0.0006575944134965539}},{"FrameIndex":8700,"Adult":{"isAdultContent":false,"isRacyContent":false,"isGoryContent":false,"adultScore":0.004583361092954874,"racyScore":0.005441390443593264,"goreScore":0.0015234287129715085}},{"FrameIndex":8730,"Adult":{"isAdultContent":false,"isRacyContent":false,"isGoryContent":false,"adultScore":0.0026825121603906155,"racyScore":0.003306040307506919,"goreScore":0.0008273518178611994}},{"FrameIndex":8760,"Adult":{"isAdultContent":false,"isRacyContent":false,"isGoryContent":false,"adultScore":0.0012184296501800418,"racyScore":0.0017235383857041597,"goreScore":0.0002787124249152839}},{"FrameIndex":8790,"Adult":{"isAdultContent":false,"isRacyContent":false,"isGoryContent":false,"adultScore":0.0012536229332908988,"racyScore":0.0015224014641717076,"goreScore":0.0002937509270850569}},{"FrameIndex":8820,"Adult":{"isAdultContent":false,"isRacyContent":false,"isGoryContent":false,"adultScore":0.0010034452425315976,"racyScore":0.0016845299396663904,"goreScore":0.00018948472279589623}},{"FrameIndex":8850,"Adult":{"isAdultContent":false,"isRacyContent":false,"isGoryContent":false,"adultScore":0.0013372591929510236,"racyScore":0.00240998063236475,"goreScore":0.00032578568789176643}},{"FrameIndex":8880,"Adult":{"isAdultContent":false,"isRacyContent":false,"isGoryContent":false,"adultScore":0.0008830868755467236,"racyScore":0.0011885472340509295,"goreScore":0.0002596674021333456}},{"FrameIndex":8910,"Adult":{"isAdultContent":false,"isRacyContent":false,"isGoryContent":false,"adultScore":0.022267719730734825,"racyScore":0.029913414269685745,"goreScore":0.36416947841644287}},{"FrameIndex":8940,"Adult":{"isAdultContent":false,"isRacyContent":false,"isGoryContent":false,"adultScore":0.020255448296666145,"racyScore":0.02650453895330429,"goreScore":0.45673054456710815}},{"FrameIndex":8970,"Adult":{"isAdultContent":false,"isRacyContent":false,"isGoryContent":false,"adultScore":0.025940412655472755,"racyScore":0.03301259130239487,"goreScore":0.4142480194568634}},{"FrameIndex":9000,"Adult":{"isAdultContent":false,"isRacyContent":false,"isGoryContent":false,"adultScore":0.018144994974136353,"racyScore":0.025015993043780327,"goreScore":0.4680861830711365}},{"FrameIndex":9030,"Adult":{"isAdultContent":false,"isRacyContent":false,"isGoryContent":false,"adultScore":0.011339625343680382,"racyScore":0.01599416323006153,"goreScore":0.0018248138949275017}},{"FrameIndex":9060,"Adult":{"isAdultContent":false,"isRacyContent":false,"isGoryContent":false,"adultScore":0.002368616871535778,"racyScore":0.0034048184752464294,"goreScore":0.0002846497227437794}},{"FrameIndex":9090,"Adult":{"isAdultContent":false,"isRacyContent":false,"isGoryContent":false,"adultScore":0.007255039643496275,"racyScore":0.011030342429876328,"goreScore":0.0003915954439435154}},{"FrameIndex":9120,"Adult":{"isAdultContent":false,"isRacyContent":false,"isGoryContent":false,"adultScore":0.0015406162710860372,"racyScore":0.0029644379392266273,"goreScore":0.00021975304116494954}},{"FrameIndex":9150,"Adult":{"isAdultContent":false,"isRacyContent":false,"isGoryContent":false,"adultScore":0.00209481711499393,"racyScore":0.0029042214155197144,"goreScore":0.0004080042999703437}},{"FrameIndex":9180,"Adult":{"isAdultContent":false,"isRacyContent":false,"isGoryContent":false,"adultScore":0.0013409203384071589,"racyScore":0.0018623481737449765,"goreScore":0.000837838277220726}},{"FrameIndex":9210,"Adult":{"isAdultContent":false,"isRacyContent":false,"isGoryContent":false,"adultScore":0.0008470580214634538,"racyScore":0.0014938836684450507,"goreScore":0.0007500324863940477}},{"FrameIndex":9240,"Adult":{"isAdultContent":false,"isRacyContent":false,"isGoryContent":false,"adultScore":0.0258586797863245,"racyScore":0.03359191119670868,"goreScore":0.003244586056098342}},{"FrameIndex":9270,"Adult":{"isAdultContent":false,"isRacyContent":false,"isGoryContent":false,"adultScore":0.004553692415356636,"racyScore":0.006581362336874008,"goreScore":0.0009017644333653152}},{"FrameIndex":9300,"Adult":{"isAdultContent":false,"isRacyContent":false,"isGoryContent":false,"adultScore":0.014492468908429146,"racyScore":0.016632933169603348,"goreScore":0.0010090147843584418}},{"FrameIndex":9330,"Adult":{"isAdultContent":false,"isRacyContent":false,"isGoryContent":false,"adultScore":0.007992919534444809,"racyScore":0.009756677784025669,"goreScore":0.0006755248759873211}},{"FrameIndex":9360,"Adult":{"isAdultContent":false,"isRacyContent":false,"isGoryContent":false,"adultScore":0.019428052008152008,"racyScore":0.021818283945322037,"goreScore":0.0013710453640669584}},{"FrameIndex":9390,"Adult":{"isAdultContent":false,"isRacyContent":false,"isGoryContent":false,"adultScore":0.018374329432845116,"racyScore":0.024932710453867912,"goreScore":0.0011624022154137492}},{"FrameIndex":9420,"Adult":{"isAdultContent":false,"isRacyContent":false,"isGoryContent":false,"adultScore":0.016677817329764366,"racyScore":0.022491538897156715,"goreScore":0.0010744825704023242}},{"FrameIndex":9450,"Adult":{"isAdultContent":false,"isRacyContent":false,"isGoryContent":false,"adultScore":0.024584313854575157,"racyScore":0.028842635452747345,"goreScore":0.0010499664349481463}},{"FrameIndex":9480,"Adult":{"isAdultContent":false,"isRacyContent":false,"isGoryContent":false,"adultScore":0.00576525554060936,"racyScore":0.007590420078486204,"goreScore":0.0006632370641455054}},{"FrameIndex":9510,"Adult":{"isAdultContent":false,"isRacyContent":false,"isGoryContent":false,"adultScore":0.009719002060592175,"racyScore":0.01180809922516346,"goreScore":0.0010176047217100859}},{"FrameIndex":9540,"Adult":{"isAdultContent":false,"isRacyContent":false,"isGoryContent":false,"adultScore":0.006033344194293022,"racyScore":0.0077222734689712524,"goreScore":0.0007467388641089201}},{"FrameIndex":9570,"Adult":{"isAdultContent":false,"isRacyContent":false,"isGoryContent":false,"adultScore":0.015103595331311226,"racyScore":0.018105335533618927,"goreScore":0.0011784547241404653}},{"FrameIndex":9600,"Adult":{"isAdultContent":false,"isRacyContent":false,"isGoryContent":false,"adultScore":0.003788112895563245,"racyScore":0.008811749517917633,"goreScore":0.008410862646996975}},{"FrameIndex":9630,"Adult":{"isAdultContent":false,"isRacyContent":false,"isGoryContent":false,"adultScore":0.003848432330414653,"racyScore":0.014723858796060085,"goreScore":0.006422862410545349}},{"FrameIndex":9660,"Adult":{"isAdultContent":false,"isRacyContent":false,"isGoryContent":false,"adultScore":0.0024726162664592266,"racyScore":0.003543321043252945,"goreScore":0.00031615636544302106}},{"FrameIndex":9690,"Adult":{"isAdultContent":false,"isRacyContent":false,"isGoryContent":false,"adultScore":0.006053424905985594,"racyScore":0.00746579933911562,"goreScore":0.0002987260522786528}},{"FrameIndex":9720,"Adult":{"isAdultContent":false,"isRacyContent":false,"isGoryContent":false,"adultScore":0.0005974532687105238,"racyScore":0.0013412900734692812,"goreScore":0.0005758021143265069}},{"FrameIndex":9750,"Adult":{"isAdultContent":false,"isRacyContent":false,"isGoryContent":false,"adultScore":0.0006329705356620252,"racyScore":0.0013919500634074211,"goreScore":0.0006297442014329135}},{"FrameIndex":9780,"Adult":{"isAdultContent":false,"isRacyContent":false,"isGoryContent":false,"adultScore":0.006447674706578255,"racyScore":0.0315697006881237,"goreScore":0.5720648169517517}},{"FrameIndex":9810,"Adult":{"isAdultContent":false,"isRacyContent":false,"isGoryContent":false,"adultScore":0.006956805475056171,"racyScore":0.026020631194114685,"goreScore":0.4580831527709961}},{"FrameIndex":9840,"Adult":{"isAdultContent":false,"isRacyContent":false,"isGoryContent":false,"adultScore":0.004914877470582724,"racyScore":0.013844190165400505,"goreScore":0.3351328670978546}},{"FrameIndex":9870,"Adult":{"isAdultContent":false,"isRacyContent":false,"isGoryContent":false,"adultScore":0.0033801414538174868,"racyScore":0.005780740641057491,"goreScore":0.0004883183282800019}},{"FrameIndex":9900,"Adult":{"isAdultContent":false,"isRacyContent":false,"isGoryContent":false,"adultScore":0.002351658185943961,"racyScore":0.0038365789223462343,"goreScore":0.00034595365286804736}},{"FrameIndex":9930,"Adult":{"isAdultContent":false,"isRacyContent":false,"isGoryContent":false,"adultScore":0.006087467540055513,"racyScore":0.0077085839584469795,"goreScore":0.0008601910667493939}},{"FrameIndex":9960,"Adult":{"isAdultContent":false,"isRacyContent":false,"isGoryContent":false,"adultScore":0.0014316855231299996,"racyScore":0.0024902622681111097,"goreScore":0.0004910921561531723}},{"FrameIndex":9990,"Adult":{"isAdultContent":false,"isRacyContent":false,"isGoryContent":false,"adultScore":0.0017250030068680644,"racyScore":0.002889355644583702,"goreScore":0.0002743139339145273}},{"FrameIndex":10020,"Adult":{"isAdultContent":false,"isRacyContent":false,"isGoryContent":false,"adultScore":0.001141178421676159,"racyScore":0.0020145028829574585,"goreScore":0.0007272709044627845}},{"FrameIndex":10050,"Adult":{"isAdultContent":false,"isRacyContent":false,"isGoryContent":false,"adultScore":0.0011790638091042638,"racyScore":0.002060184720903635,"goreScore":0.0007293322705663741}},{"FrameIndex":10080,"Adult":{"isAdultContent":false,"isRacyContent":false,"isGoryContent":false,"adultScore":0.0019869019743055105,"racyScore":0.003005869220942259,"goreScore":0.0004245301824994385}},{"FrameIndex":10110,"Adult":{"isAdultContent":false,"isRacyContent":false,"isGoryContent":false,"adultScore":0.001820810022763908,"racyScore":0.002913304138928652,"goreScore":0.00030661551863886416}},{"FrameIndex":10140,"Adult":{"isAdultContent":false,"isRacyContent":false,"isGoryContent":false,"adultScore":0.007814093492925167,"racyScore":0.009538874961435795,"goreScore":0.0005835110787302256}},{"FrameIndex":10170,"Adult":{"isAdultContent":false,"isRacyContent":false,"isGoryContent":false,"adultScore":0.007064614910632372,"racyScore":0.008076322264969349,"goreScore":0.00036800027010031044}},{"FrameIndex":10200,"Adult":{"isAdultContent":false,"isRacyContent":false,"isGoryContent":false,"adultScore":0.004947460722178221,"racyScore":0.0054640090093016624,"goreScore":0.0004383537743706256}},{"FrameIndex":10230,"Adult":{"isAdultContent":false,"isRacyContent":false,"isGoryContent":false,"adultScore":0.015062450431287289,"racyScore":0.01804281957447529,"goreScore":0.0018331961473450065}},{"FrameIndex":10260,"Adult":{"isAdultContent":false,"isRacyContent":false,"isGoryContent":false,"adultScore":0.01407273393124342,"racyScore":0.01610521413385868,"goreScore":0.001763972919434309}},{"FrameIndex":10290,"Adult":{"isAdultContent":false,"isRacyContent":false,"isGoryContent":false,"adultScore":0.005222326144576073,"racyScore":0.0075358739122748375,"goreScore":0.0005807362031191587}},{"FrameIndex":10320,"Adult":{"isAdultContent":false,"isRacyContent":false,"isGoryContent":false,"adultScore":0.020738745108246803,"racyScore":0.02230577915906906,"goreScore":0.0032001968938857317}},{"FrameIndex":10350,"Adult":{"isAdultContent":false,"isRacyContent":false,"isGoryContent":false,"adultScore":0.00912724994122982,"racyScore":0.01032282505184412,"goreScore":0.0013623753329738975}},{"FrameIndex":10380,"Adult":{"isAdultContent":false,"isRacyContent":false,"isGoryContent":false,"adultScore":0.0008414151961915195,"racyScore":0.0015031823422759771,"goreScore":0.0005374918691813946}},{"FrameIndex":10410,"Adult":{"isAdultContent":false,"isRacyContent":false,"isGoryContent":false,"adultScore":0.038919612765312195,"racyScore":0.060859616845846176,"goreScore":0.0018682468216866255}},{"FrameIndex":10440,"Adult":{"isAdultContent":false,"isRacyContent":false,"isGoryContent":false,"adultScore":0.0123226847499609,"racyScore":0.023635011166334152,"goreScore":0.0011451158206909895}},{"FrameIndex":10470,"Adult":{"isAdultContent":false,"isRacyContent":false,"isGoryContent":false,"adultScore":0.017494628205895424,"racyScore":0.044573962688446045,"goreScore":0.0018284443067386746}},{"FrameIndex":10500,"Adult":{"isAdultContent":false,"isRacyContent":false,"isGoryContent":false,"adultScore":0.010101108811795712,"racyScore":0.020139632746577263,"goreScore":0.0014154582750052214}},{"FrameIndex":10530,"Adult":{"isAdultContent":false,"isRacyContent":false,"isGoryContent":false,"adultScore":0.002996304305270314,"racyScore":0.009532698430120945,"goreScore":0.0008466817089356482}},{"FrameIndex":10560,"Adult":{"isAdultContent":false,"isRacyContent":false,"isGoryContent":false,"adultScore":0.006359447259455919,"racyScore":0.013460373505949974,"goreScore":0.0008332540164701641}},{"FrameIndex":10590,"Adult":{"isAdultContent":false,"isRacyContent":false,"isGoryContent":false,"adultScore":0.0010072911391034722,"racyScore":0.0020488612353801727,"goreScore":0.00024378772650379688}},{"FrameIndex":10620,"Adult":{"isAdultContent":false,"isRacyContent":false,"isGoryContent":false,"adultScore":0.0023204030003398657,"racyScore":0.004191217944025993,"goreScore":0.00027023910661228}},{"FrameIndex":10650,"Adult":{"isAdultContent":false,"isRacyContent":false,"isGoryContent":false,"adultScore":0.09231562912464142,"racyScore":0.13741141557693481,"goreScore":0.00520001444965601}},{"FrameIndex":10680,"Adult":{"isAdultContent":false,"isRacyContent":false,"isGoryContent":false,"adultScore":0.0037822688464075327,"racyScore":0.007832656614482403,"goreScore":0.0015472606755793095}},{"FrameIndex":10710,"Adult":{"isAdultContent":false,"isRacyContent":false,"isGoryContent":false,"adultScore":0.004427341744303703,"racyScore":0.006916648708283901,"goreScore":0.0029073553159832954}},{"FrameIndex":10740,"Adult":{"isAdultContent":false,"isRacyContent":false,"isGoryContent":false,"adultScore":0.0007616987568326294,"racyScore":0.002115398645401001,"goreScore":8.471882756566629E-05}},{"FrameIndex":10770,"Adult":{"isAdultContent":false,"isRacyContent":false,"isGoryContent":false,"adultScore":0.0008545862510800362,"racyScore":0.001709159929305315,"goreScore":0.0003014865214936435}},{"FrameIndex":10800,"Adult":{"isAdultContent":false,"isRacyContent":false,"isGoryContent":false,"adultScore":0.0012627631658688188,"racyScore":0.002185380319133401,"goreScore":0.00038171224878169596}},{"FrameIndex":10830,"Adult":{"isAdultContent":false,"isRacyContent":false,"isGoryContent":false,"adultScore":0.001589976018294692,"racyScore":0.0024154980201274157,"goreScore":0.00040263895061798394}},{"FrameIndex":10860,"Adult":{"isAdultContent":false,"isRacyContent":false,"isGoryContent":false,"adultScore":0.0018257637275382876,"racyScore":0.0028174417093396187,"goreScore":0.0003840084245894104}},{"FrameIndex":10890,"Adult":{"isAdultContent":false,"isRacyContent":false,"isGoryContent":false,"adultScore":0.0022153074387460947,"racyScore":0.003497416852042079,"goreScore":0.0005752479773946106}},{"FrameIndex":10920,"Adult":{"isAdultContent":false,"isRacyContent":false,"isGoryContent":false,"adultScore":0.001954261213541031,"racyScore":0.0029625510796904564,"goreScore":0.00047497538616880774}},{"FrameIndex":10950,"Adult":{"isAdultContent":false,"isRacyContent":false,"isGoryContent":false,"adultScore":0.0015058324206620455,"racyScore":0.0024116241838783026,"goreScore":0.00043546638335101306}}]}