[{"DominantEmotion": {"Probability": 59.61976647377014, "Type": "Joy"}, "FusedResults": [{"Probability": 31.42434060573578, "Type": "Neutral"}, {"Probability": 59.61976647377014, "Type": "Joy"}, {"Probability": 6.884066015481949, "Type": "Anger"}, {"Probability": 0.7803536951541901, "Type": "Sad"}, {"Probability": 0.2897466765716672, "Type": "Fear"}], "LengthInSeconds": 28, "Text": "Embryos produced in the animal reproduction laboratory, highlighting that the donor mothers of the embryos have the Anteaso CUY registry, the father bulls are of high genetic value with good characteristics for milk production. His research has provided the country with new technologies and varieties of guava called Corpoika Carm\u00edn 0328 and Corpoika Rosa C.", "TextualResults": [{"Probability": 0.3142434060573578, "Type": "Neutral"}, {"Probability": 0.5961976647377014, "Type": "Joy"}, {"Probability": 0.06884066015481949, "Type": "Anger"}, {"Probability": 0.007803536951541901, "Type": "Sad"}, {"Probability": 0.002897466765716672, "Type": "Fear"}], "TimeRange": {"End": "00:04:32.2800000", "Start": "00:04:04.3600000"}, "VocalResults": [{"Probability": 0.3142434060573578, "Type": "Neutral"}, {"Probability": 0.5961976647377014, "Type": "Joy"}, {"Probability": 0.06884066015481949, "Type": "Anger"}, {"Probability": 0.007803536951541901, "Type": "Sad"}, {"Probability": 0.002897466765716672, "Type": "Fear"}]}]