{"Fps":29.97002997002997,"Results":[{"FrameIndex":0,"Adult":{"isAdultContent":false,"isRacyContent":false,"isGoryContent":false,"adultScore":0.0012165930820629,"racyScore":0.002350275870412588,"goreScore":0.0001627161109354347}},{"FrameIndex":30,"Adult":{"isAdultContent":false,"isRacyContent":false,"isGoryContent":false,"adultScore":0.001098079839721322,"racyScore":0.0018579692114144564,"goreScore":0.0003045225457753986}},{"FrameIndex":60,"Adult":{"isAdultContent":false,"isRacyContent":false,"isGoryContent":false,"adultScore":0.0007468605763278902,"racyScore":0.0013481772039085627,"goreScore":0.0003148020477965474}},{"FrameIndex":90,"Adult":{"isAdultContent":false,"isRacyContent":false,"isGoryContent":false,"adultScore":0.0009130425751209259,"racyScore":0.0017452260944992304,"goreScore":0.00032623414881527424}},{"FrameIndex":120,"Adult":{"isAdultContent":false,"isRacyContent":false,"isGoryContent":false,"adultScore":0.0011744253570213914,"racyScore":0.0019474765285849571,"goreScore":0.0004466503160074353}},{"FrameIndex":150,"Adult":{"isAdultContent":false,"isRacyContent":false,"isGoryContent":false,"adultScore":0.0019826379138976336,"racyScore":0.0029582635033875704,"goreScore":0.00043859274592250586}},{"FrameIndex":180,"Adult":{"isAdultContent":false,"isRacyContent":false,"isGoryContent":false,"adultScore":0.0024554310366511345,"racyScore":0.003626469988375902,"goreScore":0.0004926792462356389}},{"FrameIndex":210,"Adult":{"isAdultContent":false,"isRacyContent":false,"isGoryContent":false,"adultScore":0.00175742176361382,"racyScore":0.00271474733017385,"goreScore":0.00045464118011295795}},{"FrameIndex":240,"Adult":{"isAdultContent":false,"isRacyContent":false,"isGoryContent":false,"adultScore":0.0019847513176500797,"racyScore":0.0030648461543023586,"goreScore":0.0002995379036292434}},{"FrameIndex":270,"Adult":{"isAdultContent":false,"isRacyContent":false,"isGoryContent":false,"adultScore":0.001615318818949163,"racyScore":0.002654918935149908,"goreScore":0.0004066865658387542}},{"FrameIndex":300,"Adult":{"isAdultContent":false,"isRacyContent":false,"isGoryContent":false,"adultScore":0.0013135012704879045,"racyScore":0.002217291621491313,"goreScore":0.0006549948593601584}},{"FrameIndex":330,"Adult":{"isAdultContent":false,"isRacyContent":false,"isGoryContent":false,"adultScore":0.0015337078366428614,"racyScore":0.028270814567804337,"goreScore":0.0010962504893541336}},{"FrameIndex":360,"Adult":{"isAdultContent":false,"isRacyContent":false,"isGoryContent":false,"adultScore":0.0027938096318393946,"racyScore":0.004394867457449436,"goreScore":0.002411986468359828}},{"FrameIndex":390,"Adult":{"isAdultContent":false,"isRacyContent":false,"isGoryContent":false,"adultScore":0.0007962043746374547,"racyScore":0.003037506714463234,"goreScore":0.0006821981514804065}},{"FrameIndex":420,"Adult":{"isAdultContent":false,"isRacyContent":false,"isGoryContent":false,"adultScore":0.0008608850766904652,"racyScore":0.01565847173333168,"goreScore":0.0004828623787034303}},{"FrameIndex":450,"Adult":{"isAdultContent":false,"isRacyContent":false,"isGoryContent":false,"adultScore":0.0056652408093214035,"racyScore":0.006712178699672222,"goreScore":0.000867146416567266}},{"FrameIndex":480,"Adult":{"isAdultContent":false,"isRacyContent":false,"isGoryContent":false,"adultScore":0.005529768764972687,"racyScore":0.03219365328550339,"goreScore":0.001257588155567646}},{"FrameIndex":510,"Adult":{"isAdultContent":false,"isRacyContent":false,"isGoryContent":false,"adultScore":0.0058863055892288685,"racyScore":0.00919981300830841,"goreScore":0.0005349602433852851}},{"FrameIndex":540,"Adult":{"isAdultContent":false,"isRacyContent":false,"isGoryContent":false,"adultScore":0.0013267293106764555,"racyScore":0.002675964729860425,"goreScore":0.00021034661040175706}},{"FrameIndex":570,"Adult":{"isAdultContent":false,"isRacyContent":false,"isGoryContent":false,"adultScore":0.0013803147012367845,"racyScore":0.0024592329282313585,"goreScore":0.00034324394073337317}},{"FrameIndex":600,"Adult":{"isAdultContent":false,"isRacyContent":false,"isGoryContent":false,"adultScore":0.00325262569822371,"racyScore":0.007176142185926437,"goreScore":0.000818106229417026}},{"FrameIndex":630,"Adult":{"isAdultContent":false,"isRacyContent":false,"isGoryContent":false,"adultScore":0.0011681647738441825,"racyScore":0.0024169636890292168,"goreScore":0.0004580680397339165}},{"FrameIndex":660,"Adult":{"isAdultContent":false,"isRacyContent":false,"isGoryContent":false,"adultScore":0.00184519006870687,"racyScore":0.0033260146155953407,"goreScore":0.0004594771598931402}},{"FrameIndex":690,"Adult":{"isAdultContent":false,"isRacyContent":false,"isGoryContent":false,"adultScore":0.0017667205538600683,"racyScore":0.010674452409148216,"goreScore":0.0004389983951114118}},{"FrameIndex":720,"Adult":{"isAdultContent":false,"isRacyContent":false,"isGoryContent":false,"adultScore":0.0018638750771060586,"racyScore":0.008718207478523254,"goreScore":0.00047420532791875303}},{"FrameIndex":750,"Adult":{"isAdultContent":false,"isRacyContent":false,"isGoryContent":false,"adultScore":0.0021191765554249287,"racyScore":0.004369855858385563,"goreScore":0.00044405911467038095}},{"FrameIndex":780,"Adult":{"isAdultContent":false,"isRacyContent":false,"isGoryContent":false,"adultScore":0.010824497789144516,"racyScore":0.012102874927222729,"goreScore":0.04064253717660904}},{"FrameIndex":810,"Adult":{"isAdultContent":false,"isRacyContent":false,"isGoryContent":false,"adultScore":0.007849852554500103,"racyScore":0.00886397622525692,"goreScore":0.04233769327402115}},{"FrameIndex":840,"Adult":{"isAdultContent":false,"isRacyContent":false,"isGoryContent":false,"adultScore":0.014597933739423752,"racyScore":0.01767011731863022,"goreScore":0.0006460947333835065}},{"FrameIndex":870,"Adult":{"isAdultContent":false,"isRacyContent":false,"isGoryContent":false,"adultScore":0.015550944022834301,"racyScore":0.020338403061032295,"goreScore":0.0008417630451731384}},{"FrameIndex":900,"Adult":{"isAdultContent":false,"isRacyContent":false,"isGoryContent":false,"adultScore":0.0071777161210775375,"racyScore":0.00898813083767891,"goreScore":0.0005058994865976274}},{"FrameIndex":930,"Adult":{"isAdultContent":false,"isRacyContent":false,"isGoryContent":false,"adultScore":0.0009342626435682178,"racyScore":0.0016260319389402866,"goreScore":0.000845456263050437}},{"FrameIndex":960,"Adult":{"isAdultContent":false,"isRacyContent":false,"isGoryContent":false,"adultScore":0.001438192673958838,"racyScore":0.0021837102249264717,"goreScore":0.000647270935587585}},{"FrameIndex":990,"Adult":{"isAdultContent":false,"isRacyContent":false,"isGoryContent":false,"adultScore":0.0013297359691932797,"racyScore":0.0020679200533777475,"goreScore":0.0006998023600317538}},{"FrameIndex":1020,"Adult":{"isAdultContent":false,"isRacyContent":false,"isGoryContent":false,"adultScore":0.0012826095335185528,"racyScore":0.0020748653914779425,"goreScore":0.0006592445424757898}},{"FrameIndex":1050,"Adult":{"isAdultContent":false,"isRacyContent":false,"isGoryContent":false,"adultScore":0.0015890181530267,"racyScore":0.0026053916662931442,"goreScore":0.000654441537335515}},{"FrameIndex":1080,"Adult":{"isAdultContent":false,"isRacyContent":false,"isGoryContent":false,"adultScore":0.0022669571917504072,"racyScore":0.003561212681233883,"goreScore":0.0007442490314133465}},{"FrameIndex":1110,"Adult":{"isAdultContent":false,"isRacyContent":false,"isGoryContent":false,"adultScore":0.0016981777735054493,"racyScore":0.002711494918912649,"goreScore":0.0008473690249957144}},{"FrameIndex":1140,"Adult":{"isAdultContent":false,"isRacyContent":false,"isGoryContent":false,"adultScore":0.002417875686660409,"racyScore":0.003760445863008499,"goreScore":0.0009071800159290433}},{"FrameIndex":1170,"Adult":{"isAdultContent":false,"isRacyContent":false,"isGoryContent":false,"adultScore":0.003296043025329709,"racyScore":0.004864951130002737,"goreScore":0.0006453969981521368}},{"FrameIndex":1200,"Adult":{"isAdultContent":false,"isRacyContent":false,"isGoryContent":false,"adultScore":0.00034715348738245666,"racyScore":0.001379955094307661,"goreScore":0.00017376101459376514}},{"FrameIndex":1230,"Adult":{"isAdultContent":false,"isRacyContent":false,"isGoryContent":false,"adultScore":0.0006436783587560058,"racyScore":0.00165590550750494,"goreScore":0.00034015023265965283}},{"FrameIndex":1260,"Adult":{"isAdultContent":false,"isRacyContent":false,"isGoryContent":false,"adultScore":0.0004794204141944647,"racyScore":0.0009501256281509995,"goreScore":0.00027916464023292065}},{"FrameIndex":1290,"Adult":{"isAdultContent":false,"isRacyContent":false,"isGoryContent":false,"adultScore":0.0021310183219611645,"racyScore":0.0031805410981178284,"goreScore":0.0007322532474063337}},{"FrameIndex":1320,"Adult":{"isAdultContent":false,"isRacyContent":false,"isGoryContent":false,"adultScore":0.0023750062100589275,"racyScore":0.00344261946156621,"goreScore":0.0007794400444254279}},{"FrameIndex":1350,"Adult":{"isAdultContent":false,"isRacyContent":false,"isGoryContent":false,"adultScore":0.001035061664879322,"racyScore":0.002128204796463251,"goreScore":0.000583082961384207}},{"FrameIndex":1380,"Adult":{"isAdultContent":false,"isRacyContent":false,"isGoryContent":false,"adultScore":0.0009433378581888974,"racyScore":0.001877776812762022,"goreScore":0.0006312340847216547}},{"FrameIndex":1410,"Adult":{"isAdultContent":false,"isRacyContent":false,"isGoryContent":false,"adultScore":0.0008827665587887168,"racyScore":0.0035001938231289387,"goreScore":0.0020330194383859634}},{"FrameIndex":1440,"Adult":{"isAdultContent":false,"isRacyContent":false,"isGoryContent":false,"adultScore":0.0011674059787765145,"racyScore":0.0017984247533604503,"goreScore":0.0005385766853578389}},{"FrameIndex":1470,"Adult":{"isAdultContent":false,"isRacyContent":false,"isGoryContent":false,"adultScore":0.0008115522796288133,"racyScore":0.0013137486530467868,"goreScore":0.0005136780091561377}},{"FrameIndex":1500,"Adult":{"isAdultContent":false,"isRacyContent":false,"isGoryContent":false,"adultScore":0.0007134174229577184,"racyScore":0.0012762569822371006,"goreScore":0.0005736331222578883}},{"FrameIndex":1530,"Adult":{"isAdultContent":false,"isRacyContent":false,"isGoryContent":false,"adultScore":0.0008952032658271492,"racyScore":0.0015872619114816189,"goreScore":0.0006827680626884103}},{"FrameIndex":1560,"Adult":{"isAdultContent":false,"isRacyContent":false,"isGoryContent":false,"adultScore":0.0009653223678469658,"racyScore":0.0016774798277765512,"goreScore":0.0005762801738455892}},{"FrameIndex":1590,"Adult":{"isAdultContent":false,"isRacyContent":false,"isGoryContent":false,"adultScore":0.0010558752110227942,"racyScore":0.0017512160120531917,"goreScore":0.0006651175208389759}},{"FrameIndex":1620,"Adult":{"isAdultContent":false,"isRacyContent":false,"isGoryContent":false,"adultScore":0.0011327927932143211,"racyScore":0.0018292148597538471,"goreScore":0.0006549142999574542}},{"FrameIndex":1650,"Adult":{"isAdultContent":false,"isRacyContent":false,"isGoryContent":false,"adultScore":0.0007156515493988991,"racyScore":0.0012681931257247925,"goreScore":0.0005182956228964031}},{"FrameIndex":1680,"Adult":{"isAdultContent":false,"isRacyContent":false,"isGoryContent":false,"adultScore":0.0008391503943130374,"racyScore":0.00145629548933357,"goreScore":0.0006126432563178241}},{"FrameIndex":1710,"Adult":{"isAdultContent":false,"isRacyContent":false,"isGoryContent":false,"adultScore":0.0009477109415456653,"racyScore":0.0015890969661995769,"goreScore":0.0006009353674016893}},{"FrameIndex":1740,"Adult":{"isAdultContent":false,"isRacyContent":false,"isGoryContent":false,"adultScore":0.000913331052288413,"racyScore":0.0015467805787920952,"goreScore":0.0006019588909111917}},{"FrameIndex":1770,"Adult":{"isAdultContent":false,"isRacyContent":false,"isGoryContent":false,"adultScore":0.0013539387146010995,"racyScore":0.0020896426867693663,"goreScore":0.0006338008097372949}},{"FrameIndex":1800,"Adult":{"isAdultContent":false,"isRacyContent":false,"isGoryContent":false,"adultScore":0.0012757162330672145,"racyScore":0.0020198142156004906,"goreScore":0.0006496805581264198}},{"FrameIndex":1830,"Adult":{"isAdultContent":false,"isRacyContent":false,"isGoryContent":false,"adultScore":0.0008007831056602299,"racyScore":0.0014273637207224965,"goreScore":0.0005918419337831438}},{"FrameIndex":1860,"Adult":{"isAdultContent":false,"isRacyContent":false,"isGoryContent":false,"adultScore":0.0028594499453902245,"racyScore":0.0041234418749809265,"goreScore":0.0013605526182800531}},{"FrameIndex":1890,"Adult":{"isAdultContent":false,"isRacyContent":false,"isGoryContent":false,"adultScore":0.005335847847163677,"racyScore":0.006795041263103485,"goreScore":0.0029458554927259684}},{"FrameIndex":1920,"Adult":{"isAdultContent":false,"isRacyContent":false,"isGoryContent":false,"adultScore":0.0013345088809728622,"racyScore":0.0024795804638415575,"goreScore":0.0022421006578952074}},{"FrameIndex":1950,"Adult":{"isAdultContent":false,"isRacyContent":false,"isGoryContent":false,"adultScore":0.0019840728491544724,"racyScore":0.0032083443365991116,"goreScore":0.004522445611655712}},{"FrameIndex":1980,"Adult":{"isAdultContent":false,"isRacyContent":false,"isGoryContent":false,"adultScore":0.0041441465727984905,"racyScore":0.008208272978663445,"goreScore":0.0019575224723666906}},{"FrameIndex":2010,"Adult":{"isAdultContent":false,"isRacyContent":false,"isGoryContent":false,"adultScore":0.001434354460798204,"racyScore":0.0026343984063714743,"goreScore":0.001113138860091567}},{"FrameIndex":2040,"Adult":{"isAdultContent":false,"isRacyContent":false,"isGoryContent":false,"adultScore":0.0019877383019775152,"racyScore":0.003806436900049448,"goreScore":0.0008010000456124544}},{"FrameIndex":2070,"Adult":{"isAdultContent":false,"isRacyContent":false,"isGoryContent":false,"adultScore":0.0029863088857382536,"racyScore":0.004957143217325211,"goreScore":0.0009508030489087105}},{"FrameIndex":2100,"Adult":{"isAdultContent":false,"isRacyContent":false,"isGoryContent":false,"adultScore":0.0009088249644264579,"racyScore":0.0016262424178421497,"goreScore":0.0008918593521229923}},{"FrameIndex":2130,"Adult":{"isAdultContent":false,"isRacyContent":false,"isGoryContent":false,"adultScore":0.0008961840067058802,"racyScore":0.0016027651727199554,"goreScore":0.001048117526806891}},{"FrameIndex":2160,"Adult":{"isAdultContent":false,"isRacyContent":false,"isGoryContent":false,"adultScore":0.0009437727276235819,"racyScore":0.0017829446587711573,"goreScore":0.0006816110690124333}},{"FrameIndex":2190,"Adult":{"isAdultContent":false,"isRacyContent":false,"isGoryContent":false,"adultScore":0.0009263481479138136,"racyScore":0.0017681620083749294,"goreScore":0.0006386720342561603}},{"FrameIndex":2220,"Adult":{"isAdultContent":false,"isRacyContent":false,"isGoryContent":false,"adultScore":0.0010473642032593489,"racyScore":0.001964812632650137,"goreScore":0.0007920379284769297}},{"FrameIndex":2250,"Adult":{"isAdultContent":false,"isRacyContent":false,"isGoryContent":false,"adultScore":0.001119038905017078,"racyScore":0.0020575327798724174,"goreScore":0.0008006594725884497}},{"FrameIndex":2280,"Adult":{"isAdultContent":false,"isRacyContent":false,"isGoryContent":false,"adultScore":0.0012331991456449032,"racyScore":0.00225225742906332,"goreScore":0.0006090060924179852}},{"FrameIndex":2310,"Adult":{"isAdultContent":false,"isRacyContent":false,"isGoryContent":false,"adultScore":0.0012543367920443416,"racyScore":0.0022628135047852993,"goreScore":0.000736028072424233}},{"FrameIndex":2340,"Adult":{"isAdultContent":false,"isRacyContent":false,"isGoryContent":false,"adultScore":0.0010754497488960624,"racyScore":0.0019509465200826526,"goreScore":0.0007772539975121617}},{"FrameIndex":2370,"Adult":{"isAdultContent":false,"isRacyContent":false,"isGoryContent":false,"adultScore":0.0011138197733089328,"racyScore":0.0020201709121465683,"goreScore":0.0007657292298972607}},{"FrameIndex":2400,"Adult":{"isAdultContent":false,"isRacyContent":false,"isGoryContent":false,"adultScore":0.0011423343094065785,"racyScore":0.0018325152341276407,"goreScore":0.000639621983282268}},{"FrameIndex":2430,"Adult":{"isAdultContent":false,"isRacyContent":false,"isGoryContent":false,"adultScore":0.0017115881200879812,"racyScore":0.0033281194046139717,"goreScore":0.0013732401421293616}},{"FrameIndex":2460,"Adult":{"isAdultContent":false,"isRacyContent":false,"isGoryContent":false,"adultScore":0.0015228742267936468,"racyScore":0.004120639059692621,"goreScore":0.0004064996901433915}},{"FrameIndex":2490,"Adult":{"isAdultContent":false,"isRacyContent":false,"isGoryContent":false,"adultScore":0.001998122315853834,"racyScore":0.004224855452775955,"goreScore":0.0009044061880558729}},{"FrameIndex":2520,"Adult":{"isAdultContent":false,"isRacyContent":false,"isGoryContent":false,"adultScore":0.0017205131007358432,"racyScore":0.005693377926945686,"goreScore":0.000847889285068959}},{"FrameIndex":2550,"Adult":{"isAdultContent":false,"isRacyContent":false,"isGoryContent":false,"adultScore":0.010969573631882668,"racyScore":0.017079811543226242,"goreScore":0.005421621259301901}},{"FrameIndex":2580,"Adult":{"isAdultContent":false,"isRacyContent":false,"isGoryContent":false,"adultScore":0.02307281829416752,"racyScore":0.030229100957512856,"goreScore":0.022166626527905464}},{"FrameIndex":2610,"Adult":{"isAdultContent":false,"isRacyContent":false,"isGoryContent":false,"adultScore":0.0059673236683011055,"racyScore":0.007855156436562538,"goreScore":0.00245921453461051}},{"FrameIndex":2640,"Adult":{"isAdultContent":false,"isRacyContent":false,"isGoryContent":false,"adultScore":0.013680179603397846,"racyScore":0.033649321645498276,"goreScore":0.006417711265385151}},{"FrameIndex":2670,"Adult":{"isAdultContent":false,"isRacyContent":false,"isGoryContent":false,"adultScore":0.003552741603925824,"racyScore":0.01565530337393284,"goreScore":0.005915290210396051}},{"FrameIndex":2700,"Adult":{"isAdultContent":false,"isRacyContent":false,"isGoryContent":false,"adultScore":0.004267323296517134,"racyScore":0.011797912418842316,"goreScore":0.004122029058635235}},{"FrameIndex":2730,"Adult":{"isAdultContent":false,"isRacyContent":false,"isGoryContent":false,"adultScore":0.005986364558339119,"racyScore":0.01875457912683487,"goreScore":0.005695610772818327}},{"FrameIndex":2760,"Adult":{"isAdultContent":false,"isRacyContent":false,"isGoryContent":false,"adultScore":0.0026060573291033506,"racyScore":0.003804554231464863,"goreScore":0.0005071717314422131}},{"FrameIndex":2790,"Adult":{"isAdultContent":false,"isRacyContent":false,"isGoryContent":false,"adultScore":0.012693574652075768,"racyScore":0.0165031086653471,"goreScore":0.005410496611148119}},{"FrameIndex":2820,"Adult":{"isAdultContent":false,"isRacyContent":false,"isGoryContent":false,"adultScore":0.005531955510377884,"racyScore":0.08225657045841217,"goreScore":0.00448614964261651}},{"FrameIndex":2850,"Adult":{"isAdultContent":false,"isRacyContent":false,"isGoryContent":false,"adultScore":0.020720576867461205,"racyScore":0.08197321742773056,"goreScore":0.00580555759370327}},{"FrameIndex":2880,"Adult":{"isAdultContent":false,"isRacyContent":false,"isGoryContent":false,"adultScore":0.014232185669243336,"racyScore":0.017161648720502853,"goreScore":0.001024472527205944}},{"FrameIndex":2910,"Adult":{"isAdultContent":false,"isRacyContent":false,"isGoryContent":false,"adultScore":0.0006425760220736265,"racyScore":0.0012237700866535306,"goreScore":0.0003426085168030113}},{"FrameIndex":2940,"Adult":{"isAdultContent":false,"isRacyContent":false,"isGoryContent":false,"adultScore":0.0010558259673416615,"racyScore":0.0018951776437461376,"goreScore":0.0005238839657977223}},{"FrameIndex":2970,"Adult":{"isAdultContent":false,"isRacyContent":false,"isGoryContent":false,"adultScore":0.0011010877788066864,"racyScore":0.0019468795508146286,"goreScore":0.0006390313501469791}},{"FrameIndex":3000,"Adult":{"isAdultContent":false,"isRacyContent":false,"isGoryContent":false,"adultScore":0.007630795706063509,"racyScore":0.01244820561259985,"goreScore":0.0015760378446429968}},{"FrameIndex":3030,"Adult":{"isAdultContent":false,"isRacyContent":false,"isGoryContent":false,"adultScore":0.005188543349504471,"racyScore":0.007533075287938118,"goreScore":0.0005823521642014384}},{"FrameIndex":3060,"Adult":{"isAdultContent":false,"isRacyContent":false,"isGoryContent":false,"adultScore":0.003940611146390438,"racyScore":0.005852303933352232,"goreScore":0.0007657104288227856}},{"FrameIndex":3090,"Adult":{"isAdultContent":false,"isRacyContent":false,"isGoryContent":false,"adultScore":0.01242269016802311,"racyScore":0.014279453083872795,"goreScore":0.008047536015510559}},{"FrameIndex":3120,"Adult":{"isAdultContent":false,"isRacyContent":false,"isGoryContent":false,"adultScore":0.0054742731153965,"racyScore":0.007871309295296669,"goreScore":0.0022242525592446327}},{"FrameIndex":3150,"Adult":{"isAdultContent":false,"isRacyContent":false,"isGoryContent":false,"adultScore":0.013045896776020527,"racyScore":0.016011759638786316,"goreScore":0.0010473234578967094}},{"FrameIndex":3180,"Adult":{"isAdultContent":false,"isRacyContent":false,"isGoryContent":false,"adultScore":0.11847235262393951,"racyScore":0.1377759873867035,"goreScore":0.002876576269045472}},{"FrameIndex":3210,"Adult":{"isAdultContent":false,"isRacyContent":false,"isGoryContent":false,"adultScore":0.009168279357254505,"racyScore":0.02937837690114975,"goreScore":0.0012070812517777085}},{"FrameIndex":3240,"Adult":{"isAdultContent":false,"isRacyContent":false,"isGoryContent":false,"adultScore":0.0021272392477840185,"racyScore":0.016979916021227837,"goreScore":0.0014518739189952612}},{"FrameIndex":3270,"Adult":{"isAdultContent":false,"isRacyContent":false,"isGoryContent":false,"adultScore":0.002907315967604518,"racyScore":0.02192532829940319,"goreScore":0.0004749363288283348}},{"FrameIndex":3300,"Adult":{"isAdultContent":false,"isRacyContent":false,"isGoryContent":false,"adultScore":0.0008368964772671461,"racyScore":0.001735549420118332,"goreScore":0.0004874874430242926}},{"FrameIndex":3330,"Adult":{"isAdultContent":false,"isRacyContent":false,"isGoryContent":false,"adultScore":0.0011059042299166322,"racyScore":0.0025848597288131714,"goreScore":0.0009675742476247251}},{"FrameIndex":3360,"Adult":{"isAdultContent":false,"isRacyContent":false,"isGoryContent":false,"adultScore":0.0019597397185862064,"racyScore":0.003522852435708046,"goreScore":0.0009339805692434311}},{"FrameIndex":3390,"Adult":{"isAdultContent":false,"isRacyContent":false,"isGoryContent":false,"adultScore":0.002453326480463147,"racyScore":0.017187245190143585,"goreScore":0.0023263951297849417}},{"FrameIndex":3420,"Adult":{"isAdultContent":false,"isRacyContent":false,"isGoryContent":false,"adultScore":0.0016435496509075165,"racyScore":0.004319423343986273,"goreScore":0.004245109390467405}},{"FrameIndex":3450,"Adult":{"isAdultContent":false,"isRacyContent":false,"isGoryContent":false,"adultScore":0.000741469266358763,"racyScore":0.002847685245797038,"goreScore":0.0027879804838448763}},{"FrameIndex":3480,"Adult":{"isAdultContent":false,"isRacyContent":false,"isGoryContent":false,"adultScore":0.005118248984217644,"racyScore":0.008138910867273808,"goreScore":0.0005273233982734382}},{"FrameIndex":3510,"Adult":{"isAdultContent":false,"isRacyContent":false,"isGoryContent":false,"adultScore":0.008136946707963943,"racyScore":0.012789574451744556,"goreScore":0.0008325044764205813}},{"FrameIndex":3540,"Adult":{"isAdultContent":false,"isRacyContent":false,"isGoryContent":false,"adultScore":0.0020648387726396322,"racyScore":0.005765214562416077,"goreScore":0.00037426609196700156}},{"FrameIndex":3570,"Adult":{"isAdultContent":false,"isRacyContent":false,"isGoryContent":false,"adultScore":0.004044136963784695,"racyScore":0.03002958372235298,"goreScore":0.0017521068220958114}},{"FrameIndex":3600,"Adult":{"isAdultContent":false,"isRacyContent":false,"isGoryContent":false,"adultScore":0.007869024761021137,"racyScore":0.013703161850571632,"goreScore":0.003755199024453759}},{"FrameIndex":3630,"Adult":{"isAdultContent":false,"isRacyContent":false,"isGoryContent":false,"adultScore":0.0029182196594774723,"racyScore":0.004902942106127739,"goreScore":0.002430509775876999}},{"FrameIndex":3660,"Adult":{"isAdultContent":false,"isRacyContent":false,"isGoryContent":false,"adultScore":0.0033179547172039747,"racyScore":0.005274649243801832,"goreScore":0.006742515135556459}},{"FrameIndex":3690,"Adult":{"isAdultContent":false,"isRacyContent":false,"isGoryContent":false,"adultScore":0.008259992115199566,"racyScore":0.009922811761498451,"goreScore":0.0057936483062803745}},{"FrameIndex":3720,"Adult":{"isAdultContent":false,"isRacyContent":false,"isGoryContent":false,"adultScore":0.013967175967991352,"racyScore":0.018727321177721024,"goreScore":0.011424687691032887}},{"FrameIndex":3750,"Adult":{"isAdultContent":false,"isRacyContent":false,"isGoryContent":false,"adultScore":0.017208166420459747,"racyScore":0.02267913520336151,"goreScore":0.004264335613697767}},{"FrameIndex":3780,"Adult":{"isAdultContent":false,"isRacyContent":false,"isGoryContent":false,"adultScore":0.0013610305031761527,"racyScore":0.002350983675569296,"goreScore":0.0008559547131881118}},{"FrameIndex":3810,"Adult":{"isAdultContent":false,"isRacyContent":false,"isGoryContent":false,"adultScore":0.0013260202249512076,"racyScore":0.0023018631618469954,"goreScore":0.0008401772356592119}},{"FrameIndex":3840,"Adult":{"isAdultContent":false,"isRacyContent":false,"isGoryContent":false,"adultScore":0.0014732999261468649,"racyScore":0.004195511341094971,"goreScore":0.00043646999984048307}},{"FrameIndex":3870,"Adult":{"isAdultContent":false,"isRacyContent":false,"isGoryContent":false,"adultScore":0.0009687098208814859,"racyScore":0.001843514502979815,"goreScore":0.00041163474088534713}},{"FrameIndex":3900,"Adult":{"isAdultContent":false,"isRacyContent":false,"isGoryContent":false,"adultScore":0.0012811387423425913,"racyScore":0.0021074367687106133,"goreScore":0.0005859235534444451}},{"FrameIndex":3930,"Adult":{"isAdultContent":false,"isRacyContent":false,"isGoryContent":false,"adultScore":0.00042552765808068216,"racyScore":0.002870486583560705,"goreScore":0.0006725622224621475}},{"FrameIndex":3960,"Adult":{"isAdultContent":false,"isRacyContent":false,"isGoryContent":false,"adultScore":0.0005441959947347641,"racyScore":0.0025349720381200314,"goreScore":0.0005436373176053166}},{"FrameIndex":3990,"Adult":{"isAdultContent":false,"isRacyContent":false,"isGoryContent":false,"adultScore":0.004572694189846516,"racyScore":0.059322986751794815,"goreScore":0.0011424149852246046}},{"FrameIndex":4020,"Adult":{"isAdultContent":false,"isRacyContent":false,"isGoryContent":false,"adultScore":0.015633637085556984,"racyScore":0.08037170767784119,"goreScore":0.0018091622041538358}},{"FrameIndex":4050,"Adult":{"isAdultContent":false,"isRacyContent":false,"isGoryContent":false,"adultScore":0.0025455572176724672,"racyScore":0.023429151624441147,"goreScore":0.0007877511670812964}},{"FrameIndex":4080,"Adult":{"isAdultContent":false,"isRacyContent":false,"isGoryContent":false,"adultScore":0.0031824358738958836,"racyScore":0.011938326060771942,"goreScore":0.0015427975449711084}},{"FrameIndex":4110,"Adult":{"isAdultContent":false,"isRacyContent":false,"isGoryContent":false,"adultScore":0.0031640096567571163,"racyScore":0.009992970153689384,"goreScore":0.0026489843148738146}},{"FrameIndex":4140,"Adult":{"isAdultContent":false,"isRacyContent":false,"isGoryContent":false,"adultScore":0.009001198224723339,"racyScore":0.021058913320302963,"goreScore":0.003902146127074957}},{"FrameIndex":4170,"Adult":{"isAdultContent":false,"isRacyContent":false,"isGoryContent":false,"adultScore":0.011387891136109829,"racyScore":0.021392304450273514,"goreScore":0.015684371814131737}},{"FrameIndex":4200,"Adult":{"isAdultContent":false,"isRacyContent":false,"isGoryContent":false,"adultScore":0.0041894144378602505,"racyScore":0.006011004094034433,"goreScore":0.012815593741834164}},{"FrameIndex":4230,"Adult":{"isAdultContent":false,"isRacyContent":false,"isGoryContent":false,"adultScore":0.00678976159542799,"racyScore":0.011262459680438042,"goreScore":0.062463052570819855}},{"FrameIndex":4260,"Adult":{"isAdultContent":false,"isRacyContent":false,"isGoryContent":false,"adultScore":0.006383263040333986,"racyScore":0.018451575189828873,"goreScore":0.0022519947960972786}},{"FrameIndex":4290,"Adult":{"isAdultContent":false,"isRacyContent":false,"isGoryContent":false,"adultScore":0.003141320077702403,"racyScore":0.024306602776050568,"goreScore":0.0004752074019052088}},{"FrameIndex":4320,"Adult":{"isAdultContent":false,"isRacyContent":false,"isGoryContent":false,"adultScore":0.006511662155389786,"racyScore":0.04195231571793556,"goreScore":0.0007995369378477335}},{"FrameIndex":4350,"Adult":{"isAdultContent":false,"isRacyContent":false,"isGoryContent":false,"adultScore":0.003419530810788274,"racyScore":0.007176847197115421,"goreScore":0.001242489437572658}},{"FrameIndex":4380,"Adult":{"isAdultContent":false,"isRacyContent":false,"isGoryContent":false,"adultScore":0.002305146073922515,"racyScore":0.005086177960038185,"goreScore":0.0025386405177414417}},{"FrameIndex":4410,"Adult":{"isAdultContent":false,"isRacyContent":false,"isGoryContent":false,"adultScore":0.0016577077331021428,"racyScore":0.004814128391444683,"goreScore":0.008039738982915878}},{"FrameIndex":4440,"Adult":{"isAdultContent":false,"isRacyContent":false,"isGoryContent":false,"adultScore":0.23306095600128174,"racyScore":0.48553404211997986,"goreScore":0.1903494894504547}},{"FrameIndex":4470,"Adult":{"isAdultContent":false,"isRacyContent":false,"isGoryContent":false,"adultScore":0.1413772851228714,"racyScore":0.46081680059432983,"goreScore":0.08800705522298813}},{"FrameIndex":4500,"Adult":{"isAdultContent":false,"isRacyContent":false,"isGoryContent":false,"adultScore":0.008165497332811356,"racyScore":0.045243069529533386,"goreScore":0.013748076744377613}},{"FrameIndex":4530,"Adult":{"isAdultContent":false,"isRacyContent":false,"isGoryContent":false,"adultScore":0.005497070029377937,"racyScore":0.01053217425942421,"goreScore":0.061500564217567444}},{"FrameIndex":4560,"Adult":{"isAdultContent":false,"isRacyContent":false,"isGoryContent":false,"adultScore":0.005954507272690535,"racyScore":0.042683690786361694,"goreScore":0.0017165056196972728}},{"FrameIndex":4590,"Adult":{"isAdultContent":false,"isRacyContent":false,"isGoryContent":false,"adultScore":0.0007280581630766392,"racyScore":0.001548665459267795,"goreScore":0.0009249497088603675}},{"FrameIndex":4620,"Adult":{"isAdultContent":false,"isRacyContent":false,"isGoryContent":false,"adultScore":0.0011168300407007337,"racyScore":0.0022637941874563694,"goreScore":0.0009991837432608008}},{"FrameIndex":4650,"Adult":{"isAdultContent":false,"isRacyContent":false,"isGoryContent":false,"adultScore":0.0011317826574668288,"racyScore":0.0020676045678555965,"goreScore":0.0006757064838893712}},{"FrameIndex":4680,"Adult":{"isAdultContent":false,"isRacyContent":false,"isGoryContent":false,"adultScore":0.0012526505161076784,"racyScore":0.0023340564221143723,"goreScore":0.0007556048803962767}},{"FrameIndex":4710,"Adult":{"isAdultContent":false,"isRacyContent":false,"isGoryContent":false,"adultScore":0.0012905765324831009,"racyScore":0.0022858695592731237,"goreScore":0.0007669542683288455}},{"FrameIndex":4740,"Adult":{"isAdultContent":false,"isRacyContent":false,"isGoryContent":false,"adultScore":0.0012941641034558415,"racyScore":0.0022536141332238913,"goreScore":0.0006416852120310068}},{"FrameIndex":4770,"Adult":{"isAdultContent":false,"isRacyContent":false,"isGoryContent":false,"adultScore":0.0012075557606294751,"racyScore":0.0021667550317943096,"goreScore":0.0006553071434609592}},{"FrameIndex":4800,"Adult":{"isAdultContent":false,"isRacyContent":false,"isGoryContent":false,"adultScore":0.0007102136733010411,"racyScore":0.0013253012439236045,"goreScore":0.000306563830235973}},{"FrameIndex":4830,"Adult":{"isAdultContent":false,"isRacyContent":false,"isGoryContent":false,"adultScore":0.0011158587876707315,"racyScore":0.0020231951493769884,"goreScore":0.0007623863639310002}},{"FrameIndex":4860,"Adult":{"isAdultContent":false,"isRacyContent":false,"isGoryContent":false,"adultScore":0.0009327688021585345,"racyScore":0.0017554671503603458,"goreScore":0.0006050282390788198}},{"FrameIndex":4890,"Adult":{"isAdultContent":false,"isRacyContent":false,"isGoryContent":false,"adultScore":0.0008966438472270966,"racyScore":0.001751794246956706,"goreScore":0.0006213222513906658}},{"FrameIndex":4920,"Adult":{"isAdultContent":false,"isRacyContent":false,"isGoryContent":false,"adultScore":0.0009870867943391204,"racyScore":0.00172203138936311,"goreScore":0.0019290940836071968}},{"FrameIndex":4950,"Adult":{"isAdultContent":false,"isRacyContent":false,"isGoryContent":false,"adultScore":0.0010412317933514714,"racyScore":0.0016943488735705614,"goreScore":0.002151261316612363}},{"FrameIndex":4980,"Adult":{"isAdultContent":false,"isRacyContent":false,"isGoryContent":false,"adultScore":0.0024387002922594547,"racyScore":0.0037093358114361763,"goreScore":0.0006008383352309465}},{"FrameIndex":5010,"Adult":{"isAdultContent":false,"isRacyContent":false,"isGoryContent":false,"adultScore":0.0014273918932303786,"racyScore":0.0026621660217642784,"goreScore":0.0011155441170558333}},{"FrameIndex":5040,"Adult":{"isAdultContent":false,"isRacyContent":false,"isGoryContent":false,"adultScore":0.020578505471348763,"racyScore":0.054663948714733124,"goreScore":0.0025704384315758944}},{"FrameIndex":5070,"Adult":{"isAdultContent":false,"isRacyContent":false,"isGoryContent":false,"adultScore":0.013736424967646599,"racyScore":0.04316118732094765,"goreScore":0.0011493199272081256}},{"FrameIndex":5100,"Adult":{"isAdultContent":false,"isRacyContent":false,"isGoryContent":false,"adultScore":0.0012575897853821516,"racyScore":0.0022167908027768135,"goreScore":0.0009881058940663934}},{"FrameIndex":5130,"Adult":{"isAdultContent":false,"isRacyContent":false,"isGoryContent":false,"adultScore":0.0007873402792029083,"racyScore":0.0017628367058932781,"goreScore":0.0002763916563708335}},{"FrameIndex":5160,"Adult":{"isAdultContent":false,"isRacyContent":false,"isGoryContent":false,"adultScore":0.0008554140222258866,"racyScore":0.0016060778871178627,"goreScore":0.0006726732244715095}},{"FrameIndex":5190,"Adult":{"isAdultContent":false,"isRacyContent":false,"isGoryContent":false,"adultScore":0.001338958740234375,"racyScore":0.0021954518742859364,"goreScore":0.000690048560500145}},{"FrameIndex":5220,"Adult":{"isAdultContent":false,"isRacyContent":false,"isGoryContent":false,"adultScore":0.0010361596941947937,"racyScore":0.0018687485717236996,"goreScore":0.0008822248782962561}},{"FrameIndex":5250,"Adult":{"isAdultContent":false,"isRacyContent":false,"isGoryContent":false,"adultScore":0.0008961790008470416,"racyScore":0.0016635681968182325,"goreScore":0.0010027444222941995}},{"FrameIndex":5280,"Adult":{"isAdultContent":false,"isRacyContent":false,"isGoryContent":false,"adultScore":0.0011738648172467947,"racyScore":0.0020724977366626263,"goreScore":0.000899499689694494}},{"FrameIndex":5310,"Adult":{"isAdultContent":false,"isRacyContent":false,"isGoryContent":false,"adultScore":0.0011543153086677194,"racyScore":0.0020589593332260847,"goreScore":0.000858845713082701}},{"FrameIndex":5340,"Adult":{"isAdultContent":false,"isRacyContent":false,"isGoryContent":false,"adultScore":0.0011619343422353268,"racyScore":0.0020662005990743637,"goreScore":0.0010095075704157352}},{"FrameIndex":5370,"Adult":{"isAdultContent":false,"isRacyContent":false,"isGoryContent":false,"adultScore":0.0011680048191919923,"racyScore":0.0020873909816145897,"goreScore":0.0008610582444816828}},{"FrameIndex":5400,"Adult":{"isAdultContent":false,"isRacyContent":false,"isGoryContent":false,"adultScore":0.0011379821226000786,"racyScore":0.002063072519376874,"goreScore":0.0008704478968866169}},{"FrameIndex":5430,"Adult":{"isAdultContent":false,"isRacyContent":false,"isGoryContent":false,"adultScore":0.0011441106908023357,"racyScore":0.0020158172119408846,"goreScore":0.0006338398088701069}},{"FrameIndex":5460,"Adult":{"isAdultContent":false,"isRacyContent":false,"isGoryContent":false,"adultScore":0.0011250143870711327,"racyScore":0.0021046199835836887,"goreScore":0.0006975500728003681}},{"FrameIndex":5490,"Adult":{"isAdultContent":false,"isRacyContent":false,"isGoryContent":false,"adultScore":0.0011738728499040008,"racyScore":0.0021164664067327976,"goreScore":0.0006652203155681491}},{"FrameIndex":5520,"Adult":{"isAdultContent":false,"isRacyContent":false,"isGoryContent":false,"adultScore":0.00392505107447505,"racyScore":0.005335337948054075,"goreScore":0.009599694982171059}},{"FrameIndex":5550,"Adult":{"isAdultContent":false,"isRacyContent":false,"isGoryContent":false,"adultScore":0.0025086409877985716,"racyScore":0.003655731212347746,"goreScore":0.0040345280431210995}},{"FrameIndex":5580,"Adult":{"isAdultContent":false,"isRacyContent":false,"isGoryContent":false,"adultScore":0.031977422535419464,"racyScore":0.11288513988256454,"goreScore":0.001782023231498897}},{"FrameIndex":5610,"Adult":{"isAdultContent":false,"isRacyContent":false,"isGoryContent":false,"adultScore":0.019328026100993156,"racyScore":0.03487871214747429,"goreScore":0.0010329961078241467}},{"FrameIndex":5640,"Adult":{"isAdultContent":false,"isRacyContent":false,"isGoryContent":false,"adultScore":0.007545724511146545,"racyScore":0.008738508448004723,"goreScore":0.0008129755151458085}},{"FrameIndex":5670,"Adult":{"isAdultContent":false,"isRacyContent":false,"isGoryContent":false,"adultScore":0.0017250652890652418,"racyScore":0.006478829309344292,"goreScore":0.0005763267399743199}},{"FrameIndex":5700,"Adult":{"isAdultContent":false,"isRacyContent":false,"isGoryContent":false,"adultScore":0.001029824372380972,"racyScore":0.0019386031199246645,"goreScore":0.0008445839630439878}},{"FrameIndex":5730,"Adult":{"isAdultContent":false,"isRacyContent":false,"isGoryContent":false,"adultScore":0.0010423996718600392,"racyScore":0.001926711294800043,"goreScore":0.000764598895329982}},{"FrameIndex":5760,"Adult":{"isAdultContent":false,"isRacyContent":false,"isGoryContent":false,"adultScore":0.008878989145159721,"racyScore":0.010824575088918209,"goreScore":0.1787797510623932}},{"FrameIndex":5790,"Adult":{"isAdultContent":false,"isRacyContent":false,"isGoryContent":false,"adultScore":0.009265778586268425,"racyScore":0.01123691163957119,"goreScore":0.11762948334217072}},{"FrameIndex":5820,"Adult":{"isAdultContent":false,"isRacyContent":false,"isGoryContent":false,"adultScore":0.01017813477665186,"racyScore":0.012347202748060226,"goreScore":0.09340992569923401}},{"FrameIndex":5850,"Adult":{"isAdultContent":false,"isRacyContent":false,"isGoryContent":false,"adultScore":0.02408789098262787,"racyScore":0.03153585270047188,"goreScore":0.00960012711584568}},{"FrameIndex":5880,"Adult":{"isAdultContent":false,"isRacyContent":false,"isGoryContent":false,"adultScore":0.0018534885020926595,"racyScore":0.0028842431493103504,"goreScore":0.0027732152957469225}},{"FrameIndex":5910,"Adult":{"isAdultContent":false,"isRacyContent":false,"isGoryContent":false,"adultScore":0.0015583671629428864,"racyScore":0.0026953094638884068,"goreScore":0.002505969488993287}},{"FrameIndex":5940,"Adult":{"isAdultContent":false,"isRacyContent":false,"isGoryContent":false,"adultScore":0.0015704241814091802,"racyScore":0.002532151760533452,"goreScore":0.0003991307457908988}},{"FrameIndex":5970,"Adult":{"isAdultContent":false,"isRacyContent":false,"isGoryContent":false,"adultScore":0.0015651392750442028,"racyScore":0.002514590509235859,"goreScore":0.00046006302000023425}},{"FrameIndex":6000,"Adult":{"isAdultContent":false,"isRacyContent":false,"isGoryContent":false,"adultScore":0.01158235128968954,"racyScore":0.013649382628500462,"goreScore":0.12820717692375183}},{"FrameIndex":6030,"Adult":{"isAdultContent":false,"isRacyContent":false,"isGoryContent":false,"adultScore":0.005741296801716089,"racyScore":0.007044214755296707,"goreScore":0.036799460649490356}},{"FrameIndex":6060,"Adult":{"isAdultContent":false,"isRacyContent":false,"isGoryContent":false,"adultScore":0.006427054293453693,"racyScore":0.00898705329746008,"goreScore":0.07217665761709213}},{"FrameIndex":6090,"Adult":{"isAdultContent":false,"isRacyContent":false,"isGoryContent":false,"adultScore":0.006175878923386335,"racyScore":0.008391499519348145,"goreScore":0.0825750008225441}},{"FrameIndex":6120,"Adult":{"isAdultContent":false,"isRacyContent":false,"isGoryContent":false,"adultScore":0.006299276370555162,"racyScore":0.008662530221045017,"goreScore":0.10067270696163177}},{"FrameIndex":6150,"Adult":{"isAdultContent":false,"isRacyContent":false,"isGoryContent":false,"adultScore":0.0011116942623630166,"racyScore":0.002065403154119849,"goreScore":0.0007826279615983367}},{"FrameIndex":6180,"Adult":{"isAdultContent":false,"isRacyContent":false,"isGoryContent":false,"adultScore":0.0011050929315388203,"racyScore":0.002076125703752041,"goreScore":0.00080389209324494}},{"FrameIndex":6210,"Adult":{"isAdultContent":false,"isRacyContent":false,"isGoryContent":false,"adultScore":0.001106600626371801,"racyScore":0.001990359276533127,"goreScore":0.0007286953623406589}},{"FrameIndex":6240,"Adult":{"isAdultContent":false,"isRacyContent":false,"isGoryContent":false,"adultScore":0.0012073495890945196,"racyScore":0.002278866246342659,"goreScore":0.0008716580341570079}},{"FrameIndex":6270,"Adult":{"isAdultContent":false,"isRacyContent":false,"isGoryContent":false,"adultScore":0.0010651121847331524,"racyScore":0.002038001548498869,"goreScore":0.0009600854245945811}},{"FrameIndex":6300,"Adult":{"isAdultContent":false,"isRacyContent":false,"isGoryContent":false,"adultScore":0.0011332127032801509,"racyScore":0.002112354151904583,"goreScore":0.000995177892036736}},{"FrameIndex":6330,"Adult":{"isAdultContent":false,"isRacyContent":false,"isGoryContent":false,"adultScore":0.004240186419337988,"racyScore":0.006910455413162708,"goreScore":0.0012953864643350244}},{"FrameIndex":6360,"Adult":{"isAdultContent":false,"isRacyContent":false,"isGoryContent":false,"adultScore":0.0002965739695355296,"racyScore":0.0006904550828039646,"goreScore":0.00026676172274164855}},{"FrameIndex":6390,"Adult":{"isAdultContent":false,"isRacyContent":false,"isGoryContent":false,"adultScore":0.0010364444460719824,"racyScore":0.0018399497494101524,"goreScore":0.0007611578330397606}},{"FrameIndex":6420,"Adult":{"isAdultContent":false,"isRacyContent":false,"isGoryContent":false,"adultScore":0.0031175550539046526,"racyScore":0.004834246821701527,"goreScore":0.005488001275807619}},{"FrameIndex":6450,"Adult":{"isAdultContent":false,"isRacyContent":false,"isGoryContent":false,"adultScore":0.0015569176757708192,"racyScore":0.0024239597842097282,"goreScore":0.002801846479997039}},{"FrameIndex":6480,"Adult":{"isAdultContent":false,"isRacyContent":false,"isGoryContent":false,"adultScore":0.0016147424466907978,"racyScore":0.002190715167671442,"goreScore":0.0017368182307109237}},{"FrameIndex":6510,"Adult":{"isAdultContent":false,"isRacyContent":false,"isGoryContent":false,"adultScore":0.0030724317766726017,"racyScore":0.0038276812992990017,"goreScore":0.004110993817448616}},{"FrameIndex":6540,"Adult":{"isAdultContent":false,"isRacyContent":false,"isGoryContent":false,"adultScore":0.0007146293646655977,"racyScore":0.001335308188572526,"goreScore":0.0007375817513093352}},{"FrameIndex":6570,"Adult":{"isAdultContent":false,"isRacyContent":false,"isGoryContent":false,"adultScore":0.0010531821753829718,"racyScore":0.001817652489989996,"goreScore":0.0007684016600251198}},{"FrameIndex":6600,"Adult":{"isAdultContent":false,"isRacyContent":false,"isGoryContent":false,"adultScore":0.002527609933167696,"racyScore":0.0035808105021715164,"goreScore":0.000533406506292522}},{"FrameIndex":6630,"Adult":{"isAdultContent":false,"isRacyContent":false,"isGoryContent":false,"adultScore":0.0010679821716621518,"racyScore":0.0018048944184556603,"goreScore":0.0005445851711556315}},{"FrameIndex":6660,"Adult":{"isAdultContent":false,"isRacyContent":false,"isGoryContent":false,"adultScore":0.0013008284149691463,"racyScore":0.0022002607583999634,"goreScore":0.0008472906774841249}},{"FrameIndex":6690,"Adult":{"isAdultContent":false,"isRacyContent":false,"isGoryContent":false,"adultScore":0.0013947163242846727,"racyScore":0.0023262780159711838,"goreScore":0.0008738060132600367}},{"FrameIndex":6720,"Adult":{"isAdultContent":false,"isRacyContent":false,"isGoryContent":false,"adultScore":0.1835445910692215,"racyScore":0.27552804350852966,"goreScore":0.06628237664699554}},{"FrameIndex":6750,"Adult":{"isAdultContent":false,"isRacyContent":false,"isGoryContent":false,"adultScore":0.0030540095176547766,"racyScore":0.004086167551577091,"goreScore":0.0006813922082073987}},{"FrameIndex":6780,"Adult":{"isAdultContent":false,"isRacyContent":false,"isGoryContent":false,"adultScore":0.0011418928625062108,"racyScore":0.0020994944497942924,"goreScore":0.0007595070055685937}},{"FrameIndex":6810,"Adult":{"isAdultContent":false,"isRacyContent":false,"isGoryContent":false,"adultScore":0.0012976493453606963,"racyScore":0.002317199017852545,"goreScore":0.00087175820954144}},{"FrameIndex":6840,"Adult":{"isAdultContent":false,"isRacyContent":false,"isGoryContent":false,"adultScore":0.001264911494217813,"racyScore":0.0021605966612696648,"goreScore":0.0007156304782256484}},{"FrameIndex":6870,"Adult":{"isAdultContent":false,"isRacyContent":false,"isGoryContent":false,"adultScore":0.0013453752035275102,"racyScore":0.002298227045685053,"goreScore":0.0007586436113342643}},{"FrameIndex":6900,"Adult":{"isAdultContent":false,"isRacyContent":false,"isGoryContent":false,"adultScore":0.0011484099086374044,"racyScore":0.0021298551000654697,"goreScore":0.0007444695220328867}},{"FrameIndex":6930,"Adult":{"isAdultContent":false,"isRacyContent":false,"isGoryContent":false,"adultScore":0.0014854160835966468,"racyScore":0.0022642952390015125,"goreScore":0.0008543887524865568}},{"FrameIndex":6960,"Adult":{"isAdultContent":false,"isRacyContent":false,"isGoryContent":false,"adultScore":0.0015303405234590173,"racyScore":0.002414022572338581,"goreScore":0.0009135488071478903}},{"FrameIndex":6990,"Adult":{"isAdultContent":false,"isRacyContent":false,"isGoryContent":false,"adultScore":0.0011624980252236128,"racyScore":0.0019859003368765116,"goreScore":0.0007808209047652781}},{"FrameIndex":7020,"Adult":{"isAdultContent":false,"isRacyContent":false,"isGoryContent":false,"adultScore":0.0012319934321567416,"racyScore":0.0020295223221182823,"goreScore":0.0007948331185616553}},{"FrameIndex":7050,"Adult":{"isAdultContent":false,"isRacyContent":false,"isGoryContent":false,"adultScore":0.0012469248613342643,"racyScore":0.0021045475732535124,"goreScore":0.0008278118330053985}},{"FrameIndex":7080,"Adult":{"isAdultContent":false,"isRacyContent":false,"isGoryContent":false,"adultScore":0.0013568914728239179,"racyScore":0.0023480721283704042,"goreScore":0.0008724123472347856}},{"FrameIndex":7110,"Adult":{"isAdultContent":false,"isRacyContent":false,"isGoryContent":false,"adultScore":0.0013668347382918,"racyScore":0.0023659549187868834,"goreScore":0.0007984463009051979}},{"FrameIndex":7140,"Adult":{"isAdultContent":false,"isRacyContent":false,"isGoryContent":false,"adultScore":0.0013548367423936725,"racyScore":0.0023349905386567116,"goreScore":0.00085850601317361}},{"FrameIndex":7170,"Adult":{"isAdultContent":false,"isRacyContent":false,"isGoryContent":false,"adultScore":0.04961946979165077,"racyScore":0.06720097362995148,"goreScore":0.0015918590361252427}},{"FrameIndex":7200,"Adult":{"isAdultContent":false,"isRacyContent":false,"isGoryContent":false,"adultScore":0.0014017247594892979,"racyScore":0.002247166121378541,"goreScore":0.0002451380714774132}},{"FrameIndex":7230,"Adult":{"isAdultContent":false,"isRacyContent":false,"isGoryContent":false,"adultScore":0.007867090404033661,"racyScore":0.010827884078025818,"goreScore":0.0003948418889194727}},{"FrameIndex":7260,"Adult":{"isAdultContent":false,"isRacyContent":false,"isGoryContent":false,"adultScore":0.004862040281295776,"racyScore":0.007445776369422674,"goreScore":0.00024617824237793684}},{"FrameIndex":7290,"Adult":{"isAdultContent":false,"isRacyContent":false,"isGoryContent":false,"adultScore":0.012427612207829952,"racyScore":0.016521766781806946,"goreScore":0.00044065547990612686}},{"FrameIndex":7320,"Adult":{"isAdultContent":false,"isRacyContent":false,"isGoryContent":false,"adultScore":0.09894838184118271,"racyScore":0.11706144362688065,"goreScore":0.002235989784821868}},{"FrameIndex":7350,"Adult":{"isAdultContent":false,"isRacyContent":false,"isGoryContent":false,"adultScore":0.003789624199271202,"racyScore":0.004972970113158226,"goreScore":0.0005632381653413177}},{"FrameIndex":7380,"Adult":{"isAdultContent":false,"isRacyContent":false,"isGoryContent":false,"adultScore":0.002780824201181531,"racyScore":0.005321286618709564,"goreScore":0.0005304695223458111}},{"FrameIndex":7410,"Adult":{"isAdultContent":false,"isRacyContent":false,"isGoryContent":false,"adultScore":0.001060684910044074,"racyScore":0.00212091370485723,"goreScore":0.0006690339068882167}},{"FrameIndex":7440,"Adult":{"isAdultContent":false,"isRacyContent":false,"isGoryContent":false,"adultScore":0.010994167998433113,"racyScore":0.027874648571014404,"goreScore":0.0006034608231857419}},{"FrameIndex":7470,"Adult":{"isAdultContent":false,"isRacyContent":false,"isGoryContent":false,"adultScore":0.0256356131285429,"racyScore":0.03308204561471939,"goreScore":0.0017324885120615363}},{"FrameIndex":7500,"Adult":{"isAdultContent":false,"isRacyContent":false,"isGoryContent":false,"adultScore":0.0117488419637084,"racyScore":0.015890564769506454,"goreScore":0.0009559937170706689}},{"FrameIndex":7530,"Adult":{"isAdultContent":false,"isRacyContent":false,"isGoryContent":false,"adultScore":0.007177118211984634,"racyScore":0.011622840538620949,"goreScore":0.000609935144893825}},{"FrameIndex":7560,"Adult":{"isAdultContent":false,"isRacyContent":false,"isGoryContent":false,"adultScore":0.001491326023824513,"racyScore":0.003925805911421776,"goreScore":0.0007529431604780257}},{"FrameIndex":7590,"Adult":{"isAdultContent":false,"isRacyContent":false,"isGoryContent":false,"adultScore":0.009844808839261532,"racyScore":0.048711348325014114,"goreScore":0.0014242571778595448}},{"FrameIndex":7620,"Adult":{"isAdultContent":false,"isRacyContent":false,"isGoryContent":false,"adultScore":0.0045360904186964035,"racyScore":0.007547186221927404,"goreScore":0.001360059017315507}},{"FrameIndex":7650,"Adult":{"isAdultContent":false,"isRacyContent":false,"isGoryContent":false,"adultScore":0.018404372036457062,"racyScore":0.022899307310581207,"goreScore":0.008692370727658272}},{"FrameIndex":7680,"Adult":{"isAdultContent":false,"isRacyContent":false,"isGoryContent":false,"adultScore":0.0014323191717267036,"racyScore":0.0024621968623250723,"goreScore":0.0008285118383355439}},{"FrameIndex":7710,"Adult":{"isAdultContent":false,"isRacyContent":false,"isGoryContent":false,"adultScore":0.009606043808162212,"racyScore":0.013050618581473827,"goreScore":0.000910624919924885}},{"FrameIndex":7740,"Adult":{"isAdultContent":false,"isRacyContent":false,"isGoryContent":false,"adultScore":0.0014888477744534612,"racyScore":0.002817208878695965,"goreScore":0.00023130481713451445}},{"FrameIndex":7770,"Adult":{"isAdultContent":false,"isRacyContent":false,"isGoryContent":false,"adultScore":0.011854211799800396,"racyScore":0.015720892697572708,"goreScore":0.000773273641243577}},{"FrameIndex":7800,"Adult":{"isAdultContent":false,"isRacyContent":false,"isGoryContent":false,"adultScore":0.0009996688459068537,"racyScore":0.001965641975402832,"goreScore":0.0003126838419120759}},{"FrameIndex":7830,"Adult":{"isAdultContent":false,"isRacyContent":false,"isGoryContent":false,"adultScore":0.0158199705183506,"racyScore":0.01839604414999485,"goreScore":0.0007687749457545578}},{"FrameIndex":7860,"Adult":{"isAdultContent":false,"isRacyContent":false,"isGoryContent":false,"adultScore":0.0023475117050111294,"racyScore":0.013821395114064217,"goreScore":0.0007380868191830814}},{"FrameIndex":7890,"Adult":{"isAdultContent":false,"isRacyContent":false,"isGoryContent":false,"adultScore":0.0023350496776401997,"racyScore":0.0042788200080394745,"goreScore":0.00040488733793608844}},{"FrameIndex":7920,"Adult":{"isAdultContent":false,"isRacyContent":false,"isGoryContent":false,"adultScore":0.0035233236849308014,"racyScore":0.004733664449304342,"goreScore":0.00045206278446130455}},{"FrameIndex":7950,"Adult":{"isAdultContent":false,"isRacyContent":false,"isGoryContent":false,"adultScore":0.0023494488559663296,"racyScore":0.0036538115236908197,"goreScore":0.0007633103523403406}},{"FrameIndex":7980,"Adult":{"isAdultContent":false,"isRacyContent":false,"isGoryContent":false,"adultScore":0.006515792105346918,"racyScore":0.010970664210617542,"goreScore":0.001335019594989717}},{"FrameIndex":8010,"Adult":{"isAdultContent":false,"isRacyContent":false,"isGoryContent":false,"adultScore":0.007549730129539967,"racyScore":0.011343312449753284,"goreScore":0.0008136270334944129}},{"FrameIndex":8040,"Adult":{"isAdultContent":false,"isRacyContent":false,"isGoryContent":false,"adultScore":0.006872581783682108,"racyScore":0.010332899168133736,"goreScore":0.0009039658471010625}},{"FrameIndex":8070,"Adult":{"isAdultContent":false,"isRacyContent":false,"isGoryContent":false,"adultScore":0.017561359331011772,"racyScore":0.02732905000448227,"goreScore":0.0015392124187201262}},{"FrameIndex":8100,"Adult":{"isAdultContent":false,"isRacyContent":false,"isGoryContent":false,"adultScore":0.001109260250814259,"racyScore":0.002229032339528203,"goreScore":0.00017899906379170716}},{"FrameIndex":8130,"Adult":{"isAdultContent":false,"isRacyContent":false,"isGoryContent":false,"adultScore":0.00045033657806925476,"racyScore":0.0012293984182178974,"goreScore":0.00013805515482090414}},{"FrameIndex":8160,"Adult":{"isAdultContent":false,"isRacyContent":false,"isGoryContent":false,"adultScore":0.0012115620775148273,"racyScore":0.0020978085231035948,"goreScore":0.00047824523062445223}},{"FrameIndex":8190,"Adult":{"isAdultContent":false,"isRacyContent":false,"isGoryContent":false,"adultScore":0.0015078536234796047,"racyScore":0.0023322831839323044,"goreScore":0.0004630246548913419}},{"FrameIndex":8220,"Adult":{"isAdultContent":false,"isRacyContent":false,"isGoryContent":false,"adultScore":0.0016994054894894361,"racyScore":0.002592624630779028,"goreScore":0.0004535675689112395}},{"FrameIndex":8250,"Adult":{"isAdultContent":false,"isRacyContent":false,"isGoryContent":false,"adultScore":0.0022024374920874834,"racyScore":0.0033883885480463505,"goreScore":0.0005680295871570706}},{"FrameIndex":8280,"Adult":{"isAdultContent":false,"isRacyContent":false,"isGoryContent":false,"adultScore":0.0013497354229912162,"racyScore":0.0021997164003551006,"goreScore":0.0004502794472500682}}]}