{"algoVersion": "5.1.2406231", "schemaVersion": "0.0.1", "results": [{"id": 1, "type": "Bottle", "wikiDataID": "Q80228", "instances": [{"x": 0.80312, "y": 0.25556, "width": 0.1, "height": 0.31667, "frame": 336, "start": "0:00:11.2112", "end": "0:00:11.244567", "confidence": 0.674, "detection_class": "bottle", "isBest": true}, {"x": 0.80156, "y": 0.25278, "width": 0.1, "height": 0.31667, "frame": 337, "start": "0:00:11.244567", "end": "0:00:11.277933", "confidence": 0.0, "detection_class": null}, {"x": 0.80156, "y": 0.25278, "width": 0.1, "height": 0.31667, "frame": 338, "start": "0:00:11.277933", "end": "0:00:11.3113", "confidence": 0.0, "detection_class": null}, {"x": 0.80156, "y": 0.25, "width": 0.09844, "height": 0.31944, "frame": 339, "start": "0:00:11.3113", "end": "0:00:11.344667", "confidence": 0.0, "detection_class": null}, {"x": 0.80156, "y": 0.25, "width": 0.09844, "height": 0.31944, "frame": 340, "start": "0:00:11.344667", "end": "0:00:11.378033", "confidence": 0.0, "detection_class": null}, {"x": 0.80156, "y": 0.25, "width": 0.09844, "height": 0.31944, "frame": 341, "start": "0:00:11.378033", "end": "0:00:11.4114", "confidence": 0.606, "detection_class": "bottle"}, {"x": 0.8, "y": 0.25, "width": 0.09844, "height": 0.31944, "frame": 342, "start": "0:00:11.4114", "end": "0:00:11.444767", "confidence": 0.0, "detection_class": null}, {"x": 0.8, "y": 0.25, "width": 0.09844, "height": 0.31944, "frame": 343, "start": "0:00:11.444767", "end": "0:00:11.478133", "confidence": 0.0, "detection_class": null}, {"x": 0.79844, "y": 0.25, "width": 0.1, "height": 0.31944, "frame": 344, "start": "0:00:11.478133", "end": "0:00:11.5115", "confidence": 0.0, "detection_class": null}, {"x": 0.79844, "y": 0.25, "width": 0.1, "height": 0.31944, "frame": 345, "start": "0:00:11.5115", "end": "0:00:11.544867", "confidence": 0.0, "detection_class": null}, {"x": 0.79844, "y": 0.25, "width": 0.1, "height": 0.32222, "frame": 346, "start": "0:00:11.544867", "end": "0:00:11.578233", "confidence": 0.733, "detection_class": "bottle"}, {"x": 0.79844, "y": 0.24722, "width": 0.1, "height": 0.31944, "frame": 347, "start": "0:00:11.578233", "end": "0:00:11.6116", "confidence": 0.0, "detection_class": null}, {"x": 0.79844, "y": 0.24722, "width": 0.1, "height": 0.31667, "frame": 348, "start": "0:00:11.6116", "end": "0:00:11.644967", "confidence": 0.0, "detection_class": null}, {"x": 0.79844, "y": 0.24722, "width": 0.1, "height": 0.31389, "frame": 349, "start": "0:00:11.644967", "end": "0:00:11.678333", "confidence": 0.0, "detection_class": null}, {"x": 0.79844, "y": 0.24722, "width": 0.1, "height": 0.31111, "frame": 350, "start": "0:00:11.678333", "end": "0:00:11.7117", "confidence": 0.0, "detection_class": null}, {"x": 0.8, "y": 0.24722, "width": 0.1, "height": 0.30833, "frame": 351, "start": "0:00:11.7117", "end": "0:00:11.745067", "confidence": 0.712, "detection_class": "bottle"}, {"x": 0.79844, "y": 0.24722, "width": 0.10156, "height": 0.31111, "frame": 352, "start": "0:00:11.745067", "end": "0:00:11.778433", "confidence": 0.0, "detection_class": null}, {"x": 0.79844, "y": 0.24722, "width": 0.10156, "height": 0.31389, "frame": 353, "start": "0:00:11.778433", "end": "0:00:11.8118", "confidence": 0.0, "detection_class": null}, {"x": 0.79844, "y": 0.24722, "width": 0.10156, "height": 0.31667, "frame": 354, "start": "0:00:11.8118", "end": "0:00:11.845167", "confidence": 0.0, "detection_class": null}, {"x": 0.79844, "y": 0.24722, "width": 0.10156, "height": 0.31944, "frame": 355, "start": "0:00:11.845167", "end": "0:00:11.878533", "confidence": 0.0, "detection_class": null}, {"x": 0.79844, "y": 0.24722, "width": 0.10156, "height": 0.32222, "frame": 356, "start": "0:00:11.878533", "end": "0:00:11.9119", "confidence": 0.596, "detection_class": "bottle"}, {"x": 0.79844, "y": 0.24722, "width": 0.1, "height": 0.32222, "frame": 357, "start": "0:00:11.9119", "end": "0:00:11.945267", "confidence": 0.0, "detection_class": null}, {"x": 0.79844, "y": 0.24722, "width": 0.1, "height": 0.32222, "frame": 358, "start": "0:00:11.945267", "end": "0:00:11.978633", "confidence": 0.0, "detection_class": null}, {"x": 0.79844, "y": 0.24722, "width": 0.1, "height": 0.32222, "frame": 359, "start": "0:00:11.978633", "end": "0:00:12.012", "confidence": 0.0, "detection_class": null}, {"x": 0.79844, "y": 0.24722, "width": 0.1, "height": 0.32222, "frame": 360, "start": "0:00:12.012", "end": "0:00:12.045367", "confidence": 0.0, "detection_class": null}, {"x": 0.8, "y": 0.24722, "width": 0.09844, "height": 0.325, "frame": 361, "start": "0:00:12.045367", "end": "0:00:12.078733", "confidence": 0.7, "detection_class": "bottle"}, {"x": 0.79844, "y": 0.24167, "width": 0.09844, "height": 0.325, "frame": 362, "start": "0:00:12.078733", "end": "0:00:12.1121", "confidence": 0.0, "detection_class": null}, {"x": 0.79844, "y": 0.23889, "width": 0.09844, "height": 0.32222, "frame": 363, "start": "0:00:12.1121", "end": "0:00:12.145467", "confidence": 0.0, "detection_class": null}, {"x": 0.79844, "y": 0.23611, "width": 0.09844, "height": 0.32222, "frame": 364, "start": "0:00:12.145467", "end": "0:00:12.178833", "confidence": 0.0, "detection_class": null}, {"x": 0.79844, "y": 0.23333, "width": 0.09844, "height": 0.31944, "frame": 365, "start": "0:00:12.178833", "end": "0:00:12.2122", "confidence": 0.0, "detection_class": null}, {"x": 0.79844, "y": 0.23056, "width": 0.09844, "height": 0.31944, "frame": 366, "start": "0:00:12.2122", "end": "0:00:12.245567", "confidence": 0.673, "detection_class": "bottle"}, {"x": 0.79844, "y": 0.24167, "width": 0.1, "height": 0.325, "frame": 367, "start": "0:00:12.245567", "end": "0:00:12.278933", "confidence": 0.677, "detection_class": "bottle"}]}, {"id": 2, "type": "Bottle", "wikiDataID": "Q80228", "instances": [{"x": 0.18906, "y": 0.78056, "width": 0.03438, "height": 0.18889, "frame": 434, "start": "0:00:14.481133", "end": "0:00:14.5145", "confidence": 0.698, "detection_class": "bottle", "isBest": true}, {"x": 0.18906, "y": 0.77778, "width": 0.03438, "height": 0.18889, "frame": 435, "start": "0:00:14.5145", "end": "0:00:14.547867", "confidence": 0.0, "detection_class": null}, {"x": 0.18906, "y": 0.775, "width": 0.03594, "height": 0.19167, "frame": 436, "start": "0:00:14.547867", "end": "0:00:14.581233", "confidence": 0.0, "detection_class": null}, {"x": 0.19062, "y": 0.77222, "width": 0.03438, "height": 0.19167, "frame": 437, "start": "0:00:14.581233", "end": "0:00:14.6146", "confidence": 0.0, "detection_class": null}, {"x": 0.19062, "y": 0.76944, "width": 0.03594, "height": 0.19444, "frame": 438, "start": "0:00:14.6146", "end": "0:00:14.647967", "confidence": 0.0, "detection_class": null}, {"x": 0.19219, "y": 0.76944, "width": 0.03594, "height": 0.19444, "frame": 439, "start": "0:00:14.647967", "end": "0:00:14.681333", "confidence": 0.729, "detection_class": "bottle"}, {"x": 0.19219, "y": 0.76667, "width": 0.03438, "height": 0.19444, "frame": 440, "start": "0:00:14.681333", "end": "0:00:14.7147", "confidence": 0.0, "detection_class": null}, {"x": 0.19219, "y": 0.76667, "width": 0.03438, "height": 0.19444, "frame": 441, "start": "0:00:14.7147", "end": "0:00:14.748067", "confidence": 0.0, "detection_class": null}, {"x": 0.19219, "y": 0.76667, "width": 0.03438, "height": 0.19444, "frame": 442, "start": "0:00:14.748067", "end": "0:00:14.781433", "confidence": 0.0, "detection_class": null}, {"x": 0.19219, "y": 0.76667, "width": 0.03438, "height": 0.19444, "frame": 443, "start": "0:00:14.781433", "end": "0:00:14.8148", "confidence": 0.0, "detection_class": null}, {"x": 0.19219, "y": 0.76667, "width": 0.03438, "height": 0.19444, "frame": 444, "start": "0:00:14.8148", "end": "0:00:14.848167", "confidence": 0.734, "detection_class": "bottle"}, {"x": 0.19062, "y": 0.76667, "width": 0.03438, "height": 0.19167, "frame": 445, "start": "0:00:14.848167", "end": "0:00:14.881533", "confidence": 0.0, "detection_class": null}, {"x": 0.19062, "y": 0.76667, "width": 0.03438, "height": 0.19167, "frame": 446, "start": "0:00:14.881533", "end": "0:00:14.9149", "confidence": 0.0, "detection_class": null}, {"x": 0.18906, "y": 0.76667, "width": 0.03438, "height": 0.19167, "frame": 447, "start": "0:00:14.9149", "end": "0:00:14.948267", "confidence": 0.0, "detection_class": null}, {"x": 0.18906, "y": 0.76667, "width": 0.03438, "height": 0.19167, "frame": 448, "start": "0:00:14.948267", "end": "0:00:14.981633", "confidence": 0.0, "detection_class": null}, {"x": 0.18906, "y": 0.76944, "width": 0.03438, "height": 0.18889, "frame": 449, "start": "0:00:14.981633", "end": "0:00:15.015", "confidence": 0.705, "detection_class": "bottle"}, {"x": 0.1875, "y": 0.76667, "width": 0.03594, "height": 0.18889, "frame": 450, "start": "0:00:15.015", "end": "0:00:15.048367", "confidence": 0.0, "detection_class": null}, {"x": 0.1875, "y": 0.76667, "width": 0.03594, "height": 0.18611, "frame": 451, "start": "0:00:15.048367", "end": "0:00:15.081733", "confidence": 0.0, "detection_class": null}, {"x": 0.1875, "y": 0.76667, "width": 0.03594, "height": 0.18611, "frame": 452, "start": "0:00:15.081733", "end": "0:00:15.1151", "confidence": 0.0, "detection_class": null}, {"x": 0.1875, "y": 0.76667, "width": 0.03594, "height": 0.18333, "frame": 453, "start": "0:00:15.1151", "end": "0:00:15.148467", "confidence": 0.0, "detection_class": null}, {"x": 0.1875, "y": 0.76667, "width": 0.03594, "height": 0.18333, "frame": 454, "start": "0:00:15.148467", "end": "0:00:15.181833", "confidence": 0.75, "detection_class": "bottle"}, {"x": 0.18594, "y": 0.76389, "width": 0.03594, "height": 0.18333, "frame": 455, "start": "0:00:15.181833", "end": "0:00:15.2152", "confidence": 0.0, "detection_class": null}, {"x": 0.18594, "y": 0.76111, "width": 0.03594, "height": 0.18611, "frame": 456, "start": "0:00:15.2152", "end": "0:00:15.248567", "confidence": 0.0, "detection_class": null}, {"x": 0.18438, "y": 0.76111, "width": 0.03594, "height": 0.18333, "frame": 457, "start": "0:00:15.248567", "end": "0:00:15.281933", "confidence": 0.0, "detection_class": null}, {"x": 0.18438, "y": 0.75833, "width": 0.03594, "height": 0.18611, "frame": 458, "start": "0:00:15.281933", "end": "0:00:15.3153", "confidence": 0.0, "detection_class": null}, {"x": 0.18438, "y": 0.75833, "width": 0.03594, "height": 0.18611, "frame": 459, "start": "0:00:15.3153", "end": "0:00:15.348667", "confidence": 0.747, "detection_class": "bottle"}, {"x": 0.18281, "y": 0.75833, "width": 0.03594, "height": 0.18333, "frame": 460, "start": "0:00:15.348667", "end": "0:00:15.382033", "confidence": 0.0, "detection_class": null}, {"x": 0.18281, "y": 0.75833, "width": 0.03594, "height": 0.18333, "frame": 461, "start": "0:00:15.382033", "end": "0:00:15.4154", "confidence": 0.0, "detection_class": null}, {"x": 0.18125, "y": 0.75833, "width": 0.03594, "height": 0.18056, "frame": 462, "start": "0:00:15.4154", "end": "0:00:15.448767", "confidence": 0.0, "detection_class": null}, {"x": 0.18125, "y": 0.75833, "width": 0.03594, "height": 0.18056, "frame": 463, "start": "0:00:15.448767", "end": "0:00:15.482133", "confidence": 0.0, "detection_class": null}, {"x": 0.18125, "y": 0.75833, "width": 0.03594, "height": 0.18056, "frame": 464, "start": "0:00:15.482133", "end": "0:00:15.5155", "confidence": 0.782, "detection_class": "bottle"}, {"x": 0.17969, "y": 0.75833, "width": 0.03594, "height": 0.17778, "frame": 465, "start": "0:00:15.5155", "end": "0:00:15.548867", "confidence": 0.0, "detection_class": null}, {"x": 0.17969, "y": 0.75833, "width": 0.03594, "height": 0.17778, "frame": 466, "start": "0:00:15.548867", "end": "0:00:15.582233", "confidence": 0.0, "detection_class": null}, {"x": 0.17969, "y": 0.75833, "width": 0.03594, "height": 0.175, "frame": 467, "start": "0:00:15.582233", "end": "0:00:15.6156", "confidence": 0.0, "detection_class": null}, {"x": 0.17969, "y": 0.75833, "width": 0.03594, "height": 0.175, "frame": 468, "start": "0:00:15.6156", "end": "0:00:15.648967", "confidence": 0.0, "detection_class": null}, {"x": 0.17969, "y": 0.75833, "width": 0.03594, "height": 0.175, "frame": 469, "start": "0:00:15.648967", "end": "0:00:15.682333", "confidence": 0.744, "detection_class": "bottle"}]}, {"id": 3, "type": "Laptop", "wikiDataID": "Q3962", "instances": [{"x": 0.00156, "y": 0.21111, "width": 0.52812, "height": 0.77778, "frame": 749, "start": "0:00:24.991633", "end": "0:00:25.025", "confidence": 0.651, "detection_class": "laptop", "isBest": true}, {"x": 0.0, "y": 0.21111, "width": 0.52812, "height": 0.77778, "frame": 750, "start": "0:00:25.025", "end": "0:00:25.058367", "confidence": 0.0, "detection_class": null}, {"x": 0.0, "y": 0.21111, "width": 0.52812, "height": 0.77778, "frame": 751, "start": "0:00:25.058367", "end": "0:00:25.091733", "confidence": 0.0, "detection_class": null}, {"x": 0.0, "y": 0.21111, "width": 0.52812, "height": 0.77778, "frame": 752, "start": "0:00:25.091733", "end": "0:00:25.1251", "confidence": 0.0, "detection_class": null}, {"x": 0.0, "y": 0.21111, "width": 0.52812, "height": 0.77778, "frame": 753, "start": "0:00:25.1251", "end": "0:00:25.158467", "confidence": 0.0, "detection_class": null}, {"x": 0.0, "y": 0.21389, "width": 0.52812, "height": 0.775, "frame": 754, "start": "0:00:25.158467", "end": "0:00:25.191833", "confidence": 0.607, "detection_class": "laptop"}, {"x": 0.0, "y": 0.21389, "width": 0.52812, "height": 0.775, "frame": 755, "start": "0:00:25.191833", "end": "0:00:25.2252", "confidence": 0.0, "detection_class": null}, {"x": 0.0, "y": 0.21667, "width": 0.52969, "height": 0.77222, "frame": 756, "start": "0:00:25.2252", "end": "0:00:25.258567", "confidence": 0.0, "detection_class": null}, {"x": 0.0, "y": 0.21667, "width": 0.53125, "height": 0.77222, "frame": 757, "start": "0:00:25.258567", "end": "0:00:25.291933", "confidence": 0.0, "detection_class": null}, {"x": 0.0, "y": 0.21944, "width": 0.53281, "height": 0.76944, "frame": 758, "start": "0:00:25.291933", "end": "0:00:25.3253", "confidence": 0.0, "detection_class": null}, {"x": 0.0, "y": 0.22222, "width": 0.53438, "height": 0.76667, "frame": 759, "start": "0:00:25.3253", "end": "0:00:25.358667", "confidence": 0.747, "detection_class": "laptop"}, {"x": 0.0, "y": 0.22222, "width": 0.53281, "height": 0.76667, "frame": 760, "start": "0:00:25.358667", "end": "0:00:25.392033", "confidence": 0.0, "detection_class": null}, {"x": 0.0, "y": 0.22222, "width": 0.53125, "height": 0.76667, "frame": 761, "start": "0:00:25.392033", "end": "0:00:25.4254", "confidence": 0.0, "detection_class": null}, {"x": 0.0, "y": 0.22222, "width": 0.52969, "height": 0.76667, "frame": 762, "start": "0:00:25.4254", "end": "0:00:25.458767", "confidence": 0.652, "detection_class": "laptop"}]}, {"id": 4, "type": "Motorcycle", "wikiDataID": "Q34493", "instances": [{"x": 0.0, "y": 0.65833, "width": 0.74844, "height": 0.34167, "frame": 2749, "start": "0:01:31.724967", "end": "0:01:31.758333", "confidence": 0.596, "detection_class": "motorcycle", "isBest": true}, {"x": 0.00156, "y": 0.66111, "width": 0.75625, "height": 0.33889, "frame": 2750, "start": "0:01:31.758333", "end": "0:01:31.7917", "confidence": 0.0, "detection_class": null}, {"x": 0.00313, "y": 0.66667, "width": 0.76562, "height": 0.33333, "frame": 2751, "start": "0:01:31.7917", "end": "0:01:31.825067", "confidence": 0.0, "detection_class": null}, {"x": 0.00625, "y": 0.66944, "width": 0.77187, "height": 0.33056, "frame": 2752, "start": "0:01:31.825067", "end": "0:01:31.858433", "confidence": 0.0, "detection_class": null}, {"x": 0.00781, "y": 0.675, "width": 0.78125, "height": 0.325, "frame": 2753, "start": "0:01:31.858433", "end": "0:01:31.8918", "confidence": 0.0, "detection_class": null}, {"x": 0.01094, "y": 0.68056, "width": 0.78906, "height": 0.31944, "frame": 2754, "start": "0:01:31.8918", "end": "0:01:31.925167", "confidence": 0.668, "detection_class": "motorcycle"}, {"x": 0.01406, "y": 0.67222, "width": 0.79688, "height": 0.32778, "frame": 2755, "start": "0:01:31.925167", "end": "0:01:31.958533", "confidence": 0.0, "detection_class": null}, {"x": 0.01875, "y": 0.66389, "width": 0.80312, "height": 0.33611, "frame": 2756, "start": "0:01:31.958533", "end": "0:01:31.9919", "confidence": 0.0, "detection_class": null}, {"x": 0.02344, "y": 0.65833, "width": 0.80937, "height": 0.34167, "frame": 2757, "start": "0:01:31.9919", "end": "0:01:32.025267", "confidence": 0.0, "detection_class": null}, {"x": 0.02813, "y": 0.65, "width": 0.81563, "height": 0.35, "frame": 2758, "start": "0:01:32.025267", "end": "0:01:32.058633", "confidence": 0.0, "detection_class": null}, {"x": 0.03281, "y": 0.64444, "width": 0.82344, "height": 0.35556, "frame": 2759, "start": "0:01:32.058633", "end": "0:01:32.092", "confidence": 0.427, "detection_class": "motorcycle"}, {"x": 0.03281, "y": 0.65, "width": 0.8375, "height": 0.34722, "frame": 2760, "start": "0:01:32.092", "end": "0:01:32.125367", "confidence": 0.0, "detection_class": null}, {"x": 0.03438, "y": 0.65833, "width": 0.85156, "height": 0.33889, "frame": 2761, "start": "0:01:32.125367", "end": "0:01:32.158733", "confidence": 0.0, "detection_class": null}, {"x": 0.03594, "y": 0.66389, "width": 0.86406, "height": 0.33333, "frame": 2762, "start": "0:01:32.158733", "end": "0:01:32.1921", "confidence": 0.0, "detection_class": null}, {"x": 0.0375, "y": 0.67222, "width": 0.87813, "height": 0.325, "frame": 2763, "start": "0:01:32.1921", "end": "0:01:32.225467", "confidence": 0.0, "detection_class": null}, {"x": 0.03906, "y": 0.68056, "width": 0.89219, "height": 0.31667, "frame": 2764, "start": "0:01:32.225467", "end": "0:01:32.258833", "confidence": 0.315, "detection_class": "motorcycle"}]}, {"id": 5, "type": "Bottle", "wikiDataID": "Q80228", "instances": [{"x": 0.25, "y": 0.825, "width": 0.0625, "height": 0.175, "frame": 3019, "start": "0:01:40.733967", "end": "0:01:40.767333", "confidence": 0.734, "detection_class": "bottle"}, {"x": 0.25, "y": 0.81944, "width": 0.0625, "height": 0.18056, "frame": 3020, "start": "0:01:40.767333", "end": "0:01:40.8007", "confidence": 0.0, "detection_class": null}, {"x": 0.25, "y": 0.81389, "width": 0.06406, "height": 0.18611, "frame": 3021, "start": "0:01:40.8007", "end": "0:01:40.834067", "confidence": 0.0, "detection_class": null}, {"x": 0.25156, "y": 0.80833, "width": 0.06406, "height": 0.19167, "frame": 3022, "start": "0:01:40.834067", "end": "0:01:40.867433", "confidence": 0.0, "detection_class": null}, {"x": 0.25156, "y": 0.80278, "width": 0.06563, "height": 0.19722, "frame": 3023, "start": "0:01:40.867433", "end": "0:01:40.9008", "confidence": 0.0, "detection_class": null}, {"x": 0.25312, "y": 0.79722, "width": 0.06563, "height": 0.20278, "frame": 3024, "start": "0:01:40.9008", "end": "0:01:40.934167", "confidence": 0.842, "detection_class": "bottle", "isBest": true}, {"x": 0.25156, "y": 0.79444, "width": 0.06563, "height": 0.20556, "frame": 3025, "start": "0:01:40.934167", "end": "0:01:40.967533", "confidence": 0.0, "detection_class": null}, {"x": 0.25156, "y": 0.79167, "width": 0.06563, "height": 0.20833, "frame": 3026, "start": "0:01:40.967533", "end": "0:01:41.0009", "confidence": 0.0, "detection_class": null}, {"x": 0.25, "y": 0.78889, "width": 0.06563, "height": 0.21111, "frame": 3027, "start": "0:01:41.0009", "end": "0:01:41.034267", "confidence": 0.0, "detection_class": null}, {"x": 0.25, "y": 0.78611, "width": 0.06563, "height": 0.21389, "frame": 3028, "start": "0:01:41.034267", "end": "0:01:41.067633", "confidence": 0.0, "detection_class": null}, {"x": 0.25, "y": 0.78333, "width": 0.06563, "height": 0.21667, "frame": 3029, "start": "0:01:41.067633", "end": "0:01:41.101", "confidence": 0.849, "detection_class": "bottle"}, {"x": 0.25, "y": 0.78056, "width": 0.06406, "height": 0.21944, "frame": 3030, "start": "0:01:41.101", "end": "0:01:41.134367", "confidence": 0.0, "detection_class": null}, {"x": 0.25, "y": 0.77778, "width": 0.06406, "height": 0.22222, "frame": 3031, "start": "0:01:41.134367", "end": "0:01:41.167733", "confidence": 0.0, "detection_class": null}, {"x": 0.25, "y": 0.775, "width": 0.06406, "height": 0.225, "frame": 3032, "start": "0:01:41.167733", "end": "0:01:41.2011", "confidence": 0.0, "detection_class": null}, {"x": 0.25, "y": 0.77222, "width": 0.06406, "height": 0.22778, "frame": 3033, "start": "0:01:41.2011", "end": "0:01:41.234467", "confidence": 0.0, "detection_class": null}, {"x": 0.25156, "y": 0.77222, "width": 0.0625, "height": 0.22778, "frame": 3034, "start": "0:01:41.234467", "end": "0:01:41.267833", "confidence": 0.825, "detection_class": "bottle"}, {"x": 0.25156, "y": 0.76667, "width": 0.0625, "height": 0.23056, "frame": 3035, "start": "0:01:41.267833", "end": "0:01:41.3012", "confidence": 0.0, "detection_class": null}, {"x": 0.25156, "y": 0.76111, "width": 0.0625, "height": 0.23611, "frame": 3036, "start": "0:01:41.3012", "end": "0:01:41.334567", "confidence": 0.0, "detection_class": null}, {"x": 0.25312, "y": 0.75556, "width": 0.0625, "height": 0.24167, "frame": 3037, "start": "0:01:41.334567", "end": "0:01:41.367933", "confidence": 0.0, "detection_class": null}, {"x": 0.25312, "y": 0.75, "width": 0.0625, "height": 0.24722, "frame": 3038, "start": "0:01:41.367933", "end": "0:01:41.4013", "confidence": 0.0, "detection_class": null}, {"x": 0.25469, "y": 0.74722, "width": 0.0625, "height": 0.25, "frame": 3039, "start": "0:01:41.4013", "end": "0:01:41.434667", "confidence": 0.846, "detection_class": "bottle"}, {"x": 0.25469, "y": 0.74444, "width": 0.0625, "height": 0.25278, "frame": 3040, "start": "0:01:41.434667", "end": "0:01:41.468033", "confidence": 0.0, "detection_class": null}, {"x": 0.25469, "y": 0.74444, "width": 0.0625, "height": 0.25278, "frame": 3041, "start": "0:01:41.468033", "end": "0:01:41.5014", "confidence": 0.0, "detection_class": null}, {"x": 0.25469, "y": 0.74167, "width": 0.0625, "height": 0.25556, "frame": 3042, "start": "0:01:41.5014", "end": "0:01:41.534767", "confidence": 0.0, "detection_class": null}, {"x": 0.25469, "y": 0.74167, "width": 0.0625, "height": 0.25556, "frame": 3043, "start": "0:01:41.534767", "end": "0:01:41.568133", "confidence": 0.0, "detection_class": null}, {"x": 0.25469, "y": 0.74167, "width": 0.06406, "height": 0.25833, "frame": 3044, "start": "0:01:41.568133", "end": "0:01:41.6015", "confidence": 0.825, "detection_class": "bottle"}, {"x": 0.25469, "y": 0.73889, "width": 0.06406, "height": 0.25833, "frame": 3045, "start": "0:01:41.6015", "end": "0:01:41.634867", "confidence": 0.0, "detection_class": null}, {"x": 0.25469, "y": 0.73889, "width": 0.06406, "height": 0.25833, "frame": 3046, "start": "0:01:41.634867", "end": "0:01:41.668233", "confidence": 0.0, "detection_class": null}, {"x": 0.25469, "y": 0.73889, "width": 0.06406, "height": 0.25833, "frame": 3047, "start": "0:01:41.668233", "end": "0:01:41.7016", "confidence": 0.0, "detection_class": null}, {"x": 0.25469, "y": 0.73889, "width": 0.06406, "height": 0.25833, "frame": 3048, "start": "0:01:41.7016", "end": "0:01:41.734967", "confidence": 0.0, "detection_class": null}, {"x": 0.25469, "y": 0.73889, "width": 0.06563, "height": 0.25833, "frame": 3049, "start": "0:01:41.734967", "end": "0:01:41.768333", "confidence": 0.818, "detection_class": "bottle"}, {"x": 0.25312, "y": 0.73889, "width": 0.06719, "height": 0.25833, "frame": 3050, "start": "0:01:41.768333", "end": "0:01:41.8017", "confidence": 0.0, "detection_class": null}, {"x": 0.25312, "y": 0.73889, "width": 0.06719, "height": 0.25833, "frame": 3051, "start": "0:01:41.8017", "end": "0:01:41.835067", "confidence": 0.0, "detection_class": null}, {"x": 0.25156, "y": 0.73889, "width": 0.07031, "height": 0.25833, "frame": 3052, "start": "0:01:41.835067", "end": "0:01:41.868433", "confidence": 0.0, "detection_class": null}, {"x": 0.25156, "y": 0.73889, "width": 0.07031, "height": 0.25833, "frame": 3053, "start": "0:01:41.868433", "end": "0:01:41.9018", "confidence": 0.0, "detection_class": null}, {"x": 0.25156, "y": 0.73889, "width": 0.07187, "height": 0.26111, "frame": 3054, "start": "0:01:41.9018", "end": "0:01:41.935167", "confidence": 0.737, "detection_class": "bottle"}, {"x": 0.25, "y": 0.73889, "width": 0.07187, "height": 0.26111, "frame": 3055, "start": "0:01:41.935167", "end": "0:01:41.968533", "confidence": 0.0, "detection_class": null}, {"x": 0.25, "y": 0.73889, "width": 0.07187, "height": 0.26111, "frame": 3056, "start": "0:01:41.968533", "end": "0:01:42.0019", "confidence": 0.0, "detection_class": null}, {"x": 0.24844, "y": 0.73889, "width": 0.07344, "height": 0.26111, "frame": 3057, "start": "0:01:42.0019", "end": "0:01:42.035267", "confidence": 0.0, "detection_class": null}, {"x": 0.24844, "y": 0.73889, "width": 0.07344, "height": 0.26111, "frame": 3058, "start": "0:01:42.035267", "end": "0:01:42.068633", "confidence": 0.0, "detection_class": null}, {"x": 0.24844, "y": 0.73889, "width": 0.07344, "height": 0.26111, "frame": 3059, "start": "0:01:42.068633", "end": "0:01:42.102", "confidence": 0.662, "detection_class": "bottle"}]}, {"id": 6, "type": "Book", "wikiDataID": "Q571", "instances": [{"x": 0.10938, "y": 0.44167, "width": 0.48438, "height": 0.33056, "frame": 3063, "start": "0:01:42.2021", "end": "0:01:42.235467", "confidence": 0.555, "detection_class": "book"}, {"x": 0.10781, "y": 0.44167, "width": 0.48281, "height": 0.33056, "frame": 3064, "start": "0:01:42.235467", "end": "0:01:42.268833", "confidence": 0.0, "detection_class": null}, {"x": 0.10781, "y": 0.44167, "width": 0.48125, "height": 0.33056, "frame": 3065, "start": "0:01:42.268833", "end": "0:01:42.3022", "confidence": 0.0, "detection_class": null}, {"x": 0.10625, "y": 0.44444, "width": 0.47969, "height": 0.32778, "frame": 3066, "start": "0:01:42.3022", "end": "0:01:42.335567", "confidence": 0.0, "detection_class": null}, {"x": 0.10625, "y": 0.44444, "width": 0.47813, "height": 0.32778, "frame": 3067, "start": "0:01:42.335567", "end": "0:01:42.368933", "confidence": 0.0, "detection_class": null}, {"x": 0.10625, "y": 0.44722, "width": 0.47656, "height": 0.32778, "frame": 3068, "start": "0:01:42.368933", "end": "0:01:42.4023", "confidence": 0.651, "detection_class": "book", "isBest": true}, {"x": 0.10625, "y": 0.44444, "width": 0.47656, "height": 0.32778, "frame": 3069, "start": "0:01:42.4023", "end": "0:01:42.435667", "confidence": 0.0, "detection_class": null}, {"x": 0.10625, "y": 0.44444, "width": 0.47656, "height": 0.32778, "frame": 3070, "start": "0:01:42.435667", "end": "0:01:42.469033", "confidence": 0.0, "detection_class": null}, {"x": 0.10625, "y": 0.44444, "width": 0.47656, "height": 0.32778, "frame": 3071, "start": "0:01:42.469033", "end": "0:01:42.5024", "confidence": 0.0, "detection_class": null}, {"x": 0.10625, "y": 0.44444, "width": 0.47656, "height": 0.32778, "frame": 3072, "start": "0:01:42.5024", "end": "0:01:42.535767", "confidence": 0.0, "detection_class": null}, {"x": 0.10781, "y": 0.44444, "width": 0.47656, "height": 0.32778, "frame": 3073, "start": "0:01:42.535767", "end": "0:01:42.569133", "confidence": 0.613, "detection_class": "book"}, {"x": 0.10781, "y": 0.44444, "width": 0.47656, "height": 0.32778, "frame": 3074, "start": "0:01:42.569133", "end": "0:01:42.6025", "confidence": 0.0, "detection_class": null}, {"x": 0.10938, "y": 0.44444, "width": 0.475, "height": 0.33056, "frame": 3075, "start": "0:01:42.6025", "end": "0:01:42.635867", "confidence": 0.0, "detection_class": null}, {"x": 0.10938, "y": 0.44722, "width": 0.475, "height": 0.32778, "frame": 3076, "start": "0:01:42.635867", "end": "0:01:42.669233", "confidence": 0.0, "detection_class": null}, {"x": 0.11094, "y": 0.44722, "width": 0.47344, "height": 0.33056, "frame": 3077, "start": "0:01:42.669233", "end": "0:01:42.7026", "confidence": 0.0, "detection_class": null}, {"x": 0.1125, "y": 0.45, "width": 0.47344, "height": 0.33056, "frame": 3078, "start": "0:01:42.7026", "end": "0:01:42.735967", "confidence": 0.628, "detection_class": "book"}, {"x": 0.11094, "y": 0.45, "width": 0.475, "height": 0.33333, "frame": 3079, "start": "0:01:42.735967", "end": "0:01:42.769333", "confidence": 0.0, "detection_class": null}, {"x": 0.11094, "y": 0.45, "width": 0.47656, "height": 0.33611, "frame": 3080, "start": "0:01:42.769333", "end": "0:01:42.8027", "confidence": 0.0, "detection_class": null}, {"x": 0.11094, "y": 0.45278, "width": 0.47813, "height": 0.33611, "frame": 3081, "start": "0:01:42.8027", "end": "0:01:42.836067", "confidence": 0.0, "detection_class": null}, {"x": 0.11094, "y": 0.45278, "width": 0.47969, "height": 0.33889, "frame": 3082, "start": "0:01:42.836067", "end": "0:01:42.869433", "confidence": 0.0, "detection_class": null}, {"x": 0.11094, "y": 0.45556, "width": 0.48125, "height": 0.33889, "frame": 3083, "start": "0:01:42.869433", "end": "0:01:42.9028", "confidence": 0.524, "detection_class": "book"}, {"x": 0.10938, "y": 0.45833, "width": 0.4875, "height": 0.33889, "frame": 3084, "start": "0:01:42.9028", "end": "0:01:42.936167", "confidence": 0.0, "detection_class": null}, {"x": 0.10781, "y": 0.46111, "width": 0.49375, "height": 0.33889, "frame": 3085, "start": "0:01:42.936167", "end": "0:01:42.969533", "confidence": 0.0, "detection_class": null}, {"x": 0.10781, "y": 0.46389, "width": 0.49844, "height": 0.33889, "frame": 3086, "start": "0:01:42.969533", "end": "0:01:43.0029", "confidence": 0.0, "detection_class": null}, {"x": 0.10625, "y": 0.46667, "width": 0.50469, "height": 0.33889, "frame": 3087, "start": "0:01:43.0029", "end": "0:01:43.036267", "confidence": 0.0, "detection_class": null}, {"x": 0.10625, "y": 0.46944, "width": 0.51094, "height": 0.34167, "frame": 3088, "start": "0:01:43.036267", "end": "0:01:43.069633", "confidence": 0.654, "detection_class": "book"}, {"x": 0.10625, "y": 0.46944, "width": 0.50625, "height": 0.34167, "frame": 3089, "start": "0:01:43.069633", "end": "0:01:43.103", "confidence": 0.0, "detection_class": null}, {"x": 0.10781, "y": 0.47222, "width": 0.50156, "height": 0.33889, "frame": 3090, "start": "0:01:43.103", "end": "0:01:43.136367", "confidence": 0.0, "detection_class": null}, {"x": 0.10781, "y": 0.47222, "width": 0.49688, "height": 0.33889, "frame": 3091, "start": "0:01:43.136367", "end": "0:01:43.169733", "confidence": 0.0, "detection_class": null}, {"x": 0.10938, "y": 0.475, "width": 0.49219, "height": 0.33611, "frame": 3092, "start": "0:01:43.169733", "end": "0:01:43.2031", "confidence": 0.0, "detection_class": null}, {"x": 0.11094, "y": 0.47778, "width": 0.4875, "height": 0.33611, "frame": 3093, "start": "0:01:43.2031", "end": "0:01:43.236467", "confidence": 0.696, "detection_class": "book"}, {"x": 0.11094, "y": 0.47778, "width": 0.48906, "height": 0.33611, "frame": 3094, "start": "0:01:43.236467", "end": "0:01:43.269833", "confidence": 0.0, "detection_class": null}, {"x": 0.11094, "y": 0.48056, "width": 0.49062, "height": 0.33611, "frame": 3095, "start": "0:01:43.269833", "end": "0:01:43.3032", "confidence": 0.0, "detection_class": null}, {"x": 0.11094, "y": 0.48056, "width": 0.49219, "height": 0.33889, "frame": 3096, "start": "0:01:43.3032", "end": "0:01:43.336567", "confidence": 0.0, "detection_class": null}, {"x": 0.11094, "y": 0.48333, "width": 0.49375, "height": 0.33889, "frame": 3097, "start": "0:01:43.336567", "end": "0:01:43.369933", "confidence": 0.0, "detection_class": null}, {"x": 0.11094, "y": 0.48611, "width": 0.49531, "height": 0.33889, "frame": 3098, "start": "0:01:43.369933", "end": "0:01:43.4033", "confidence": 0.648, "detection_class": "book"}]}, {"id": 7, "type": "Laptop", "wikiDataID": "Q3962", "instances": [{"x": 0.0, "y": 0.0, "width": 0.41875, "height": 0.48056, "frame": 3073, "start": "0:01:42.535767", "end": "0:01:42.569133", "confidence": 0.555, "detection_class": "laptop"}, {"x": 0.0, "y": 0.0, "width": 0.42031, "height": 0.48056, "frame": 3074, "start": "0:01:42.569133", "end": "0:01:42.6025", "confidence": 0.0, "detection_class": null}, {"x": 0.0, "y": 0.0, "width": 0.42344, "height": 0.48056, "frame": 3075, "start": "0:01:42.6025", "end": "0:01:42.635867", "confidence": 0.0, "detection_class": null}, {"x": 0.0, "y": 0.0, "width": 0.425, "height": 0.48333, "frame": 3076, "start": "0:01:42.635867", "end": "0:01:42.669233", "confidence": 0.0, "detection_class": null}, {"x": 0.0, "y": 0.0, "width": 0.42812, "height": 0.48333, "frame": 3077, "start": "0:01:42.669233", "end": "0:01:42.7026", "confidence": 0.0, "detection_class": null}, {"x": 0.0, "y": 0.0, "width": 0.43125, "height": 0.48611, "frame": 3078, "start": "0:01:42.7026", "end": "0:01:42.735967", "confidence": 0.806, "detection_class": "laptop", "isBest": true}, {"x": 0.0, "y": 0.0, "width": 0.43125, "height": 0.48611, "frame": 3079, "start": "0:01:42.735967", "end": "0:01:42.769333", "confidence": 0.0, "detection_class": null}, {"x": 0.0, "y": 0.0, "width": 0.43125, "height": 0.48889, "frame": 3080, "start": "0:01:42.769333", "end": "0:01:42.8027", "confidence": 0.0, "detection_class": null}, {"x": 0.0, "y": 0.0, "width": 0.43125, "height": 0.48889, "frame": 3081, "start": "0:01:42.8027", "end": "0:01:42.836067", "confidence": 0.0, "detection_class": null}, {"x": 0.0, "y": 0.0, "width": 0.43125, "height": 0.49167, "frame": 3082, "start": "0:01:42.836067", "end": "0:01:42.869433", "confidence": 0.0, "detection_class": null}, {"x": 0.00156, "y": 0.0, "width": 0.42969, "height": 0.49444, "frame": 3083, "start": "0:01:42.869433", "end": "0:01:42.9028", "confidence": 0.814, "detection_class": "laptop"}, {"x": 0.00156, "y": 0.0, "width": 0.41406, "height": 0.49722, "frame": 3084, "start": "0:01:42.9028", "end": "0:01:42.936167", "confidence": 0.0, "detection_class": null}, {"x": 0.00156, "y": 0.0, "width": 0.39844, "height": 0.5, "frame": 3085, "start": "0:01:42.936167", "end": "0:01:42.969533", "confidence": 0.0, "detection_class": null}, {"x": 0.00156, "y": 0.00278, "width": 0.38438, "height": 0.5, "frame": 3086, "start": "0:01:42.969533", "end": "0:01:43.0029", "confidence": 0.0, "detection_class": null}, {"x": 0.00156, "y": 0.00278, "width": 0.36875, "height": 0.50278, "frame": 3087, "start": "0:01:43.0029", "end": "0:01:43.036267", "confidence": 0.0, "detection_class": null}, {"x": 0.00156, "y": 0.00556, "width": 0.35469, "height": 0.50556, "frame": 3088, "start": "0:01:43.036267", "end": "0:01:43.069633", "confidence": 0.661, "detection_class": "laptop"}, {"x": 0.00156, "y": 0.00278, "width": 0.35313, "height": 0.50833, "frame": 3089, "start": "0:01:43.069633", "end": "0:01:43.103", "confidence": 0.0, "detection_class": null}, {"x": 0.00313, "y": 0.00278, "width": 0.35, "height": 0.50833, "frame": 3090, "start": "0:01:43.103", "end": "0:01:43.136367", "confidence": 0.0, "detection_class": null}, {"x": 0.00313, "y": 0.0, "width": 0.34844, "height": 0.51389, "frame": 3091, "start": "0:01:43.136367", "end": "0:01:43.169733", "confidence": 0.0, "detection_class": null}, {"x": 0.00469, "y": 0.0, "width": 0.34531, "height": 0.51389, "frame": 3092, "start": "0:01:43.169733", "end": "0:01:43.2031", "confidence": 0.0, "detection_class": null}, {"x": 0.00625, "y": 0.0, "width": 0.34375, "height": 0.51667, "frame": 3093, "start": "0:01:43.2031", "end": "0:01:43.236467", "confidence": 0.855, "detection_class": "laptop"}, {"x": 0.00469, "y": 0.0, "width": 0.34531, "height": 0.51944, "frame": 3094, "start": "0:01:43.236467", "end": "0:01:43.269833", "confidence": 0.0, "detection_class": null}, {"x": 0.00313, "y": 0.0, "width": 0.34687, "height": 0.52222, "frame": 3095, "start": "0:01:43.269833", "end": "0:01:43.3032", "confidence": 0.0, "detection_class": null}, {"x": 0.00313, "y": 0.0, "width": 0.34687, "height": 0.525, "frame": 3096, "start": "0:01:43.3032", "end": "0:01:43.336567", "confidence": 0.0, "detection_class": null}, {"x": 0.00156, "y": 0.0, "width": 0.34844, "height": 0.52778, "frame": 3097, "start": "0:01:43.336567", "end": "0:01:43.369933", "confidence": 0.0, "detection_class": null}, {"x": 0.00156, "y": 0.00278, "width": 0.35, "height": 0.52778, "frame": 3098, "start": "0:01:43.369933", "end": "0:01:43.4033", "confidence": 0.858, "detection_class": "laptop"}]}, {"id": 8, "type": "Car", "wikiDataID": "Q1420", "instances": [{"x": 0.90781, "y": 0.15278, "width": 0.08438, "height": 0.06944, "frame": 6536, "start": "0:03:38.084533", "end": "0:03:38.1179", "confidence": 0.447, "detection_class": "car", "isBest": true}, {"x": 0.90625, "y": 0.15, "width": 0.08594, "height": 0.06944, "frame": 6537, "start": "0:03:38.1179", "end": "0:03:38.151267", "confidence": 0.0, "detection_class": null}, {"x": 0.90469, "y": 0.15, "width": 0.0875, "height": 0.06944, "frame": 6538, "start": "0:03:38.151267", "end": "0:03:38.184633", "confidence": 0.0, "detection_class": null}, {"x": 0.90469, "y": 0.15, "width": 0.0875, "height": 0.06944, "frame": 6539, "start": "0:03:38.184633", "end": "0:03:38.218", "confidence": 0.0, "detection_class": null}, {"x": 0.90312, "y": 0.15, "width": 0.08906, "height": 0.06944, "frame": 6540, "start": "0:03:38.218", "end": "0:03:38.251367", "confidence": 0.0, "detection_class": null}, {"x": 0.90312, "y": 0.15, "width": 0.08906, "height": 0.06944, "frame": 6541, "start": "0:03:38.251367", "end": "0:03:38.284733", "confidence": 0.402, "detection_class": "car"}, {"x": 0.90156, "y": 0.15, "width": 0.08906, "height": 0.06667, "frame": 6542, "start": "0:03:38.284733", "end": "0:03:38.3181", "confidence": 0.0, "detection_class": null}, {"x": 0.9, "y": 0.15, "width": 0.09062, "height": 0.06667, "frame": 6543, "start": "0:03:38.3181", "end": "0:03:38.351467", "confidence": 0.0, "detection_class": null}, {"x": 0.9, "y": 0.15, "width": 0.09062, "height": 0.06667, "frame": 6544, "start": "0:03:38.351467", "end": "0:03:38.384833", "confidence": 0.0, "detection_class": null}, {"x": 0.89844, "y": 0.15, "width": 0.09219, "height": 0.06667, "frame": 6545, "start": "0:03:38.384833", "end": "0:03:38.4182", "confidence": 0.0, "detection_class": null}, {"x": 0.89844, "y": 0.15, "width": 0.09219, "height": 0.06667, "frame": 6546, "start": "0:03:38.4182", "end": "0:03:38.451567", "confidence": 0.339, "detection_class": "car"}, {"x": 0.89687, "y": 0.15, "width": 0.09219, "height": 0.06667, "frame": 6547, "start": "0:03:38.451567", "end": "0:03:38.484933", "confidence": 0.0, "detection_class": null}, {"x": 0.89687, "y": 0.15, "width": 0.09062, "height": 0.06667, "frame": 6548, "start": "0:03:38.484933", "end": "0:03:38.5183", "confidence": 0.0, "detection_class": null}, {"x": 0.89531, "y": 0.15, "width": 0.09062, "height": 0.06667, "frame": 6549, "start": "0:03:38.5183", "end": "0:03:38.551667", "confidence": 0.0, "detection_class": null}, {"x": 0.89531, "y": 0.15, "width": 0.08906, "height": 0.06667, "frame": 6550, "start": "0:03:38.551667", "end": "0:03:38.585033", "confidence": 0.0, "detection_class": null}, {"x": 0.89531, "y": 0.15278, "width": 0.08906, "height": 0.06389, "frame": 6551, "start": "0:03:38.585033", "end": "0:03:38.6184", "confidence": 0.437, "detection_class": "car"}, {"x": 0.89375, "y": 0.15278, "width": 0.0875, "height": 0.06389, "frame": 6552, "start": "0:03:38.6184", "end": "0:03:38.651767", "confidence": 0.0, "detection_class": null}, {"x": 0.89219, "y": 0.15278, "width": 0.0875, "height": 0.06389, "frame": 6553, "start": "0:03:38.651767", "end": "0:03:38.685133", "confidence": 0.0, "detection_class": null}, {"x": 0.89219, "y": 0.15278, "width": 0.08594, "height": 0.06389, "frame": 6554, "start": "0:03:38.685133", "end": "0:03:38.7185", "confidence": 0.0, "detection_class": null}, {"x": 0.89062, "y": 0.15278, "width": 0.08594, "height": 0.06389, "frame": 6555, "start": "0:03:38.7185", "end": "0:03:38.751867", "confidence": 0.0, "detection_class": null}, {"x": 0.89062, "y": 0.15278, "width": 0.08438, "height": 0.06389, "frame": 6556, "start": "0:03:38.751867", "end": "0:03:38.785233", "confidence": 0.413, "detection_class": "car"}, {"x": 0.88906, "y": 0.15, "width": 0.08438, "height": 0.06667, "frame": 6557, "start": "0:03:38.785233", "end": "0:03:38.8186", "confidence": 0.0, "detection_class": null}, {"x": 0.8875, "y": 0.15, "width": 0.08438, "height": 0.06667, "frame": 6558, "start": "0:03:38.8186", "end": "0:03:38.851967", "confidence": 0.0, "detection_class": null}, {"x": 0.88594, "y": 0.15, "width": 0.08438, "height": 0.06944, "frame": 6559, "start": "0:03:38.851967", "end": "0:03:38.885333", "confidence": 0.0, "detection_class": null}, {"x": 0.88438, "y": 0.15, "width": 0.08438, "height": 0.06944, "frame": 6560, "start": "0:03:38.885333", "end": "0:03:38.9187", "confidence": 0.0, "detection_class": null}, {"x": 0.88281, "y": 0.15, "width": 0.08594, "height": 0.07222, "frame": 6561, "start": "0:03:38.9187", "end": "0:03:38.952067", "confidence": 0.454, "detection_class": "car"}, {"x": 0.88125, "y": 0.15, "width": 0.08594, "height": 0.06944, "frame": 6562, "start": "0:03:38.952067", "end": "0:03:38.985433", "confidence": 0.0, "detection_class": null}, {"x": 0.87969, "y": 0.15, "width": 0.08594, "height": 0.06944, "frame": 6563, "start": "0:03:38.985433", "end": "0:03:39.0188", "confidence": 0.0, "detection_class": null}, {"x": 0.87969, "y": 0.15, "width": 0.08438, "height": 0.06667, "frame": 6564, "start": "0:03:39.0188", "end": "0:03:39.052167", "confidence": 0.0, "detection_class": null}, {"x": 0.87813, "y": 0.15, "width": 0.08438, "height": 0.06667, "frame": 6565, "start": "0:03:39.052167", "end": "0:03:39.085533", "confidence": 0.0, "detection_class": null}, {"x": 0.87813, "y": 0.15278, "width": 0.08438, "height": 0.06389, "frame": 6566, "start": "0:03:39.085533", "end": "0:03:39.1189", "confidence": 0.363, "detection_class": "car"}, {"x": 0.87656, "y": 0.15278, "width": 0.08438, "height": 0.06389, "frame": 6567, "start": "0:03:39.1189", "end": "0:03:39.152267", "confidence": 0.0, "detection_class": null}, {"x": 0.875, "y": 0.15278, "width": 0.08438, "height": 0.06389, "frame": 6568, "start": "0:03:39.152267", "end": "0:03:39.185633", "confidence": 0.0, "detection_class": null}, {"x": 0.87344, "y": 0.15278, "width": 0.08438, "height": 0.06389, "frame": 6569, "start": "0:03:39.185633", "end": "0:03:39.219", "confidence": 0.0, "detection_class": null}, {"x": 0.87187, "y": 0.15278, "width": 0.08438, "height": 0.06389, "frame": 6570, "start": "0:03:39.219", "end": "0:03:39.252367", "confidence": 0.0, "detection_class": null}, {"x": 0.87031, "y": 0.15278, "width": 0.08438, "height": 0.06667, "frame": 6571, "start": "0:03:39.252367", "end": "0:03:39.285733", "confidence": 0.436, "detection_class": "car"}, {"x": 0.86875, "y": 0.15, "width": 0.08438, "height": 0.06667, "frame": 6572, "start": "0:03:39.285733", "end": "0:03:39.3191", "confidence": 0.0, "detection_class": null}, {"x": 0.86719, "y": 0.15, "width": 0.08438, "height": 0.06667, "frame": 6573, "start": "0:03:39.3191", "end": "0:03:39.352467", "confidence": 0.0, "detection_class": null}, {"x": 0.86719, "y": 0.15, "width": 0.08281, "height": 0.06667, "frame": 6574, "start": "0:03:39.352467", "end": "0:03:39.385833", "confidence": 0.0, "detection_class": null}, {"x": 0.86562, "y": 0.15, "width": 0.08281, "height": 0.06667, "frame": 6575, "start": "0:03:39.385833", "end": "0:03:39.4192", "confidence": 0.0, "detection_class": null}, {"x": 0.86562, "y": 0.15, "width": 0.08281, "height": 0.06667, "frame": 6576, "start": "0:03:39.4192", "end": "0:03:39.452567", "confidence": 0.38, "detection_class": "car"}, {"x": 0.86406, "y": 0.15, "width": 0.08281, "height": 0.06667, "frame": 6577, "start": "0:03:39.452567", "end": "0:03:39.485933", "confidence": 0.0, "detection_class": null}, {"x": 0.8625, "y": 0.15, "width": 0.08281, "height": 0.06667, "frame": 6578, "start": "0:03:39.485933", "end": "0:03:39.5193", "confidence": 0.0, "detection_class": null}, {"x": 0.8625, "y": 0.15, "width": 0.08281, "height": 0.06667, "frame": 6579, "start": "0:03:39.5193", "end": "0:03:39.552667", "confidence": 0.0, "detection_class": null}, {"x": 0.86094, "y": 0.15, "width": 0.08281, "height": 0.06667, "frame": 6580, "start": "0:03:39.552667", "end": "0:03:39.586033", "confidence": 0.0, "detection_class": null}, {"x": 0.86094, "y": 0.15, "width": 0.08281, "height": 0.06944, "frame": 6581, "start": "0:03:39.586033", "end": "0:03:39.6194", "confidence": 0.535, "detection_class": "car"}]}, {"id": 9, "type": "Car", "wikiDataID": "Q1420", "instances": [{"x": 0.46406, "y": 0.63056, "width": 0.24219, "height": 0.26111, "frame": 6976, "start": "0:03:52.765867", "end": "0:03:52.799233", "confidence": 0.825, "detection_class": "car", "isBest": true}, {"x": 0.46406, "y": 0.63056, "width": 0.24219, "height": 0.25833, "frame": 6977, "start": "0:03:52.799233", "end": "0:03:52.8326", "confidence": 0.0, "detection_class": null}, {"x": 0.46563, "y": 0.63056, "width": 0.24063, "height": 0.25556, "frame": 6978, "start": "0:03:52.8326", "end": "0:03:52.865967", "confidence": 0.0, "detection_class": null}, {"x": 0.46719, "y": 0.63056, "width": 0.23906, "height": 0.25556, "frame": 6979, "start": "0:03:52.865967", "end": "0:03:52.899333", "confidence": 0.0, "detection_class": null}, {"x": 0.46875, "y": 0.63056, "width": 0.2375, "height": 0.25278, "frame": 6980, "start": "0:03:52.899333", "end": "0:03:52.9327", "confidence": 0.0, "detection_class": null}, {"x": 0.47031, "y": 0.63056, "width": 0.23594, "height": 0.25278, "frame": 6981, "start": "0:03:52.9327", "end": "0:03:52.966067", "confidence": 0.856, "detection_class": "car"}, {"x": 0.47031, "y": 0.62778, "width": 0.23594, "height": 0.25278, "frame": 6982, "start": "0:03:52.966067", "end": "0:03:52.999433", "confidence": 0.0, "detection_class": null}, {"x": 0.47187, "y": 0.625, "width": 0.23438, "height": 0.25556, "frame": 6983, "start": "0:03:52.999433", "end": "0:03:53.0328", "confidence": 0.0, "detection_class": null}, {"x": 0.47187, "y": 0.625, "width": 0.23438, "height": 0.25278, "frame": 6984, "start": "0:03:53.0328", "end": "0:03:53.066167", "confidence": 0.0, "detection_class": null}, {"x": 0.47344, "y": 0.62222, "width": 0.23281, "height": 0.25556, "frame": 6985, "start": "0:03:53.066167", "end": "0:03:53.099533", "confidence": 0.0, "detection_class": null}, {"x": 0.475, "y": 0.62222, "width": 0.23281, "height": 0.25556, "frame": 6986, "start": "0:03:53.099533", "end": "0:03:53.1329", "confidence": 0.78, "detection_class": "car"}, {"x": 0.47656, "y": 0.61944, "width": 0.23125, "height": 0.25556, "frame": 6987, "start": "0:03:53.1329", "end": "0:03:53.166267", "confidence": 0.0, "detection_class": null}, {"x": 0.47813, "y": 0.61944, "width": 0.22969, "height": 0.25278, "frame": 6988, "start": "0:03:53.166267", "end": "0:03:53.199633", "confidence": 0.0, "detection_class": null}, {"x": 0.48125, "y": 0.61944, "width": 0.22812, "height": 0.25, "frame": 6989, "start": "0:03:53.199633", "end": "0:03:53.233", "confidence": 0.0, "detection_class": null}, {"x": 0.48281, "y": 0.61944, "width": 0.22656, "height": 0.24722, "frame": 6990, "start": "0:03:53.233", "end": "0:03:53.266367", "confidence": 0.0, "detection_class": null}, {"x": 0.48594, "y": 0.61944, "width": 0.225, "height": 0.24722, "frame": 6991, "start": "0:03:53.266367", "end": "0:03:53.299733", "confidence": 0.626, "detection_class": "car"}, {"x": 0.48594, "y": 0.61667, "width": 0.225, "height": 0.24722, "frame": 6992, "start": "0:03:53.299733", "end": "0:03:53.3331", "confidence": 0.0, "detection_class": null}, {"x": 0.4875, "y": 0.61667, "width": 0.22344, "height": 0.24722, "frame": 6993, "start": "0:03:53.3331", "end": "0:03:53.366467", "confidence": 0.0, "detection_class": null}, {"x": 0.48906, "y": 0.61667, "width": 0.22187, "height": 0.24444, "frame": 6994, "start": "0:03:53.366467", "end": "0:03:53.399833", "confidence": 0.0, "detection_class": null}, {"x": 0.49062, "y": 0.61667, "width": 0.22031, "height": 0.24444, "frame": 6995, "start": "0:03:53.399833", "end": "0:03:53.4332", "confidence": 0.0, "detection_class": null}, {"x": 0.49219, "y": 0.61667, "width": 0.21875, "height": 0.24444, "frame": 6996, "start": "0:03:53.4332", "end": "0:03:53.466567", "confidence": 0.526, "detection_class": "car"}, {"x": 0.49375, "y": 0.61667, "width": 0.21719, "height": 0.24167, "frame": 6997, "start": "0:03:53.466567", "end": "0:03:53.499933", "confidence": 0.0, "detection_class": null}, {"x": 0.49531, "y": 0.61667, "width": 0.21719, "height": 0.23889, "frame": 6998, "start": "0:03:53.499933", "end": "0:03:53.5333", "confidence": 0.0, "detection_class": null}, {"x": 0.49688, "y": 0.61667, "width": 0.21719, "height": 0.23889, "frame": 6999, "start": "0:03:53.5333", "end": "0:03:53.566667", "confidence": 0.0, "detection_class": null}, {"x": 0.49844, "y": 0.61667, "width": 0.21719, "height": 0.23611, "frame": 7000, "start": "0:03:53.566667", "end": "0:03:53.600033", "confidence": 0.0, "detection_class": null}, {"x": 0.5, "y": 0.61667, "width": 0.21719, "height": 0.23611, "frame": 7001, "start": "0:03:53.600033", "end": "0:03:53.6334", "confidence": 0.378, "detection_class": "car"}, {"x": 0.50156, "y": 0.61389, "width": 0.21406, "height": 0.23611, "frame": 7002, "start": "0:03:53.6334", "end": "0:03:53.666767", "confidence": 0.0, "detection_class": null}, {"x": 0.50313, "y": 0.61111, "width": 0.21094, "height": 0.23889, "frame": 7003, "start": "0:03:53.666767", "end": "0:03:53.700133", "confidence": 0.0, "detection_class": null}, {"x": 0.50469, "y": 0.60833, "width": 0.20938, "height": 0.23889, "frame": 7004, "start": "0:03:53.700133", "end": "0:03:53.7335", "confidence": 0.0, "detection_class": null}, {"x": 0.50625, "y": 0.60556, "width": 0.20625, "height": 0.24167, "frame": 7005, "start": "0:03:53.7335", "end": "0:03:53.766867", "confidence": 0.0, "detection_class": null}, {"x": 0.50938, "y": 0.60556, "width": 0.20312, "height": 0.24167, "frame": 7006, "start": "0:03:53.766867", "end": "0:03:53.800233", "confidence": 0.662, "detection_class": "car"}, {"x": 0.51094, "y": 0.60278, "width": 0.20156, "height": 0.24167, "frame": 7007, "start": "0:03:53.800233", "end": "0:03:53.8336", "confidence": 0.0, "detection_class": null}, {"x": 0.5125, "y": 0.60278, "width": 0.20156, "height": 0.23889, "frame": 7008, "start": "0:03:53.8336", "end": "0:03:53.866967", "confidence": 0.0, "detection_class": null}, {"x": 0.51562, "y": 0.60278, "width": 0.2, "height": 0.23611, "frame": 7009, "start": "0:03:53.866967", "end": "0:03:53.900333", "confidence": 0.0, "detection_class": null}, {"x": 0.51719, "y": 0.60278, "width": 0.2, "height": 0.23333, "frame": 7010, "start": "0:03:53.900333", "end": "0:03:53.9337", "confidence": 0.0, "detection_class": null}, {"x": 0.52031, "y": 0.60278, "width": 0.19844, "height": 0.23333, "frame": 7011, "start": "0:03:53.9337", "end": "0:03:53.967067", "confidence": 0.647, "detection_class": "car"}, {"x": 0.52187, "y": 0.60278, "width": 0.19687, "height": 0.23056, "frame": 7012, "start": "0:03:53.967067", "end": "0:03:54.000433", "confidence": 0.0, "detection_class": null}, {"x": 0.52344, "y": 0.60278, "width": 0.19687, "height": 0.22778, "frame": 7013, "start": "0:03:54.000433", "end": "0:03:54.0338", "confidence": 0.0, "detection_class": null}, {"x": 0.525, "y": 0.60278, "width": 0.19531, "height": 0.22778, "frame": 7014, "start": "0:03:54.0338", "end": "0:03:54.067167", "confidence": 0.0, "detection_class": null}, {"x": 0.52656, "y": 0.60278, "width": 0.19531, "height": 0.225, "frame": 7015, "start": "0:03:54.067167", "end": "0:03:54.100533", "confidence": 0.0, "detection_class": null}, {"x": 0.52969, "y": 0.60278, "width": 0.19375, "height": 0.225, "frame": 7016, "start": "0:03:54.100533", "end": "0:03:54.1339", "confidence": 0.795, "detection_class": "car"}, {"x": 0.53125, "y": 0.6, "width": 0.19219, "height": 0.225, "frame": 7017, "start": "0:03:54.1339", "end": "0:03:54.167267", "confidence": 0.0, "detection_class": null}, {"x": 0.53281, "y": 0.6, "width": 0.19219, "height": 0.22222, "frame": 7018, "start": "0:03:54.167267", "end": "0:03:54.200633", "confidence": 0.0, "detection_class": null}, {"x": 0.53594, "y": 0.6, "width": 0.19062, "height": 0.21944, "frame": 7019, "start": "0:03:54.200633", "end": "0:03:54.234", "confidence": 0.0, "detection_class": null}, {"x": 0.5375, "y": 0.6, "width": 0.19062, "height": 0.21667, "frame": 7020, "start": "0:03:54.234", "end": "0:03:54.267367", "confidence": 0.0, "detection_class": null}, {"x": 0.54063, "y": 0.6, "width": 0.18906, "height": 0.21667, "frame": 7021, "start": "0:03:54.267367", "end": "0:03:54.300733", "confidence": 0.601, "detection_class": "car"}, {"x": 0.58125, "y": 0.58333, "width": 0.17031, "height": 0.21667, "frame": 7036, "start": "0:03:54.767867", "end": "0:03:54.801233", "confidence": 0.509, "detection_class": "car"}, {"x": 0.58437, "y": 0.58056, "width": 0.16875, "height": 0.21667, "frame": 7037, "start": "0:03:54.801233", "end": "0:03:54.8346", "confidence": 0.0, "detection_class": null}, {"x": 0.5875, "y": 0.57778, "width": 0.16719, "height": 0.21667, "frame": 7038, "start": "0:03:54.8346", "end": "0:03:54.867967", "confidence": 0.0, "detection_class": null}, {"x": 0.59062, "y": 0.57778, "width": 0.16562, "height": 0.21667, "frame": 7039, "start": "0:03:54.867967", "end": "0:03:54.901333", "confidence": 0.0, "detection_class": null}, {"x": 0.59375, "y": 0.575, "width": 0.16406, "height": 0.21667, "frame": 7040, "start": "0:03:54.901333", "end": "0:03:54.9347", "confidence": 0.0, "detection_class": null}, {"x": 0.59688, "y": 0.575, "width": 0.16406, "height": 0.21667, "frame": 7041, "start": "0:03:54.9347", "end": "0:03:54.968067", "confidence": 0.467, "detection_class": "car"}]}, {"id": 10, "type": "Chair", "wikiDataID": "Q15026", "instances": [{"x": 0.10938, "y": 0.55556, "width": 0.17344, "height": 0.43889, "frame": 7720, "start": "0:04:17.590667", "end": "0:04:17.624033", "confidence": 0.806, "detection_class": "chair", "isBest": true}, {"x": 0.10938, "y": 0.55278, "width": 0.17344, "height": 0.44167, "frame": 7721, "start": "0:04:17.624033", "end": "0:04:17.6574", "confidence": 0.0, "detection_class": null}, {"x": 0.10938, "y": 0.55278, "width": 0.17344, "height": 0.44167, "frame": 7722, "start": "0:04:17.6574", "end": "0:04:17.690767", "confidence": 0.0, "detection_class": null}, {"x": 0.10938, "y": 0.55, "width": 0.175, "height": 0.44444, "frame": 7723, "start": "0:04:17.690767", "end": "0:04:17.724133", "confidence": 0.0, "detection_class": null}, {"x": 0.10938, "y": 0.55, "width": 0.175, "height": 0.44444, "frame": 7724, "start": "0:04:17.724133", "end": "0:04:17.7575", "confidence": 0.0, "detection_class": null}, {"x": 0.11094, "y": 0.55, "width": 0.175, "height": 0.44444, "frame": 7725, "start": "0:04:17.7575", "end": "0:04:17.790867", "confidence": 0.796, "detection_class": "chair"}, {"x": 0.11094, "y": 0.55, "width": 0.175, "height": 0.44444, "frame": 7726, "start": "0:04:17.790867", "end": "0:04:17.824233", "confidence": 0.0, "detection_class": null}, {"x": 0.11094, "y": 0.55, "width": 0.175, "height": 0.44444, "frame": 7727, "start": "0:04:17.824233", "end": "0:04:17.8576", "confidence": 0.0, "detection_class": null}, {"x": 0.11094, "y": 0.55, "width": 0.175, "height": 0.44444, "frame": 7728, "start": "0:04:17.8576", "end": "0:04:17.890967", "confidence": 0.0, "detection_class": null}, {"x": 0.11094, "y": 0.55, "width": 0.175, "height": 0.44444, "frame": 7729, "start": "0:04:17.890967", "end": "0:04:17.924333", "confidence": 0.0, "detection_class": null}, {"x": 0.11094, "y": 0.55, "width": 0.17656, "height": 0.44444, "frame": 7730, "start": "0:04:17.924333", "end": "0:04:17.9577", "confidence": 0.789, "detection_class": "chair"}, {"x": 0.11094, "y": 0.55, "width": 0.17656, "height": 0.44444, "frame": 7731, "start": "0:04:17.9577", "end": "0:04:17.991067", "confidence": 0.0, "detection_class": null}, {"x": 0.11094, "y": 0.55, "width": 0.17656, "height": 0.44444, "frame": 7732, "start": "0:04:17.991067", "end": "0:04:18.024433", "confidence": 0.0, "detection_class": null}, {"x": 0.11094, "y": 0.55, "width": 0.17656, "height": 0.44444, "frame": 7733, "start": "0:04:18.024433", "end": "0:04:18.0578", "confidence": 0.0, "detection_class": null}, {"x": 0.11094, "y": 0.55, "width": 0.17656, "height": 0.44444, "frame": 7734, "start": "0:04:18.0578", "end": "0:04:18.091167", "confidence": 0.0, "detection_class": null}, {"x": 0.11094, "y": 0.55278, "width": 0.17656, "height": 0.44167, "frame": 7735, "start": "0:04:18.091167", "end": "0:04:18.124533", "confidence": 0.796, "detection_class": "chair"}, {"x": 0.11094, "y": 0.55278, "width": 0.175, "height": 0.44167, "frame": 7736, "start": "0:04:18.124533", "end": "0:04:18.1579", "confidence": 0.0, "detection_class": null}, {"x": 0.11094, "y": 0.55278, "width": 0.175, "height": 0.44167, "frame": 7737, "start": "0:04:18.1579", "end": "0:04:18.191267", "confidence": 0.0, "detection_class": null}, {"x": 0.11094, "y": 0.55278, "width": 0.175, "height": 0.44167, "frame": 7738, "start": "0:04:18.191267", "end": "0:04:18.224633", "confidence": 0.0, "detection_class": null}, {"x": 0.11094, "y": 0.55278, "width": 0.175, "height": 0.44167, "frame": 7739, "start": "0:04:18.224633", "end": "0:04:18.258", "confidence": 0.0, "detection_class": null}, {"x": 0.11094, "y": 0.55278, "width": 0.175, "height": 0.44167, "frame": 7740, "start": "0:04:18.258", "end": "0:04:18.291367", "confidence": 0.799, "detection_class": "chair"}, {"x": 0.11094, "y": 0.55278, "width": 0.17344, "height": 0.44167, "frame": 7741, "start": "0:04:18.291367", "end": "0:04:18.324733", "confidence": 0.0, "detection_class": null}, {"x": 0.11094, "y": 0.55278, "width": 0.17344, "height": 0.44167, "frame": 7742, "start": "0:04:18.324733", "end": "0:04:18.3581", "confidence": 0.0, "detection_class": null}, {"x": 0.11094, "y": 0.55278, "width": 0.17344, "height": 0.44167, "frame": 7743, "start": "0:04:18.3581", "end": "0:04:18.391467", "confidence": 0.0, "detection_class": null}, {"x": 0.11094, "y": 0.55278, "width": 0.17344, "height": 0.44167, "frame": 7744, "start": "0:04:18.391467", "end": "0:04:18.424833", "confidence": 0.0, "detection_class": null}, {"x": 0.11094, "y": 0.55278, "width": 0.17344, "height": 0.44167, "frame": 7745, "start": "0:04:18.424833", "end": "0:04:18.4582", "confidence": 0.803, "detection_class": "chair"}, {"x": 0.11094, "y": 0.55, "width": 0.17344, "height": 0.44444, "frame": 7746, "start": "0:04:18.4582", "end": "0:04:18.491567", "confidence": 0.0, "detection_class": null}, {"x": 0.11094, "y": 0.54722, "width": 0.17344, "height": 0.44722, "frame": 7747, "start": "0:04:18.491567", "end": "0:04:18.524933", "confidence": 0.0, "detection_class": null}, {"x": 0.11094, "y": 0.54722, "width": 0.175, "height": 0.44722, "frame": 7748, "start": "0:04:18.524933", "end": "0:04:18.5583", "confidence": 0.0, "detection_class": null}, {"x": 0.11094, "y": 0.54444, "width": 0.175, "height": 0.45, "frame": 7749, "start": "0:04:18.5583", "end": "0:04:18.591667", "confidence": 0.0, "detection_class": null}, {"x": 0.1125, "y": 0.54444, "width": 0.175, "height": 0.45, "frame": 7750, "start": "0:04:18.591667", "end": "0:04:18.625033", "confidence": 0.789, "detection_class": "chair"}]}, {"id": 11, "type": "Backpack", "wikiDataID": "Q5843", "instances": [{"x": 0.46094, "y": 0.46667, "width": 0.22812, "height": 0.37222, "frame": 7725, "start": "0:04:17.7575", "end": "0:04:17.790867", "confidence": 0.568, "detection_class": "backpack", "isBest": true}, {"x": 0.46094, "y": 0.46667, "width": 0.22812, "height": 0.37222, "frame": 7726, "start": "0:04:17.790867", "end": "0:04:17.824233", "confidence": 0.0, "detection_class": null}, {"x": 0.46094, "y": 0.46667, "width": 0.22812, "height": 0.37222, "frame": 7727, "start": "0:04:17.824233", "end": "0:04:17.8576", "confidence": 0.0, "detection_class": null}, {"x": 0.46094, "y": 0.46667, "width": 0.22812, "height": 0.37222, "frame": 7728, "start": "0:04:17.8576", "end": "0:04:17.890967", "confidence": 0.0, "detection_class": null}, {"x": 0.46094, "y": 0.46667, "width": 0.22812, "height": 0.37222, "frame": 7729, "start": "0:04:17.890967", "end": "0:04:17.924333", "confidence": 0.0, "detection_class": null}, {"x": 0.46094, "y": 0.46667, "width": 0.22812, "height": 0.37222, "frame": 7730, "start": "0:04:17.924333", "end": "0:04:17.9577", "confidence": 0.584, "detection_class": "backpack"}, {"x": 0.46094, "y": 0.46667, "width": 0.22812, "height": 0.37222, "frame": 7731, "start": "0:04:17.9577", "end": "0:04:17.991067", "confidence": 0.0, "detection_class": null}, {"x": 0.46094, "y": 0.46667, "width": 0.22812, "height": 0.37222, "frame": 7732, "start": "0:04:17.991067", "end": "0:04:18.024433", "confidence": 0.0, "detection_class": null}, {"x": 0.46094, "y": 0.46667, "width": 0.22812, "height": 0.37222, "frame": 7733, "start": "0:04:18.024433", "end": "0:04:18.0578", "confidence": 0.0, "detection_class": null}, {"x": 0.46094, "y": 0.46667, "width": 0.22812, "height": 0.37222, "frame": 7734, "start": "0:04:18.0578", "end": "0:04:18.091167", "confidence": 0.0, "detection_class": null}, {"x": 0.46094, "y": 0.46667, "width": 0.22812, "height": 0.37222, "frame": 7735, "start": "0:04:18.091167", "end": "0:04:18.124533", "confidence": 0.574, "detection_class": "backpack"}, {"x": 0.46094, "y": 0.46667, "width": 0.22812, "height": 0.37222, "frame": 7736, "start": "0:04:18.124533", "end": "0:04:18.1579", "confidence": 0.0, "detection_class": null}, {"x": 0.46094, "y": 0.46667, "width": 0.22812, "height": 0.37222, "frame": 7737, "start": "0:04:18.1579", "end": "0:04:18.191267", "confidence": 0.0, "detection_class": null}, {"x": 0.46094, "y": 0.46667, "width": 0.22812, "height": 0.37222, "frame": 7738, "start": "0:04:18.191267", "end": "0:04:18.224633", "confidence": 0.0, "detection_class": null}, {"x": 0.46094, "y": 0.46667, "width": 0.22812, "height": 0.37222, "frame": 7739, "start": "0:04:18.224633", "end": "0:04:18.258", "confidence": 0.0, "detection_class": null}, {"x": 0.46094, "y": 0.46667, "width": 0.22812, "height": 0.37222, "frame": 7740, "start": "0:04:18.258", "end": "0:04:18.291367", "confidence": 0.562, "detection_class": "backpack"}, {"x": 0.46094, "y": 0.46667, "width": 0.22812, "height": 0.36944, "frame": 7741, "start": "0:04:18.291367", "end": "0:04:18.324733", "confidence": 0.0, "detection_class": null}, {"x": 0.46094, "y": 0.46667, "width": 0.22812, "height": 0.36944, "frame": 7742, "start": "0:04:18.324733", "end": "0:04:18.3581", "confidence": 0.0, "detection_class": null}, {"x": 0.46094, "y": 0.46667, "width": 0.22812, "height": 0.36944, "frame": 7743, "start": "0:04:18.3581", "end": "0:04:18.391467", "confidence": 0.0, "detection_class": null}, {"x": 0.46094, "y": 0.46667, "width": 0.22812, "height": 0.36944, "frame": 7744, "start": "0:04:18.391467", "end": "0:04:18.424833", "confidence": 0.0, "detection_class": null}, {"x": 0.46094, "y": 0.46667, "width": 0.22812, "height": 0.36944, "frame": 7745, "start": "0:04:18.424833", "end": "0:04:18.4582", "confidence": 0.572, "detection_class": "backpack"}, {"x": 0.46094, "y": 0.46667, "width": 0.22812, "height": 0.36944, "frame": 7746, "start": "0:04:18.4582", "end": "0:04:18.491567", "confidence": 0.0, "detection_class": null}, {"x": 0.46094, "y": 0.46667, "width": 0.22812, "height": 0.36944, "frame": 7747, "start": "0:04:18.491567", "end": "0:04:18.524933", "confidence": 0.0, "detection_class": null}, {"x": 0.46094, "y": 0.46667, "width": 0.22812, "height": 0.37222, "frame": 7748, "start": "0:04:18.524933", "end": "0:04:18.5583", "confidence": 0.0, "detection_class": null}, {"x": 0.46094, "y": 0.46667, "width": 0.22812, "height": 0.37222, "frame": 7749, "start": "0:04:18.5583", "end": "0:04:18.591667", "confidence": 0.0, "detection_class": null}, {"x": 0.4625, "y": 0.46944, "width": 0.22812, "height": 0.37222, "frame": 7750, "start": "0:04:18.591667", "end": "0:04:18.625033", "confidence": 0.562, "detection_class": "backpack"}]}, {"id": 12, "type": "Chair", "wikiDataID": "Q15026", "instances": [{"x": 0.80156, "y": 0.6, "width": 0.1, "height": 0.37778, "frame": 7751, "start": "0:04:18.625033", "end": "0:04:18.6584", "confidence": 0.833, "detection_class": "chair", "isBest": true}, {"x": 0.80156, "y": 0.6, "width": 0.1, "height": 0.37778, "frame": 7752, "start": "0:04:18.6584", "end": "0:04:18.691767", "confidence": 0.0, "detection_class": null}, {"x": 0.80312, "y": 0.6, "width": 0.1, "height": 0.37778, "frame": 7753, "start": "0:04:18.691767", "end": "0:04:18.725133", "confidence": 0.0, "detection_class": null}, {"x": 0.80312, "y": 0.6, "width": 0.1, "height": 0.37778, "frame": 7754, "start": "0:04:18.725133", "end": "0:04:18.7585", "confidence": 0.0, "detection_class": null}, {"x": 0.80469, "y": 0.6, "width": 0.1, "height": 0.37778, "frame": 7755, "start": "0:04:18.7585", "end": "0:04:18.791867", "confidence": 0.0, "detection_class": null}, {"x": 0.80625, "y": 0.6, "width": 0.1, "height": 0.38056, "frame": 7756, "start": "0:04:18.791867", "end": "0:04:18.825233", "confidence": 0.833, "detection_class": "chair"}, {"x": 0.80469, "y": 0.6, "width": 0.10156, "height": 0.38056, "frame": 7757, "start": "0:04:18.825233", "end": "0:04:18.8586", "confidence": 0.0, "detection_class": null}, {"x": 0.80469, "y": 0.6, "width": 0.10156, "height": 0.38056, "frame": 7758, "start": "0:04:18.8586", "end": "0:04:18.891967", "confidence": 0.0, "detection_class": null}, {"x": 0.80469, "y": 0.6, "width": 0.10312, "height": 0.38333, "frame": 7759, "start": "0:04:18.891967", "end": "0:04:18.925333", "confidence": 0.0, "detection_class": null}, {"x": 0.80469, "y": 0.6, "width": 0.10312, "height": 0.38333, "frame": 7760, "start": "0:04:18.925333", "end": "0:04:18.9587", "confidence": 0.0, "detection_class": null}, {"x": 0.80469, "y": 0.60278, "width": 0.10469, "height": 0.38333, "frame": 7761, "start": "0:04:18.9587", "end": "0:04:18.992067", "confidence": 0.842, "detection_class": "chair"}, {"x": 0.80469, "y": 0.60278, "width": 0.10469, "height": 0.38056, "frame": 7762, "start": "0:04:18.992067", "end": "0:04:19.025433", "confidence": 0.0, "detection_class": null}, {"x": 0.80625, "y": 0.60278, "width": 0.10312, "height": 0.37778, "frame": 7763, "start": "0:04:19.025433", "end": "0:04:19.0588", "confidence": 0.0, "detection_class": null}, {"x": 0.80781, "y": 0.60278, "width": 0.10156, "height": 0.37778, "frame": 7764, "start": "0:04:19.0588", "end": "0:04:19.092167", "confidence": 0.0, "detection_class": null}, {"x": 0.80937, "y": 0.60278, "width": 0.1, "height": 0.375, "frame": 7765, "start": "0:04:19.092167", "end": "0:04:19.125533", "confidence": 0.0, "detection_class": null}, {"x": 0.81094, "y": 0.60278, "width": 0.1, "height": 0.375, "frame": 7766, "start": "0:04:19.125533", "end": "0:04:19.1589", "confidence": 0.847, "detection_class": "chair"}, {"x": 0.81094, "y": 0.6, "width": 0.1, "height": 0.375, "frame": 7767, "start": "0:04:19.1589", "end": "0:04:19.192267", "confidence": 0.0, "detection_class": null}, {"x": 0.81094, "y": 0.6, "width": 0.1, "height": 0.375, "frame": 7768, "start": "0:04:19.192267", "end": "0:04:19.225633", "confidence": 0.0, "detection_class": null}, {"x": 0.81094, "y": 0.6, "width": 0.1, "height": 0.375, "frame": 7769, "start": "0:04:19.225633", "end": "0:04:19.259", "confidence": 0.0, "detection_class": null}, {"x": 0.81094, "y": 0.6, "width": 0.1, "height": 0.375, "frame": 7770, "start": "0:04:19.259", "end": "0:04:19.292367", "confidence": 0.0, "detection_class": null}, {"x": 0.81094, "y": 0.6, "width": 0.1, "height": 0.375, "frame": 7771, "start": "0:04:19.292367", "end": "0:04:19.325733", "confidence": 0.854, "detection_class": "chair"}, {"x": 0.80937, "y": 0.59722, "width": 0.10156, "height": 0.37778, "frame": 7772, "start": "0:04:19.325733", "end": "0:04:19.3591", "confidence": 0.0, "detection_class": null}, {"x": 0.80937, "y": 0.59722, "width": 0.10156, "height": 0.37778, "frame": 7773, "start": "0:04:19.3591", "end": "0:04:19.392467", "confidence": 0.0, "detection_class": null}, {"x": 0.80937, "y": 0.59722, "width": 0.10156, "height": 0.37778, "frame": 7774, "start": "0:04:19.392467", "end": "0:04:19.425833", "confidence": 0.0, "detection_class": null}, {"x": 0.80937, "y": 0.59722, "width": 0.10156, "height": 0.37778, "frame": 7775, "start": "0:04:19.425833", "end": "0:04:19.4592", "confidence": 0.0, "detection_class": null}, {"x": 0.80937, "y": 0.59722, "width": 0.10312, "height": 0.37778, "frame": 7776, "start": "0:04:19.4592", "end": "0:04:19.492567", "confidence": 0.858, "detection_class": "chair"}, {"x": 0.80937, "y": 0.59722, "width": 0.10312, "height": 0.37778, "frame": 7777, "start": "0:04:19.492567", "end": "0:04:19.525933", "confidence": 0.857, "detection_class": "chair"}]}, {"id": 13, "type": "Chair", "wikiDataID": "Q15026", "instances": [{"x": 0.18594, "y": 0.59167, "width": 0.09375, "height": 0.39167, "frame": 7812, "start": "0:04:20.6604", "end": "0:04:20.693767", "confidence": 0.606, "detection_class": "chair", "isBest": true}, {"x": 0.18281, "y": 0.59167, "width": 0.09531, "height": 0.39167, "frame": 7813, "start": "0:04:20.693767", "end": "0:04:20.727133", "confidence": 0.0, "detection_class": null}, {"x": 0.18125, "y": 0.59167, "width": 0.09688, "height": 0.39444, "frame": 7814, "start": "0:04:20.727133", "end": "0:04:20.7605", "confidence": 0.0, "detection_class": null}, {"x": 0.17969, "y": 0.59444, "width": 0.09688, "height": 0.39167, "frame": 7815, "start": "0:04:20.7605", "end": "0:04:20.793867", "confidence": 0.0, "detection_class": null}, {"x": 0.17813, "y": 0.59444, "width": 0.09844, "height": 0.39444, "frame": 7816, "start": "0:04:20.793867", "end": "0:04:20.827233", "confidence": 0.0, "detection_class": null}, {"x": 0.17656, "y": 0.59722, "width": 0.1, "height": 0.39444, "frame": 7817, "start": "0:04:20.827233", "end": "0:04:20.8606", "confidence": 0.68, "detection_class": "chair"}, {"x": 0.175, "y": 0.59722, "width": 0.1, "height": 0.39167, "frame": 7818, "start": "0:04:20.8606", "end": "0:04:20.893967", "confidence": 0.0, "detection_class": null}, {"x": 0.17344, "y": 0.59722, "width": 0.1, "height": 0.38889, "frame": 7819, "start": "0:04:20.893967", "end": "0:04:20.927333", "confidence": 0.0, "detection_class": null}, {"x": 0.17188, "y": 0.59722, "width": 0.10156, "height": 0.38611, "frame": 7820, "start": "0:04:20.927333", "end": "0:04:20.9607", "confidence": 0.0, "detection_class": null}, {"x": 0.17031, "y": 0.59722, "width": 0.10156, "height": 0.38333, "frame": 7821, "start": "0:04:20.9607", "end": "0:04:20.994067", "confidence": 0.0, "detection_class": null}, {"x": 0.16875, "y": 0.59722, "width": 0.10312, "height": 0.38056, "frame": 7822, "start": "0:04:20.994067", "end": "0:04:21.027433", "confidence": 0.658, "detection_class": "chair"}, {"x": 0.16719, "y": 0.59444, "width": 0.10312, "height": 0.38611, "frame": 7823, "start": "0:04:21.027433", "end": "0:04:21.0608", "confidence": 0.0, "detection_class": null}, {"x": 0.16562, "y": 0.59444, "width": 0.10469, "height": 0.38889, "frame": 7824, "start": "0:04:21.0608", "end": "0:04:21.094167", "confidence": 0.0, "detection_class": null}, {"x": 0.16406, "y": 0.59444, "width": 0.10469, "height": 0.39167, "frame": 7825, "start": "0:04:21.094167", "end": "0:04:21.127533", "confidence": 0.0, "detection_class": null}, {"x": 0.1625, "y": 0.59444, "width": 0.10625, "height": 0.39444, "frame": 7826, "start": "0:04:21.127533", "end": "0:04:21.1609", "confidence": 0.0, "detection_class": null}, {"x": 0.1625, "y": 0.59444, "width": 0.10625, "height": 0.39722, "frame": 7827, "start": "0:04:21.1609", "end": "0:04:21.194267", "confidence": 0.629, "detection_class": "chair"}, {"x": 0.16094, "y": 0.59444, "width": 0.10469, "height": 0.39444, "frame": 7828, "start": "0:04:21.194267", "end": "0:04:21.227633", "confidence": 0.0, "detection_class": null}, {"x": 0.15937, "y": 0.59444, "width": 0.10312, "height": 0.39444, "frame": 7829, "start": "0:04:21.227633", "end": "0:04:21.261", "confidence": 0.0, "detection_class": null}, {"x": 0.15781, "y": 0.59722, "width": 0.10156, "height": 0.38889, "frame": 7830, "start": "0:04:21.261", "end": "0:04:21.294367", "confidence": 0.0, "detection_class": null}, {"x": 0.15625, "y": 0.59722, "width": 0.1, "height": 0.38889, "frame": 7831, "start": "0:04:21.294367", "end": "0:04:21.327733", "confidence": 0.0, "detection_class": null}, {"x": 0.15469, "y": 0.6, "width": 0.1, "height": 0.38611, "frame": 7832, "start": "0:04:21.327733", "end": "0:04:21.3611", "confidence": 0.617, "detection_class": "chair"}, {"x": 0.15313, "y": 0.6, "width": 0.1, "height": 0.38611, "frame": 7833, "start": "0:04:21.3611", "end": "0:04:21.394467", "confidence": 0.0, "detection_class": null}, {"x": 0.15156, "y": 0.6, "width": 0.1, "height": 0.38611, "frame": 7834, "start": "0:04:21.394467", "end": "0:04:21.427833", "confidence": 0.0, "detection_class": null}, {"x": 0.15156, "y": 0.6, "width": 0.1, "height": 0.38611, "frame": 7835, "start": "0:04:21.427833", "end": "0:04:21.4612", "confidence": 0.0, "detection_class": null}, {"x": 0.15, "y": 0.6, "width": 0.1, "height": 0.38611, "frame": 7836, "start": "0:04:21.4612", "end": "0:04:21.494567", "confidence": 0.0, "detection_class": null}, {"x": 0.15, "y": 0.60278, "width": 0.1, "height": 0.38333, "frame": 7837, "start": "0:04:21.494567", "end": "0:04:21.527933", "confidence": 0.523, "detection_class": "chair"}]}, {"id": 14, "type": "Bottle", "wikiDataID": "Q80228", "instances": [{"x": 0.05, "y": 0.325, "width": 0.05781, "height": 0.28889, "frame": 7832, "start": "0:04:21.327733", "end": "0:04:21.3611", "confidence": 0.687, "detection_class": "bottle", "isBest": true}, {"x": 0.04844, "y": 0.32222, "width": 0.05781, "height": 0.29167, "frame": 7833, "start": "0:04:21.3611", "end": "0:04:21.394467", "confidence": 0.0, "detection_class": null}, {"x": 0.04688, "y": 0.32222, "width": 0.05781, "height": 0.29167, "frame": 7834, "start": "0:04:21.394467", "end": "0:04:21.427833", "confidence": 0.0, "detection_class": null}, {"x": 0.04531, "y": 0.32222, "width": 0.05781, "height": 0.29444, "frame": 7835, "start": "0:04:21.427833", "end": "0:04:21.4612", "confidence": 0.0, "detection_class": null}, {"x": 0.04375, "y": 0.32222, "width": 0.05781, "height": 0.29444, "frame": 7836, "start": "0:04:21.4612", "end": "0:04:21.494567", "confidence": 0.0, "detection_class": null}, {"x": 0.04219, "y": 0.32222, "width": 0.05937, "height": 0.29722, "frame": 7837, "start": "0:04:21.494567", "end": "0:04:21.527933", "confidence": 0.689, "detection_class": "bottle"}, {"x": 0.04063, "y": 0.32222, "width": 0.05937, "height": 0.29722, "frame": 7838, "start": "0:04:21.527933", "end": "0:04:21.5613", "confidence": 0.0, "detection_class": null}, {"x": 0.03906, "y": 0.325, "width": 0.05937, "height": 0.29444, "frame": 7839, "start": "0:04:21.5613", "end": "0:04:21.594667", "confidence": 0.0, "detection_class": null}, {"x": 0.0375, "y": 0.32778, "width": 0.05937, "height": 0.29167, "frame": 7840, "start": "0:04:21.594667", "end": "0:04:21.628033", "confidence": 0.0, "detection_class": null}, {"x": 0.03594, "y": 0.33056, "width": 0.05937, "height": 0.28889, "frame": 7841, "start": "0:04:21.628033", "end": "0:04:21.6614", "confidence": 0.0, "detection_class": null}, {"x": 0.03594, "y": 0.33333, "width": 0.05781, "height": 0.28889, "frame": 7842, "start": "0:04:21.6614", "end": "0:04:21.694767", "confidence": 0.582, "detection_class": "bottle"}, {"x": 0.03438, "y": 0.33333, "width": 0.05781, "height": 0.28889, "frame": 7843, "start": "0:04:21.694767", "end": "0:04:21.728133", "confidence": 0.0, "detection_class": null}, {"x": 0.03281, "y": 0.33333, "width": 0.05781, "height": 0.29167, "frame": 7844, "start": "0:04:21.728133", "end": "0:04:21.7615", "confidence": 0.0, "detection_class": null}, {"x": 0.03281, "y": 0.33611, "width": 0.05625, "height": 0.29167, "frame": 7845, "start": "0:04:21.7615", "end": "0:04:21.794867", "confidence": 0.527, "detection_class": "bottle"}]}, {"id": 15, "type": "Bottle", "wikiDataID": "Q80228", "instances": [{"x": 0.89219, "y": 0.36389, "width": 0.06719, "height": 0.31111, "frame": 7846, "start": "0:04:21.794867", "end": "0:04:21.828233", "confidence": 0.85, "detection_class": "bottle", "isBest": true}, {"x": 0.89219, "y": 0.36389, "width": 0.06719, "height": 0.30833, "frame": 7847, "start": "0:04:21.828233", "end": "0:04:21.8616", "confidence": 0.0, "detection_class": null}, {"x": 0.89219, "y": 0.36389, "width": 0.06719, "height": 0.30833, "frame": 7848, "start": "0:04:21.8616", "end": "0:04:21.894967", "confidence": 0.0, "detection_class": null}, {"x": 0.89219, "y": 0.36389, "width": 0.06719, "height": 0.30833, "frame": 7849, "start": "0:04:21.894967", "end": "0:04:21.928333", "confidence": 0.0, "detection_class": null}, {"x": 0.89219, "y": 0.36389, "width": 0.06719, "height": 0.30833, "frame": 7850, "start": "0:04:21.928333", "end": "0:04:21.9617", "confidence": 0.0, "detection_class": null}, {"x": 0.89219, "y": 0.36389, "width": 0.06875, "height": 0.30833, "frame": 7851, "start": "0:04:21.9617", "end": "0:04:21.995067", "confidence": 0.848, "detection_class": "bottle"}, {"x": 0.89219, "y": 0.36389, "width": 0.06875, "height": 0.30833, "frame": 7852, "start": "0:04:21.995067", "end": "0:04:22.028433", "confidence": 0.0, "detection_class": null}, {"x": 0.89219, "y": 0.36389, "width": 0.06875, "height": 0.30833, "frame": 7853, "start": "0:04:22.028433", "end": "0:04:22.0618", "confidence": 0.0, "detection_class": null}, {"x": 0.89219, "y": 0.36389, "width": 0.06875, "height": 0.30833, "frame": 7854, "start": "0:04:22.0618", "end": "0:04:22.095167", "confidence": 0.0, "detection_class": null}, {"x": 0.89219, "y": 0.36389, "width": 0.06875, "height": 0.30833, "frame": 7855, "start": "0:04:22.095167", "end": "0:04:22.128533", "confidence": 0.0, "detection_class": null}, {"x": 0.89219, "y": 0.36389, "width": 0.06875, "height": 0.30833, "frame": 7856, "start": "0:04:22.128533", "end": "0:04:22.1619", "confidence": 0.85, "detection_class": "bottle"}, {"x": 0.89219, "y": 0.36389, "width": 0.06875, "height": 0.30833, "frame": 7857, "start": "0:04:22.1619", "end": "0:04:22.195267", "confidence": 0.0, "detection_class": null}, {"x": 0.89219, "y": 0.36389, "width": 0.06875, "height": 0.30833, "frame": 7858, "start": "0:04:22.195267", "end": "0:04:22.228633", "confidence": 0.0, "detection_class": null}, {"x": 0.89219, "y": 0.36389, "width": 0.06875, "height": 0.30833, "frame": 7859, "start": "0:04:22.228633", "end": "0:04:22.262", "confidence": 0.0, "detection_class": null}, {"x": 0.89219, "y": 0.36389, "width": 0.06875, "height": 0.30833, "frame": 7860, "start": "0:04:22.262", "end": "0:04:22.295367", "confidence": 0.0, "detection_class": null}, {"x": 0.89219, "y": 0.36389, "width": 0.06875, "height": 0.31111, "frame": 7861, "start": "0:04:22.295367", "end": "0:04:22.328733", "confidence": 0.851, "detection_class": "bottle"}, {"x": 0.89219, "y": 0.36389, "width": 0.06719, "height": 0.31111, "frame": 7862, "start": "0:04:22.328733", "end": "0:04:22.3621", "confidence": 0.0, "detection_class": null}, {"x": 0.89219, "y": 0.36389, "width": 0.06719, "height": 0.31111, "frame": 7863, "start": "0:04:22.3621", "end": "0:04:22.395467", "confidence": 0.0, "detection_class": null}, {"x": 0.89219, "y": 0.36389, "width": 0.06719, "height": 0.31111, "frame": 7864, "start": "0:04:22.395467", "end": "0:04:22.428833", "confidence": 0.0, "detection_class": null}, {"x": 0.89219, "y": 0.36389, "width": 0.06719, "height": 0.31111, "frame": 7865, "start": "0:04:22.428833", "end": "0:04:22.4622", "confidence": 0.0, "detection_class": null}, {"x": 0.89219, "y": 0.36389, "width": 0.06719, "height": 0.31111, "frame": 7866, "start": "0:04:22.4622", "end": "0:04:22.495567", "confidence": 0.857, "detection_class": "bottle"}, {"x": 0.89219, "y": 0.36389, "width": 0.06719, "height": 0.31111, "frame": 7867, "start": "0:04:22.495567", "end": "0:04:22.528933", "confidence": 0.0, "detection_class": null}, {"x": 0.89219, "y": 0.36389, "width": 0.06719, "height": 0.31111, "frame": 7868, "start": "0:04:22.528933", "end": "0:04:22.5623", "confidence": 0.0, "detection_class": null}, {"x": 0.89219, "y": 0.36389, "width": 0.06719, "height": 0.31111, "frame": 7869, "start": "0:04:22.5623", "end": "0:04:22.595667", "confidence": 0.0, "detection_class": null}, {"x": 0.89219, "y": 0.36389, "width": 0.06719, "height": 0.31111, "frame": 7870, "start": "0:04:22.595667", "end": "0:04:22.629033", "confidence": 0.0, "detection_class": null}, {"x": 0.89219, "y": 0.36389, "width": 0.06719, "height": 0.31111, "frame": 7871, "start": "0:04:22.629033", "end": "0:04:22.6624", "confidence": 0.858, "detection_class": "bottle"}, {"x": 0.89219, "y": 0.36389, "width": 0.06719, "height": 0.31111, "frame": 7872, "start": "0:04:22.6624", "end": "0:04:22.695767", "confidence": 0.0, "detection_class": null}, {"x": 0.89219, "y": 0.36389, "width": 0.06719, "height": 0.31111, "frame": 7873, "start": "0:04:22.695767", "end": "0:04:22.729133", "confidence": 0.0, "detection_class": null}, {"x": 0.89219, "y": 0.36389, "width": 0.06719, "height": 0.31111, "frame": 7874, "start": "0:04:22.729133", "end": "0:04:22.7625", "confidence": 0.0, "detection_class": null}, {"x": 0.89219, "y": 0.36389, "width": 0.06719, "height": 0.31111, "frame": 7875, "start": "0:04:22.7625", "end": "0:04:22.795867", "confidence": 0.0, "detection_class": null}, {"x": 0.89219, "y": 0.36389, "width": 0.06719, "height": 0.31111, "frame": 7876, "start": "0:04:22.795867", "end": "0:04:22.829233", "confidence": 0.861, "detection_class": "bottle"}, {"x": 0.89219, "y": 0.36389, "width": 0.06719, "height": 0.31111, "frame": 7877, "start": "0:04:22.829233", "end": "0:04:22.8626", "confidence": 0.0, "detection_class": null}, {"x": 0.89219, "y": 0.36389, "width": 0.06719, "height": 0.31111, "frame": 7878, "start": "0:04:22.8626", "end": "0:04:22.895967", "confidence": 0.0, "detection_class": null}, {"x": 0.89219, "y": 0.36389, "width": 0.06719, "height": 0.31111, "frame": 7879, "start": "0:04:22.895967", "end": "0:04:22.929333", "confidence": 0.0, "detection_class": null}, {"x": 0.89219, "y": 0.36389, "width": 0.06719, "height": 0.31111, "frame": 7880, "start": "0:04:22.929333", "end": "0:04:22.9627", "confidence": 0.0, "detection_class": null}, {"x": 0.89219, "y": 0.36667, "width": 0.06719, "height": 0.30833, "frame": 7881, "start": "0:04:22.9627", "end": "0:04:22.996067", "confidence": 0.858, "detection_class": "bottle"}, {"x": 0.89062, "y": 0.36389, "width": 0.06719, "height": 0.30833, "frame": 7882, "start": "0:04:22.996067", "end": "0:04:23.029433", "confidence": 0.0, "detection_class": null}, {"x": 0.89062, "y": 0.36389, "width": 0.06719, "height": 0.30833, "frame": 7883, "start": "0:04:23.029433", "end": "0:04:23.0628", "confidence": 0.0, "detection_class": null}, {"x": 0.89062, "y": 0.36389, "width": 0.06719, "height": 0.30833, "frame": 7884, "start": "0:04:23.0628", "end": "0:04:23.096167", "confidence": 0.0, "detection_class": null}, {"x": 0.89062, "y": 0.36389, "width": 0.06719, "height": 0.30833, "frame": 7885, "start": "0:04:23.096167", "end": "0:04:23.129533", "confidence": 0.0, "detection_class": null}, {"x": 0.89062, "y": 0.36389, "width": 0.06719, "height": 0.30833, "frame": 7886, "start": "0:04:23.129533", "end": "0:04:23.1629", "confidence": 0.857, "detection_class": "bottle"}, {"x": 0.89062, "y": 0.36389, "width": 0.06719, "height": 0.30833, "frame": 7887, "start": "0:04:23.1629", "end": "0:04:23.196267", "confidence": 0.0, "detection_class": null}, {"x": 0.89062, "y": 0.36389, "width": 0.06719, "height": 0.30833, "frame": 7888, "start": "0:04:23.196267", "end": "0:04:23.229633", "confidence": 0.0, "detection_class": null}, {"x": 0.89062, "y": 0.36389, "width": 0.06719, "height": 0.30833, "frame": 7889, "start": "0:04:23.229633", "end": "0:04:23.263", "confidence": 0.0, "detection_class": null}, {"x": 0.89062, "y": 0.36389, "width": 0.06719, "height": 0.30833, "frame": 7890, "start": "0:04:23.263", "end": "0:04:23.296367", "confidence": 0.0, "detection_class": null}, {"x": 0.89062, "y": 0.36389, "width": 0.06875, "height": 0.30833, "frame": 7891, "start": "0:04:23.296367", "end": "0:04:23.329733", "confidence": 0.856, "detection_class": "bottle"}, {"x": 0.89062, "y": 0.36389, "width": 0.06719, "height": 0.30833, "frame": 7892, "start": "0:04:23.329733", "end": "0:04:23.3631", "confidence": 0.0, "detection_class": null}, {"x": 0.89062, "y": 0.36389, "width": 0.06719, "height": 0.30833, "frame": 7893, "start": "0:04:23.3631", "end": "0:04:23.396467", "confidence": 0.0, "detection_class": null}, {"x": 0.89062, "y": 0.36389, "width": 0.06719, "height": 0.30833, "frame": 7894, "start": "0:04:23.396467", "end": "0:04:23.429833", "confidence": 0.0, "detection_class": null}, {"x": 0.89062, "y": 0.36389, "width": 0.06719, "height": 0.30833, "frame": 7895, "start": "0:04:23.429833", "end": "0:04:23.4632", "confidence": 0.0, "detection_class": null}, {"x": 0.89062, "y": 0.36389, "width": 0.06719, "height": 0.30833, "frame": 7896, "start": "0:04:23.4632", "end": "0:04:23.496567", "confidence": 0.862, "detection_class": "bottle"}, {"x": 0.89062, "y": 0.36389, "width": 0.06719, "height": 0.30833, "frame": 7897, "start": "0:04:23.496567", "end": "0:04:23.529933", "confidence": 0.0, "detection_class": null}, {"x": 0.89062, "y": 0.36389, "width": 0.06719, "height": 0.30833, "frame": 7898, "start": "0:04:23.529933", "end": "0:04:23.5633", "confidence": 0.0, "detection_class": null}, {"x": 0.89062, "y": 0.36389, "width": 0.06719, "height": 0.30833, "frame": 7899, "start": "0:04:23.5633", "end": "0:04:23.596667", "confidence": 0.0, "detection_class": null}, {"x": 0.89062, "y": 0.36389, "width": 0.06719, "height": 0.30833, "frame": 7900, "start": "0:04:23.596667", "end": "0:04:23.630033", "confidence": 0.0, "detection_class": null}, {"x": 0.89062, "y": 0.36389, "width": 0.06719, "height": 0.30833, "frame": 7901, "start": "0:04:23.630033", "end": "0:04:23.6634", "confidence": 0.866, "detection_class": "bottle"}, {"x": 0.89062, "y": 0.36389, "width": 0.06719, "height": 0.30833, "frame": 7902, "start": "0:04:23.6634", "end": "0:04:23.696767", "confidence": 0.0, "detection_class": null}, {"x": 0.89062, "y": 0.36389, "width": 0.06719, "height": 0.30833, "frame": 7903, "start": "0:04:23.696767", "end": "0:04:23.730133", "confidence": 0.0, "detection_class": null}, {"x": 0.89062, "y": 0.36389, "width": 0.06719, "height": 0.30833, "frame": 7904, "start": "0:04:23.730133", "end": "0:04:23.7635", "confidence": 0.0, "detection_class": null}, {"x": 0.89062, "y": 0.36389, "width": 0.06719, "height": 0.30833, "frame": 7905, "start": "0:04:23.7635", "end": "0:04:23.796867", "confidence": 0.0, "detection_class": null}, {"x": 0.89062, "y": 0.36389, "width": 0.06719, "height": 0.30833, "frame": 7906, "start": "0:04:23.796867", "end": "0:04:23.830233", "confidence": 0.867, "detection_class": "bottle"}, {"x": 0.89062, "y": 0.36389, "width": 0.06719, "height": 0.30833, "frame": 7907, "start": "0:04:23.830233", "end": "0:04:23.8636", "confidence": 0.0, "detection_class": null}, {"x": 0.89062, "y": 0.36389, "width": 0.06719, "height": 0.30833, "frame": 7908, "start": "0:04:23.8636", "end": "0:04:23.896967", "confidence": 0.867, "detection_class": "bottle"}]}], "low_confidence_results": []}