[{"DominantEmotion": {"Probability": 70.93697786331177, "Type": "Joy"}, "FusedResults": [{"Probability": 24.947404861450195, "Type": "Neutral"}, {"Probability": 70.93697786331177, "Type": "Joy"}, {"Probability": 2.326851151883602, "Type": "Anger"}, {"Probability": 0.5428538657724857, "Type": "Sad"}, {"Probability": 0.30022459104657173, "Type": "Fear"}], "LengthInSeconds": 30, "Text": "It has a beekeeping technology showcase and in its facilities is the elite collection of avocado for medium climate in Antioquia. Within the downtown area is the water treatment plant for the township and in its surroundings there are allies such as the fish station of the University of Antioquia and the frigorin\u00fas animal processing plant. The location of the N\u00fas in the central region of the country is strategic.", "TextualResults": [{"Probability": 0.24947404861450195, "Type": "Neutral"}, {"Probability": 0.7093697786331177, "Type": "Joy"}, {"Probability": 0.02326851151883602, "Type": "Anger"}, {"Probability": 0.005428538657724857, "Type": "Sad"}, {"Probability": 0.0030022459104657173, "Type": "Fear"}], "TimeRange": {"End": "00:03:50.6400000", "Start": "00:03:20.8400000"}, "VocalResults": [{"Probability": 0.24947404861450195, "Type": "Neutral"}, {"Probability": 0.7093697786331177, "Type": "Joy"}, {"Probability": 0.02326851151883602, "Type": "Anger"}, {"Probability": 0.005428538657724857, "Type": "Sad"}, {"Probability": 0.0030022459104657173, "Type": "Fear"}]}]