{"Fps":29.97,"Results":[{"FrameIndex":0,"Adult":{"isAdultContent":false,"isRacyContent":false,"isGoryContent":false,"adultScore":0.004221559502184391,"racyScore":0.004873715806752443,"goreScore":0.009506665170192719}},{"FrameIndex":30,"Adult":{"isAdultContent":false,"isRacyContent":false,"isGoryContent":false,"adultScore":0.0038360529579222202,"racyScore":0.004695054143667221,"goreScore":0.0010164552368223667}},{"FrameIndex":60,"Adult":{"isAdultContent":false,"isRacyContent":false,"isGoryContent":false,"adultScore":0.0017891000024974346,"racyScore":0.002508220262825489,"goreScore":0.0007784190820530057}},{"FrameIndex":90,"Adult":{"isAdultContent":false,"isRacyContent":false,"isGoryContent":false,"adultScore":0.0032504976261407137,"racyScore":0.004290726035833359,"goreScore":0.0010992956813424826}},{"FrameIndex":120,"Adult":{"isAdultContent":false,"isRacyContent":false,"isGoryContent":false,"adultScore":0.0009702134993858635,"racyScore":0.0018512437818571925,"goreScore":0.0005505630979314446}},{"FrameIndex":150,"Adult":{"isAdultContent":false,"isRacyContent":false,"isGoryContent":false,"adultScore":0.0011274131247773767,"racyScore":0.0018864296143874526,"goreScore":0.0006519685266539454}},{"FrameIndex":180,"Adult":{"isAdultContent":false,"isRacyContent":false,"isGoryContent":false,"adultScore":0.0012555377325043082,"racyScore":0.002111980924382806,"goreScore":0.0005227649235166609}},{"FrameIndex":210,"Adult":{"isAdultContent":false,"isRacyContent":false,"isGoryContent":false,"adultScore":0.0010235573863610625,"racyScore":0.0018676408799365163,"goreScore":0.0006440494325943291}},{"FrameIndex":240,"Adult":{"isAdultContent":false,"isRacyContent":false,"isGoryContent":false,"adultScore":0.0038800453767180443,"racyScore":0.008887449279427528,"goreScore":0.0005792741430923343}},{"FrameIndex":270,"Adult":{"isAdultContent":false,"isRacyContent":false,"isGoryContent":false,"adultScore":0.0026351572014391422,"racyScore":0.0042259874753654,"goreScore":0.0006816145032644272}},{"FrameIndex":300,"Adult":{"isAdultContent":false,"isRacyContent":false,"isGoryContent":false,"adultScore":0.0033263172954320908,"racyScore":0.009123613126575947,"goreScore":0.0004611158510670066}},{"FrameIndex":330,"Adult":{"isAdultContent":false,"isRacyContent":false,"isGoryContent":false,"adultScore":0.002083806786686182,"racyScore":0.005307283252477646,"goreScore":0.0010095132747665048}},{"FrameIndex":360,"Adult":{"isAdultContent":false,"isRacyContent":false,"isGoryContent":false,"adultScore":0.0026026589330285788,"racyScore":0.004577280022203922,"goreScore":0.0010471449932083488}},{"FrameIndex":390,"Adult":{"isAdultContent":false,"isRacyContent":false,"isGoryContent":false,"adultScore":0.0008432490867562592,"racyScore":0.001587477745488286,"goreScore":0.0008929481846280396}},{"FrameIndex":420,"Adult":{"isAdultContent":false,"isRacyContent":false,"isGoryContent":false,"adultScore":0.0011913314228877425,"racyScore":0.002481826115399599,"goreScore":0.0008586670737713575}},{"FrameIndex":450,"Adult":{"isAdultContent":false,"isRacyContent":false,"isGoryContent":false,"adultScore":0.0009366904268972576,"racyScore":0.0015887832269072533,"goreScore":0.0006686561973765492}},{"FrameIndex":480,"Adult":{"isAdultContent":false,"isRacyContent":false,"isGoryContent":false,"adultScore":0.001128692296333611,"racyScore":0.0020064390264451504,"goreScore":0.0006143365753814578}},{"FrameIndex":510,"Adult":{"isAdultContent":false,"isRacyContent":false,"isGoryContent":false,"adultScore":0.0013955052709206939,"racyScore":0.0024524549953639507,"goreScore":0.00048120052088052034}},{"FrameIndex":540,"Adult":{"isAdultContent":false,"isRacyContent":false,"isGoryContent":false,"adultScore":0.003460438922047615,"racyScore":0.0044714538380503654,"goreScore":0.0004624631837941706}},{"FrameIndex":570,"Adult":{"isAdultContent":false,"isRacyContent":false,"isGoryContent":false,"adultScore":0.0010676209349185228,"racyScore":0.0019396082498133183,"goreScore":0.0007120966329239309}},{"FrameIndex":600,"Adult":{"isAdultContent":false,"isRacyContent":false,"isGoryContent":false,"adultScore":0.0008561919676139951,"racyScore":0.001695476588793099,"goreScore":0.0007328767096623778}},{"FrameIndex":630,"Adult":{"isAdultContent":false,"isRacyContent":false,"isGoryContent":false,"adultScore":0.0007914307061582804,"racyScore":0.0019075055606663227,"goreScore":0.0024857923854142427}},{"FrameIndex":660,"Adult":{"isAdultContent":false,"isRacyContent":false,"isGoryContent":false,"adultScore":0.022156212478876114,"racyScore":0.038589220494031906,"goreScore":0.17679524421691895}},{"FrameIndex":690,"Adult":{"isAdultContent":false,"isRacyContent":false,"isGoryContent":false,"adultScore":0.08294221013784409,"racyScore":0.1068527102470398,"goreScore":0.13848716020584106}},{"FrameIndex":720,"Adult":{"isAdultContent":false,"isRacyContent":false,"isGoryContent":false,"adultScore":0.5236709117889404,"racyScore":0.6594356894493103,"goreScore":0.0511760376393795}},{"FrameIndex":750,"Adult":{"isAdultContent":false,"isRacyContent":false,"isGoryContent":false,"adultScore":0.018961260095238686,"racyScore":0.028747107833623886,"goreScore":0.12499070167541504}},{"FrameIndex":780,"Adult":{"isAdultContent":false,"isRacyContent":false,"isGoryContent":false,"adultScore":0.02535070851445198,"racyScore":0.04102613776922226,"goreScore":0.24040521681308746}},{"FrameIndex":810,"Adult":{"isAdultContent":false,"isRacyContent":false,"isGoryContent":false,"adultScore":0.015587863512337208,"racyScore":0.01776074804365635,"goreScore":0.08768773078918457}},{"FrameIndex":840,"Adult":{"isAdultContent":false,"isRacyContent":false,"isGoryContent":false,"adultScore":0.026197919622063637,"racyScore":0.028738219290971756,"goreScore":0.038205020129680634}},{"FrameIndex":870,"Adult":{"isAdultContent":false,"isRacyContent":false,"isGoryContent":false,"adultScore":0.01137361116707325,"racyScore":0.015271213836967945,"goreScore":0.08771881461143494}},{"FrameIndex":900,"Adult":{"isAdultContent":false,"isRacyContent":false,"isGoryContent":false,"adultScore":0.007095121778547764,"racyScore":0.010884088464081287,"goreScore":0.0006821398856118321}},{"FrameIndex":930,"Adult":{"isAdultContent":false,"isRacyContent":false,"isGoryContent":false,"adultScore":0.0015973899280652404,"racyScore":0.0027083521708846092,"goreScore":0.0008390210568904877}},{"FrameIndex":960,"Adult":{"isAdultContent":false,"isRacyContent":false,"isGoryContent":false,"adultScore":0.005757492035627365,"racyScore":0.012398353777825832,"goreScore":0.3068420886993408}},{"FrameIndex":990,"Adult":{"isAdultContent":false,"isRacyContent":false,"isGoryContent":false,"adultScore":0.0009636991890147328,"racyScore":0.004652966279536486,"goreScore":0.0037951820995658636}},{"FrameIndex":1020,"Adult":{"isAdultContent":false,"isRacyContent":false,"isGoryContent":false,"adultScore":0.0004788950318470597,"racyScore":0.0026429384015500546,"goreScore":0.001958840759471059}},{"FrameIndex":1050,"Adult":{"isAdultContent":false,"isRacyContent":false,"isGoryContent":false,"adultScore":0.001265352824702859,"racyScore":0.004953636787831783,"goreScore":0.0009643934899941087}},{"FrameIndex":1080,"Adult":{"isAdultContent":false,"isRacyContent":false,"isGoryContent":false,"adultScore":0.0025558227207511663,"racyScore":0.0044985320419073105,"goreScore":0.0003755622892640531}},{"FrameIndex":1110,"Adult":{"isAdultContent":false,"isRacyContent":false,"isGoryContent":false,"adultScore":0.0009982294868677855,"racyScore":0.0018267103005200624,"goreScore":0.0005874806665815413}},{"FrameIndex":1140,"Adult":{"isAdultContent":false,"isRacyContent":false,"isGoryContent":false,"adultScore":0.0077292765490710735,"racyScore":0.010147410444915295,"goreScore":0.00809570588171482}},{"FrameIndex":1170,"Adult":{"isAdultContent":false,"isRacyContent":false,"isGoryContent":false,"adultScore":0.006963701918721199,"racyScore":0.009241248480975628,"goreScore":0.007077554706484079}},{"FrameIndex":1200,"Adult":{"isAdultContent":false,"isRacyContent":false,"isGoryContent":false,"adultScore":0.006735336501151323,"racyScore":0.008659468963742256,"goreScore":0.00837630033493042}},{"FrameIndex":1230,"Adult":{"isAdultContent":false,"isRacyContent":false,"isGoryContent":false,"adultScore":0.008130366913974285,"racyScore":0.010509220883250237,"goreScore":0.07509992271661758}},{"FrameIndex":1260,"Adult":{"isAdultContent":false,"isRacyContent":false,"isGoryContent":false,"adultScore":0.009911959990859032,"racyScore":0.012062793597579002,"goreScore":0.08790969848632812}},{"FrameIndex":1290,"Adult":{"isAdultContent":false,"isRacyContent":false,"isGoryContent":false,"adultScore":0.02487168461084366,"racyScore":0.04925767332315445,"goreScore":0.4931420087814331}},{"FrameIndex":1320,"Adult":{"isAdultContent":false,"isRacyContent":false,"isGoryContent":false,"adultScore":0.07206591963768005,"racyScore":0.09679944813251495,"goreScore":0.5020866394042969}},{"FrameIndex":1350,"Adult":{"isAdultContent":false,"isRacyContent":false,"isGoryContent":false,"adultScore":0.02018418163061142,"racyScore":0.02712710201740265,"goreScore":0.4563017785549164}},{"FrameIndex":1380,"Adult":{"isAdultContent":false,"isRacyContent":false,"isGoryContent":false,"adultScore":0.598152756690979,"racyScore":0.8180187940597534,"goreScore":0.07869470119476318}},{"FrameIndex":1410,"Adult":{"isAdultContent":false,"isRacyContent":false,"isGoryContent":false,"adultScore":0.2564263641834259,"racyScore":0.3247803747653961,"goreScore":0.49075615406036377}},{"FrameIndex":1440,"Adult":{"isAdultContent":false,"isRacyContent":false,"isGoryContent":false,"adultScore":0.04367954283952713,"racyScore":0.0602789930999279,"goreScore":0.5412277579307556}},{"FrameIndex":1470,"Adult":{"isAdultContent":false,"isRacyContent":false,"isGoryContent":false,"adultScore":0.016768012195825577,"racyScore":0.018976036459207535,"goreScore":0.0372450016438961}},{"FrameIndex":1500,"Adult":{"isAdultContent":false,"isRacyContent":false,"isGoryContent":false,"adultScore":0.01851566694676876,"racyScore":0.022550418972969055,"goreScore":0.05066528543829918}},{"FrameIndex":1530,"Adult":{"isAdultContent":false,"isRacyContent":false,"isGoryContent":false,"adultScore":0.012414517812430859,"racyScore":0.015791641548275948,"goreScore":0.07927196472883224}},{"FrameIndex":1560,"Adult":{"isAdultContent":false,"isRacyContent":false,"isGoryContent":false,"adultScore":0.009945714846253395,"racyScore":0.012592034414410591,"goreScore":0.08213071525096893}},{"FrameIndex":1590,"Adult":{"isAdultContent":false,"isRacyContent":false,"isGoryContent":false,"adultScore":0.011900907382369041,"racyScore":0.015392604283988476,"goreScore":0.18855248391628265}},{"FrameIndex":1620,"Adult":{"isAdultContent":false,"isRacyContent":false,"isGoryContent":false,"adultScore":0.02141556143760681,"racyScore":0.02454986609518528,"goreScore":0.06409747153520584}},{"FrameIndex":1650,"Adult":{"isAdultContent":false,"isRacyContent":false,"isGoryContent":false,"adultScore":0.025972465053200722,"racyScore":0.02889411337673664,"goreScore":0.0580182783305645}},{"FrameIndex":1680,"Adult":{"isAdultContent":false,"isRacyContent":false,"isGoryContent":false,"adultScore":0.019324596971273422,"racyScore":0.024650253355503082,"goreScore":0.06826063245534897}},{"FrameIndex":1710,"Adult":{"isAdultContent":false,"isRacyContent":false,"isGoryContent":false,"adultScore":0.004004704300314188,"racyScore":0.00529321376234293,"goreScore":0.0004901699139736593}},{"FrameIndex":1740,"Adult":{"isAdultContent":false,"isRacyContent":false,"isGoryContent":false,"adultScore":0.004776315297931433,"racyScore":0.0059159668162465096,"goreScore":0.0005041903350502253}},{"FrameIndex":1770,"Adult":{"isAdultContent":false,"isRacyContent":false,"isGoryContent":false,"adultScore":0.00429565692320466,"racyScore":0.005069104954600334,"goreScore":0.0003471375093795359}},{"FrameIndex":1800,"Adult":{"isAdultContent":false,"isRacyContent":false,"isGoryContent":false,"adultScore":0.009145918302237988,"racyScore":0.01456514559686184,"goreScore":0.3682266175746918}},{"FrameIndex":1830,"Adult":{"isAdultContent":false,"isRacyContent":false,"isGoryContent":false,"adultScore":0.009502144530415535,"racyScore":0.019315946847200394,"goreScore":0.37694716453552246}},{"FrameIndex":1860,"Adult":{"isAdultContent":false,"isRacyContent":false,"isGoryContent":false,"adultScore":0.009055222384631634,"racyScore":0.015636729076504707,"goreScore":0.4469667375087738}},{"FrameIndex":1890,"Adult":{"isAdultContent":false,"isRacyContent":false,"isGoryContent":false,"adultScore":0.09849108755588531,"racyScore":0.161965012550354,"goreScore":0.2217513471841812}},{"FrameIndex":1920,"Adult":{"isAdultContent":false,"isRacyContent":false,"isGoryContent":false,"adultScore":0.056481022387742996,"racyScore":0.08033985644578934,"goreScore":0.5328037142753601}},{"FrameIndex":1950,"Adult":{"isAdultContent":false,"isRacyContent":false,"isGoryContent":false,"adultScore":0.016173653304576874,"racyScore":0.020192259922623634,"goreScore":0.1557934582233429}},{"FrameIndex":1980,"Adult":{"isAdultContent":false,"isRacyContent":false,"isGoryContent":false,"adultScore":0.011923695914447308,"racyScore":0.01685095950961113,"goreScore":0.19447244703769684}},{"FrameIndex":2010,"Adult":{"isAdultContent":false,"isRacyContent":false,"isGoryContent":false,"adultScore":0.023355629295110703,"racyScore":0.05866008996963501,"goreScore":0.011207622475922108}},{"FrameIndex":2040,"Adult":{"isAdultContent":false,"isRacyContent":false,"isGoryContent":false,"adultScore":0.006585852708667517,"racyScore":0.02092721499502659,"goreScore":0.017373614013195038}},{"FrameIndex":2070,"Adult":{"isAdultContent":false,"isRacyContent":false,"isGoryContent":false,"adultScore":0.1872129589319229,"racyScore":0.3107290267944336,"goreScore":0.06883034855127335}},{"FrameIndex":2100,"Adult":{"isAdultContent":false,"isRacyContent":false,"isGoryContent":false,"adultScore":0.0006424016901291907,"racyScore":0.0015817226376384497,"goreScore":0.00018029921920970082}},{"FrameIndex":2130,"Adult":{"isAdultContent":false,"isRacyContent":false,"isGoryContent":false,"adultScore":0.005821427796036005,"racyScore":0.015716679394245148,"goreScore":0.00047160941176116467}},{"FrameIndex":2160,"Adult":{"isAdultContent":false,"isRacyContent":false,"isGoryContent":false,"adultScore":0.004190407693386078,"racyScore":0.0054101357236504555,"goreScore":0.0006149298860691488}},{"FrameIndex":2190,"Adult":{"isAdultContent":false,"isRacyContent":false,"isGoryContent":false,"adultScore":0.003224140964448452,"racyScore":0.004966839216649532,"goreScore":0.0004976014606654644}},{"FrameIndex":2220,"Adult":{"isAdultContent":false,"isRacyContent":false,"isGoryContent":false,"adultScore":0.002099954755976796,"racyScore":0.004639342427253723,"goreScore":0.0004975325427949429}},{"FrameIndex":2250,"Adult":{"isAdultContent":false,"isRacyContent":false,"isGoryContent":false,"adultScore":0.005254137795418501,"racyScore":0.00696043623611331,"goreScore":0.0007985858828760684}},{"FrameIndex":2280,"Adult":{"isAdultContent":false,"isRacyContent":false,"isGoryContent":false,"adultScore":0.007972114719450474,"racyScore":0.009105090983211994,"goreScore":0.001207967521622777}},{"FrameIndex":2310,"Adult":{"isAdultContent":false,"isRacyContent":false,"isGoryContent":false,"adultScore":0.0068573737516999245,"racyScore":0.00790732353925705,"goreScore":0.0008232270483858883}},{"FrameIndex":2340,"Adult":{"isAdultContent":false,"isRacyContent":false,"isGoryContent":false,"adultScore":0.008286754600703716,"racyScore":0.009695515036582947,"goreScore":0.0011489609023556113}},{"FrameIndex":2370,"Adult":{"isAdultContent":false,"isRacyContent":false,"isGoryContent":false,"adultScore":0.006106865126639605,"racyScore":0.007206031121313572,"goreScore":0.0011718064779415727}},{"FrameIndex":2400,"Adult":{"isAdultContent":false,"isRacyContent":false,"isGoryContent":false,"adultScore":0.006328445393592119,"racyScore":0.007162555120885372,"goreScore":0.0006454841350205243}},{"FrameIndex":2430,"Adult":{"isAdultContent":false,"isRacyContent":false,"isGoryContent":false,"adultScore":0.053579263389110565,"racyScore":0.1314854919910431,"goreScore":0.011590410955250263}},{"FrameIndex":2460,"Adult":{"isAdultContent":false,"isRacyContent":false,"isGoryContent":false,"adultScore":0.00729316845536232,"racyScore":0.008596621453762054,"goreScore":0.0005659186863340437}},{"FrameIndex":2490,"Adult":{"isAdultContent":false,"isRacyContent":false,"isGoryContent":false,"adultScore":0.015127260237932205,"racyScore":0.016704348847270012,"goreScore":0.0015167136443778872}},{"FrameIndex":2520,"Adult":{"isAdultContent":false,"isRacyContent":false,"isGoryContent":false,"adultScore":0.016875362023711205,"racyScore":0.018925366923213005,"goreScore":0.0018835641676560044}},{"FrameIndex":2550,"Adult":{"isAdultContent":false,"isRacyContent":false,"isGoryContent":false,"adultScore":0.0058187092654407024,"racyScore":0.01717265695333481,"goreScore":0.002744911937043071}},{"FrameIndex":2580,"Adult":{"isAdultContent":false,"isRacyContent":false,"isGoryContent":false,"adultScore":0.0034919683821499348,"racyScore":0.009990055114030838,"goreScore":0.0008975958917289972}},{"FrameIndex":2610,"Adult":{"isAdultContent":false,"isRacyContent":false,"isGoryContent":false,"adultScore":0.010980552062392235,"racyScore":0.13109226524829865,"goreScore":0.002558700041845441}},{"FrameIndex":2640,"Adult":{"isAdultContent":false,"isRacyContent":false,"isGoryContent":false,"adultScore":0.005525672342628241,"racyScore":0.029332302510738373,"goreScore":0.0013696218375116587}},{"FrameIndex":2670,"Adult":{"isAdultContent":false,"isRacyContent":false,"isGoryContent":false,"adultScore":0.020057855173945427,"racyScore":0.06797890365123749,"goreScore":0.0029320591129362583}},{"FrameIndex":2700,"Adult":{"isAdultContent":false,"isRacyContent":false,"isGoryContent":false,"adultScore":0.07242732495069504,"racyScore":0.357482373714447,"goreScore":0.0032938469666987658}},{"FrameIndex":2730,"Adult":{"isAdultContent":false,"isRacyContent":false,"isGoryContent":false,"adultScore":0.03688586875796318,"racyScore":0.11578573286533356,"goreScore":0.008430653251707554}},{"FrameIndex":2760,"Adult":{"isAdultContent":false,"isRacyContent":false,"isGoryContent":false,"adultScore":0.3724071681499481,"racyScore":0.5202975273132324,"goreScore":0.007513610180467367}},{"FrameIndex":2790,"Adult":{"isAdultContent":false,"isRacyContent":false,"isGoryContent":false,"adultScore":0.007986309006810188,"racyScore":0.012160367332398891,"goreScore":0.027774574235081673}},{"FrameIndex":2820,"Adult":{"isAdultContent":false,"isRacyContent":false,"isGoryContent":false,"adultScore":0.02374446764588356,"racyScore":0.02946842834353447,"goreScore":0.1310769021511078}},{"FrameIndex":2850,"Adult":{"isAdultContent":false,"isRacyContent":false,"isGoryContent":false,"adultScore":0.01757068932056427,"racyScore":0.021913977339863777,"goreScore":0.07854412496089935}},{"FrameIndex":2880,"Adult":{"isAdultContent":false,"isRacyContent":false,"isGoryContent":false,"adultScore":0.016300223767757416,"racyScore":0.02240774780511856,"goreScore":0.12361647188663483}},{"FrameIndex":2910,"Adult":{"isAdultContent":false,"isRacyContent":false,"isGoryContent":false,"adultScore":0.0017542593413963914,"racyScore":0.0032932288013398647,"goreScore":0.004171526525169611}},{"FrameIndex":2940,"Adult":{"isAdultContent":false,"isRacyContent":false,"isGoryContent":false,"adultScore":0.002731594257056713,"racyScore":0.0050864629447460175,"goreScore":0.06911446154117584}},{"FrameIndex":2970,"Adult":{"isAdultContent":false,"isRacyContent":false,"isGoryContent":false,"adultScore":0.014091409742832184,"racyScore":0.019667960703372955,"goreScore":0.21910728514194489}},{"FrameIndex":3000,"Adult":{"isAdultContent":false,"isRacyContent":false,"isGoryContent":false,"adultScore":0.004579197149723768,"racyScore":0.005916989874094725,"goreScore":0.011513362638652325}},{"FrameIndex":3030,"Adult":{"isAdultContent":false,"isRacyContent":false,"isGoryContent":false,"adultScore":0.0011596933472901583,"racyScore":0.002077954588457942,"goreScore":0.0007495086756534874}},{"FrameIndex":3060,"Adult":{"isAdultContent":false,"isRacyContent":false,"isGoryContent":false,"adultScore":0.0011223092442378402,"racyScore":0.0020937516819685698,"goreScore":0.0008278427994810045}},{"FrameIndex":3090,"Adult":{"isAdultContent":false,"isRacyContent":false,"isGoryContent":false,"adultScore":0.0011446671560406685,"racyScore":0.0021472249645739794,"goreScore":0.0007611333858221769}},{"FrameIndex":3120,"Adult":{"isAdultContent":false,"isRacyContent":false,"isGoryContent":false,"adultScore":0.10616129636764526,"racyScore":0.1215674951672554,"goreScore":0.007707847282290459}},{"FrameIndex":3150,"Adult":{"isAdultContent":false,"isRacyContent":false,"isGoryContent":false,"adultScore":0.10816588997840881,"racyScore":0.12468789517879486,"goreScore":0.016014955937862396}},{"FrameIndex":3180,"Adult":{"isAdultContent":false,"isRacyContent":false,"isGoryContent":false,"adultScore":0.0012032841332256794,"racyScore":0.0020587092731148005,"goreScore":0.0005608790088444948}},{"FrameIndex":3210,"Adult":{"isAdultContent":false,"isRacyContent":false,"isGoryContent":false,"adultScore":0.0011335217859596014,"racyScore":0.001996115781366825,"goreScore":0.0006073826225474477}},{"FrameIndex":3240,"Adult":{"isAdultContent":false,"isRacyContent":false,"isGoryContent":false,"adultScore":0.00342614040710032,"racyScore":0.0056796022690832615,"goreScore":0.02908710204064846}},{"FrameIndex":3270,"Adult":{"isAdultContent":false,"isRacyContent":false,"isGoryContent":false,"adultScore":0.005627183709293604,"racyScore":0.008425570093095303,"goreScore":0.04382738098502159}},{"FrameIndex":3300,"Adult":{"isAdultContent":false,"isRacyContent":false,"isGoryContent":false,"adultScore":0.0010930283460766077,"racyScore":0.0019706524908542633,"goreScore":0.0006478085415437818}},{"FrameIndex":3330,"Adult":{"isAdultContent":false,"isRacyContent":false,"isGoryContent":false,"adultScore":0.0010665704030543566,"racyScore":0.0018844869919121265,"goreScore":0.0005963487201370299}},{"FrameIndex":3360,"Adult":{"isAdultContent":false,"isRacyContent":false,"isGoryContent":false,"adultScore":0.0011852049501612782,"racyScore":0.002060031285509467,"goreScore":0.00070590665563941}},{"FrameIndex":3390,"Adult":{"isAdultContent":false,"isRacyContent":false,"isGoryContent":false,"adultScore":0.001109834061935544,"racyScore":0.0022463160566985607,"goreScore":0.00100860430393368}},{"FrameIndex":3420,"Adult":{"isAdultContent":false,"isRacyContent":false,"isGoryContent":false,"adultScore":0.0011051843175664544,"racyScore":0.0024254480376839638,"goreScore":0.0010989659931510687}},{"FrameIndex":3450,"Adult":{"isAdultContent":false,"isRacyContent":false,"isGoryContent":false,"adultScore":0.0009911619126796722,"racyScore":0.002228234661743045,"goreScore":0.0010645664297044277}},{"FrameIndex":3480,"Adult":{"isAdultContent":false,"isRacyContent":false,"isGoryContent":false,"adultScore":0.0010701878927648067,"racyScore":0.0024031950160861015,"goreScore":0.001202329178340733}},{"FrameIndex":3510,"Adult":{"isAdultContent":false,"isRacyContent":false,"isGoryContent":false,"adultScore":0.001343836891464889,"racyScore":0.002823048271238804,"goreScore":0.0013067316031083465}},{"FrameIndex":3540,"Adult":{"isAdultContent":false,"isRacyContent":false,"isGoryContent":false,"adultScore":0.0013912332942709327,"racyScore":0.0025628171861171722,"goreScore":0.002294690115377307}},{"FrameIndex":3570,"Adult":{"isAdultContent":false,"isRacyContent":false,"isGoryContent":false,"adultScore":0.001971659017726779,"racyScore":0.003764569526538253,"goreScore":0.0024620485492050648}},{"FrameIndex":3600,"Adult":{"isAdultContent":false,"isRacyContent":false,"isGoryContent":false,"adultScore":0.001483492087572813,"racyScore":0.002772469539195299,"goreScore":0.003582285949960351}},{"FrameIndex":3630,"Adult":{"isAdultContent":false,"isRacyContent":false,"isGoryContent":false,"adultScore":0.0035974113270640373,"racyScore":0.005673295818269253,"goreScore":0.004808339290320873}},{"FrameIndex":3660,"Adult":{"isAdultContent":false,"isRacyContent":false,"isGoryContent":false,"adultScore":0.0014610084472224116,"racyScore":0.0024513727985322475,"goreScore":0.0005938461399637163}},{"FrameIndex":3690,"Adult":{"isAdultContent":false,"isRacyContent":false,"isGoryContent":false,"adultScore":0.0014791557332500815,"racyScore":0.0024970383383333683,"goreScore":0.0005769305280409753}},{"FrameIndex":3720,"Adult":{"isAdultContent":false,"isRacyContent":false,"isGoryContent":false,"adultScore":0.0013250133488327265,"racyScore":0.0022603883408010006,"goreScore":0.0006047271308489144}},{"FrameIndex":3750,"Adult":{"isAdultContent":false,"isRacyContent":false,"isGoryContent":false,"adultScore":0.0015415303641930223,"racyScore":0.002542228437960148,"goreScore":0.0006125051295384765}},{"FrameIndex":3780,"Adult":{"isAdultContent":false,"isRacyContent":false,"isGoryContent":false,"adultScore":0.007344725541770458,"racyScore":0.009614408016204834,"goreScore":0.2373017519712448}},{"FrameIndex":3810,"Adult":{"isAdultContent":false,"isRacyContent":false,"isGoryContent":false,"adultScore":0.002452514600008726,"racyScore":0.004459930118173361,"goreScore":0.0361316092312336}},{"FrameIndex":3840,"Adult":{"isAdultContent":false,"isRacyContent":false,"isGoryContent":false,"adultScore":0.0036883729044348,"racyScore":0.006546730641275644,"goreScore":0.12863074243068695}},{"FrameIndex":3870,"Adult":{"isAdultContent":false,"isRacyContent":false,"isGoryContent":false,"adultScore":0.009858231991529465,"racyScore":0.01228671707212925,"goreScore":0.19390086829662323}},{"FrameIndex":3900,"Adult":{"isAdultContent":false,"isRacyContent":false,"isGoryContent":false,"adultScore":0.007625945378094912,"racyScore":0.009759027510881424,"goreScore":0.22400975227355957}},{"FrameIndex":3930,"Adult":{"isAdultContent":false,"isRacyContent":false,"isGoryContent":false,"adultScore":0.007420307956635952,"racyScore":0.009505774825811386,"goreScore":0.15757355093955994}},{"FrameIndex":3960,"Adult":{"isAdultContent":false,"isRacyContent":false,"isGoryContent":false,"adultScore":0.002564183669164777,"racyScore":0.003575595561414957,"goreScore":0.012213382869958878}},{"FrameIndex":3990,"Adult":{"isAdultContent":false,"isRacyContent":false,"isGoryContent":false,"adultScore":0.0036119320429861546,"racyScore":0.004740593023598194,"goreScore":0.018372317776083946}},{"FrameIndex":4020,"Adult":{"isAdultContent":false,"isRacyContent":false,"isGoryContent":false,"adultScore":0.002947554923593998,"racyScore":0.004007876850664616,"goreScore":0.01866917312145233}},{"FrameIndex":4050,"Adult":{"isAdultContent":false,"isRacyContent":false,"isGoryContent":false,"adultScore":0.007577864918857813,"racyScore":0.009694362059235573,"goreScore":0.11860427260398865}},{"FrameIndex":4080,"Adult":{"isAdultContent":false,"isRacyContent":false,"isGoryContent":false,"adultScore":0.008380426093935966,"racyScore":0.010388840921223164,"goreScore":0.17026619613170624}},{"FrameIndex":4110,"Adult":{"isAdultContent":false,"isRacyContent":false,"isGoryContent":false,"adultScore":0.006566923577338457,"racyScore":0.008731266483664513,"goreScore":0.14527852833271027}},{"FrameIndex":4140,"Adult":{"isAdultContent":false,"isRacyContent":false,"isGoryContent":false,"adultScore":0.007469796109944582,"racyScore":0.009449806064367294,"goreScore":0.1481599360704422}},{"FrameIndex":4170,"Adult":{"isAdultContent":false,"isRacyContent":false,"isGoryContent":false,"adultScore":0.0077468277886509895,"racyScore":0.009965083561837673,"goreScore":0.1608184427022934}},{"FrameIndex":4200,"Adult":{"isAdultContent":false,"isRacyContent":false,"isGoryContent":false,"adultScore":0.00915741827338934,"racyScore":0.011308461427688599,"goreScore":0.11754210293292999}},{"FrameIndex":4230,"Adult":{"isAdultContent":false,"isRacyContent":false,"isGoryContent":false,"adultScore":0.007928534410893917,"racyScore":0.01027583610266447,"goreScore":0.1267833411693573}},{"FrameIndex":4260,"Adult":{"isAdultContent":false,"isRacyContent":false,"isGoryContent":false,"adultScore":0.008554943837225437,"racyScore":0.011079858057200909,"goreScore":0.1677442491054535}},{"FrameIndex":4290,"Adult":{"isAdultContent":false,"isRacyContent":false,"isGoryContent":false,"adultScore":0.008266091346740723,"racyScore":0.010922432877123356,"goreScore":0.15719957649707794}},{"FrameIndex":4320,"Adult":{"isAdultContent":false,"isRacyContent":false,"isGoryContent":false,"adultScore":0.009986639022827148,"racyScore":0.012856977991759777,"goreScore":0.17743758857250214}},{"FrameIndex":4350,"Adult":{"isAdultContent":false,"isRacyContent":false,"isGoryContent":false,"adultScore":0.007267634384334087,"racyScore":0.009650900959968567,"goreScore":0.13489243388175964}},{"FrameIndex":4380,"Adult":{"isAdultContent":false,"isRacyContent":false,"isGoryContent":false,"adultScore":0.007565231062471867,"racyScore":0.00982866995036602,"goreScore":0.157165989279747}},{"FrameIndex":4410,"Adult":{"isAdultContent":false,"isRacyContent":false,"isGoryContent":false,"adultScore":0.007416094187647104,"racyScore":0.009958021342754364,"goreScore":0.14777080714702606}},{"FrameIndex":4440,"Adult":{"isAdultContent":false,"isRacyContent":false,"isGoryContent":false,"adultScore":0.058537621051073074,"racyScore":0.08620163798332214,"goreScore":0.05342426151037216}},{"FrameIndex":4470,"Adult":{"isAdultContent":false,"isRacyContent":false,"isGoryContent":false,"adultScore":0.010094969533383846,"racyScore":0.015250131487846375,"goreScore":0.2144794911146164}},{"FrameIndex":4500,"Adult":{"isAdultContent":false,"isRacyContent":false,"isGoryContent":false,"adultScore":0.012865751050412655,"racyScore":0.019221682101488113,"goreScore":0.5593603849411011}},{"FrameIndex":4530,"Adult":{"isAdultContent":false,"isRacyContent":false,"isGoryContent":false,"adultScore":0.012570904567837715,"racyScore":0.016892028972506523,"goreScore":0.48033037781715393}},{"FrameIndex":4560,"Adult":{"isAdultContent":false,"isRacyContent":false,"isGoryContent":false,"adultScore":0.010779570788145065,"racyScore":0.015290509909391403,"goreScore":0.4663980007171631}},{"FrameIndex":4590,"Adult":{"isAdultContent":false,"isRacyContent":false,"isGoryContent":false,"adultScore":0.011271845549345016,"racyScore":0.017914140596985817,"goreScore":0.35407742857933044}},{"FrameIndex":4620,"Adult":{"isAdultContent":false,"isRacyContent":false,"isGoryContent":false,"adultScore":0.0186163280159235,"racyScore":0.026219109073281288,"goreScore":0.3207199275493622}},{"FrameIndex":4650,"Adult":{"isAdultContent":false,"isRacyContent":false,"isGoryContent":false,"adultScore":0.012100182473659515,"racyScore":0.017532892525196075,"goreScore":0.42464375495910645}},{"FrameIndex":4680,"Adult":{"isAdultContent":false,"isRacyContent":false,"isGoryContent":false,"adultScore":0.01258978433907032,"racyScore":0.018427355214953423,"goreScore":0.3041791021823883}},{"FrameIndex":4710,"Adult":{"isAdultContent":false,"isRacyContent":false,"isGoryContent":false,"adultScore":0.03483147919178009,"racyScore":0.058947041630744934,"goreScore":0.011294395662844181}},{"FrameIndex":4740,"Adult":{"isAdultContent":false,"isRacyContent":false,"isGoryContent":false,"adultScore":0.04782960191369057,"racyScore":0.08851379156112671,"goreScore":0.24687284231185913}},{"FrameIndex":4770,"Adult":{"isAdultContent":false,"isRacyContent":false,"isGoryContent":false,"adultScore":0.011462938040494919,"racyScore":0.015165384858846664,"goreScore":0.10370825976133347}},{"FrameIndex":4800,"Adult":{"isAdultContent":false,"isRacyContent":false,"isGoryContent":false,"adultScore":0.00797631312161684,"racyScore":0.011043654754757881,"goreScore":0.10106904804706573}},{"FrameIndex":4830,"Adult":{"isAdultContent":false,"isRacyContent":false,"isGoryContent":false,"adultScore":0.007094522472470999,"racyScore":0.010260630398988724,"goreScore":0.10374944657087326}},{"FrameIndex":4860,"Adult":{"isAdultContent":false,"isRacyContent":false,"isGoryContent":false,"adultScore":0.01408462692052126,"racyScore":0.02175987884402275,"goreScore":0.5248593091964722}},{"FrameIndex":4890,"Adult":{"isAdultContent":false,"isRacyContent":false,"isGoryContent":false,"adultScore":0.015577486716210842,"racyScore":0.022417394444346428,"goreScore":0.5396173000335693}},{"FrameIndex":4920,"Adult":{"isAdultContent":false,"isRacyContent":false,"isGoryContent":true,"adultScore":0.013691339641809464,"racyScore":0.021304961293935776,"goreScore":0.5935223698616028}},{"FrameIndex":4950,"Adult":{"isAdultContent":false,"isRacyContent":false,"isGoryContent":false,"adultScore":0.014690861105918884,"racyScore":0.0213923342525959,"goreScore":0.5382718443870544}},{"FrameIndex":4980,"Adult":{"isAdultContent":false,"isRacyContent":false,"isGoryContent":false,"adultScore":0.009757994674146175,"racyScore":0.01497441716492176,"goreScore":0.48941996693611145}},{"FrameIndex":5010,"Adult":{"isAdultContent":false,"isRacyContent":false,"isGoryContent":false,"adultScore":0.00876956433057785,"racyScore":0.014205841347575188,"goreScore":0.5188241600990295}},{"FrameIndex":5040,"Adult":{"isAdultContent":false,"isRacyContent":false,"isGoryContent":false,"adultScore":0.007785656023770571,"racyScore":0.013871295377612114,"goreScore":0.5264603495597839}},{"FrameIndex":5070,"Adult":{"isAdultContent":false,"isRacyContent":false,"isGoryContent":false,"adultScore":0.0025242003612220287,"racyScore":0.003262793179601431,"goreScore":0.0011353356530889869}},{"FrameIndex":5100,"Adult":{"isAdultContent":false,"isRacyContent":false,"isGoryContent":false,"adultScore":0.002356506185606122,"racyScore":0.00313682877458632,"goreScore":0.0012423304142430425}},{"FrameIndex":5130,"Adult":{"isAdultContent":false,"isRacyContent":false,"isGoryContent":false,"adultScore":0.0015284577384591103,"racyScore":0.002301562111824751,"goreScore":0.001041572424583137}},{"FrameIndex":5160,"Adult":{"isAdultContent":false,"isRacyContent":false,"isGoryContent":false,"adultScore":0.015269067138433456,"racyScore":0.03265077620744705,"goreScore":0.3546935021877289}},{"FrameIndex":5190,"Adult":{"isAdultContent":false,"isRacyContent":false,"isGoryContent":false,"adultScore":0.009569017216563225,"racyScore":0.014778880402445793,"goreScore":0.5471751093864441}},{"FrameIndex":5220,"Adult":{"isAdultContent":false,"isRacyContent":false,"isGoryContent":false,"adultScore":0.023636549711227417,"racyScore":0.028113339096307755,"goreScore":0.06894143670797348}},{"FrameIndex":5250,"Adult":{"isAdultContent":false,"isRacyContent":false,"isGoryContent":false,"adultScore":0.03097587637603283,"racyScore":0.039258502423763275,"goreScore":0.08825574070215225}},{"FrameIndex":5280,"Adult":{"isAdultContent":false,"isRacyContent":false,"isGoryContent":false,"adultScore":0.010337681509554386,"racyScore":0.011587666347622871,"goreScore":0.014429007656872272}},{"FrameIndex":5310,"Adult":{"isAdultContent":false,"isRacyContent":false,"isGoryContent":false,"adultScore":0.027925211936235428,"racyScore":0.06342730671167374,"goreScore":0.49847349524497986}},{"FrameIndex":5340,"Adult":{"isAdultContent":false,"isRacyContent":false,"isGoryContent":false,"adultScore":0.01818937249481678,"racyScore":0.03450750932097435,"goreScore":0.4710339307785034}},{"FrameIndex":5370,"Adult":{"isAdultContent":false,"isRacyContent":false,"isGoryContent":false,"adultScore":0.013668953441083431,"racyScore":0.018782522529363632,"goreScore":0.5731498003005981}},{"FrameIndex":5400,"Adult":{"isAdultContent":false,"isRacyContent":false,"isGoryContent":false,"adultScore":0.014333374798297882,"racyScore":0.01982886530458927,"goreScore":0.552187979221344}},{"FrameIndex":5430,"Adult":{"isAdultContent":false,"isRacyContent":false,"isGoryContent":true,"adultScore":0.01379670761525631,"racyScore":0.018846917897462845,"goreScore":0.5944496393203735}},{"FrameIndex":5460,"Adult":{"isAdultContent":false,"isRacyContent":false,"isGoryContent":false,"adultScore":0.0010312770027667284,"racyScore":0.0019471854902803898,"goreScore":0.002600091742351651}},{"FrameIndex":5490,"Adult":{"isAdultContent":false,"isRacyContent":false,"isGoryContent":false,"adultScore":0.0007924490491859615,"racyScore":0.0015645150560885668,"goreScore":0.0014850932639092207}},{"FrameIndex":5520,"Adult":{"isAdultContent":false,"isRacyContent":false,"isGoryContent":false,"adultScore":0.0008092907373793423,"racyScore":0.0016356529667973518,"goreScore":0.001638634828850627}},{"FrameIndex":5550,"Adult":{"isAdultContent":false,"isRacyContent":false,"isGoryContent":false,"adultScore":0.00825859047472477,"racyScore":0.011972874402999878,"goreScore":0.5672478079795837}},{"FrameIndex":5580,"Adult":{"isAdultContent":false,"isRacyContent":false,"isGoryContent":false,"adultScore":0.00725120073184371,"racyScore":0.010967124253511429,"goreScore":0.5789509415626526}},{"FrameIndex":5610,"Adult":{"isAdultContent":false,"isRacyContent":false,"isGoryContent":false,"adultScore":0.007958709262311459,"racyScore":0.011540436185896397,"goreScore":0.5566085577011108}},{"FrameIndex":5640,"Adult":{"isAdultContent":false,"isRacyContent":false,"isGoryContent":false,"adultScore":0.000878028164152056,"racyScore":0.0016074873274192214,"goreScore":0.0002747917897067964}},{"FrameIndex":5670,"Adult":{"isAdultContent":false,"isRacyContent":false,"isGoryContent":false,"adultScore":0.0036603561602532864,"racyScore":0.005172139964997768,"goreScore":0.0008763875812292099}},{"FrameIndex":5700,"Adult":{"isAdultContent":false,"isRacyContent":false,"isGoryContent":false,"adultScore":0.008216566406190395,"racyScore":0.01123720407485962,"goreScore":0.0017572332872077823}},{"FrameIndex":5730,"Adult":{"isAdultContent":false,"isRacyContent":false,"isGoryContent":false,"adultScore":0.011089161969721317,"racyScore":0.01593724638223648,"goreScore":0.000891421630512923}},{"FrameIndex":5760,"Adult":{"isAdultContent":false,"isRacyContent":false,"isGoryContent":false,"adultScore":0.008624570444226265,"racyScore":0.013472627848386765,"goreScore":0.00082674395525828}},{"FrameIndex":5790,"Adult":{"isAdultContent":false,"isRacyContent":false,"isGoryContent":false,"adultScore":0.008505947887897491,"racyScore":0.012587983161211014,"goreScore":0.001108258031308651}},{"FrameIndex":5820,"Adult":{"isAdultContent":false,"isRacyContent":false,"isGoryContent":false,"adultScore":0.00741375470533967,"racyScore":0.011009936220943928,"goreScore":0.0011923115234822035}},{"FrameIndex":5850,"Adult":{"isAdultContent":false,"isRacyContent":false,"isGoryContent":false,"adultScore":0.0020181466825306416,"racyScore":0.003182115964591503,"goreScore":0.000486434088088572}},{"FrameIndex":5880,"Adult":{"isAdultContent":false,"isRacyContent":false,"isGoryContent":false,"adultScore":0.006847858894616365,"racyScore":0.01122618094086647,"goreScore":0.000644551997538656}},{"FrameIndex":5910,"Adult":{"isAdultContent":false,"isRacyContent":false,"isGoryContent":false,"adultScore":0.010311252437531948,"racyScore":0.0160822756588459,"goreScore":0.0008172394591383636}},{"FrameIndex":5940,"Adult":{"isAdultContent":false,"isRacyContent":false,"isGoryContent":false,"adultScore":0.004042105283588171,"racyScore":0.00804485846310854,"goreScore":0.0006824059528298676}},{"FrameIndex":5970,"Adult":{"isAdultContent":false,"isRacyContent":false,"isGoryContent":false,"adultScore":0.005273293703794479,"racyScore":0.01117522083222866,"goreScore":0.0008295560837723315}},{"FrameIndex":6000,"Adult":{"isAdultContent":false,"isRacyContent":false,"isGoryContent":false,"adultScore":0.0015096308197826147,"racyScore":0.0026953788474202156,"goreScore":0.0004615110519807786}},{"FrameIndex":6030,"Adult":{"isAdultContent":false,"isRacyContent":false,"isGoryContent":false,"adultScore":0.0068327211774885654,"racyScore":0.013966656289994717,"goreScore":0.0010492627043277025}},{"FrameIndex":6060,"Adult":{"isAdultContent":false,"isRacyContent":false,"isGoryContent":false,"adultScore":0.004297539591789246,"racyScore":0.00945122167468071,"goreScore":0.000657585624139756}},{"FrameIndex":6090,"Adult":{"isAdultContent":false,"isRacyContent":false,"isGoryContent":false,"adultScore":0.004118512850254774,"racyScore":0.01001639012247324,"goreScore":0.0006431121146306396}},{"FrameIndex":6120,"Adult":{"isAdultContent":false,"isRacyContent":false,"isGoryContent":false,"adultScore":0.004087364766746759,"racyScore":0.0096812155097723,"goreScore":0.0006574379513040185}},{"FrameIndex":6150,"Adult":{"isAdultContent":false,"isRacyContent":false,"isGoryContent":false,"adultScore":0.004626784007996321,"racyScore":0.010981584899127483,"goreScore":0.000706173072103411}},{"FrameIndex":6180,"Adult":{"isAdultContent":false,"isRacyContent":false,"isGoryContent":false,"adultScore":0.00788934901356697,"racyScore":0.010919095948338509,"goreScore":0.0015112659893929958}},{"FrameIndex":6210,"Adult":{"isAdultContent":false,"isRacyContent":false,"isGoryContent":false,"adultScore":0.007567660883069038,"racyScore":0.010122276842594147,"goreScore":0.0014108290197327733}},{"FrameIndex":6240,"Adult":{"isAdultContent":false,"isRacyContent":false,"isGoryContent":false,"adultScore":0.007343179080635309,"racyScore":0.009641285985708237,"goreScore":0.0013862877385690808}},{"FrameIndex":6270,"Adult":{"isAdultContent":false,"isRacyContent":false,"isGoryContent":false,"adultScore":0.00576713215559721,"racyScore":0.007202364504337311,"goreScore":0.00188349443487823}},{"FrameIndex":6300,"Adult":{"isAdultContent":false,"isRacyContent":false,"isGoryContent":false,"adultScore":0.005275951698422432,"racyScore":0.006555789150297642,"goreScore":0.001907031866721809}},{"FrameIndex":6330,"Adult":{"isAdultContent":false,"isRacyContent":false,"isGoryContent":false,"adultScore":0.005478845909237862,"racyScore":0.006727030035108328,"goreScore":0.0020346229430288076}},{"FrameIndex":6360,"Adult":{"isAdultContent":false,"isRacyContent":false,"isGoryContent":false,"adultScore":0.0072840251959860325,"racyScore":0.009243465028703213,"goreScore":0.0023085728753358126}},{"FrameIndex":6390,"Adult":{"isAdultContent":false,"isRacyContent":false,"isGoryContent":false,"adultScore":0.00418336084112525,"racyScore":0.0054662879556417465,"goreScore":0.001641904003918171}},{"FrameIndex":6420,"Adult":{"isAdultContent":false,"isRacyContent":false,"isGoryContent":false,"adultScore":0.0035871912259608507,"racyScore":0.004577272105962038,"goreScore":0.0013744467869400978}},{"FrameIndex":6450,"Adult":{"isAdultContent":false,"isRacyContent":false,"isGoryContent":false,"adultScore":0.0032147574238479137,"racyScore":0.004074040800333023,"goreScore":0.001567015890032053}},{"FrameIndex":6480,"Adult":{"isAdultContent":false,"isRacyContent":false,"isGoryContent":false,"adultScore":0.006479914300143719,"racyScore":0.009143833070993423,"goreScore":0.001495814649388194}},{"FrameIndex":6510,"Adult":{"isAdultContent":false,"isRacyContent":false,"isGoryContent":false,"adultScore":0.0027421917766332626,"racyScore":0.0037908386439085007,"goreScore":0.004060333129018545}},{"FrameIndex":6540,"Adult":{"isAdultContent":false,"isRacyContent":false,"isGoryContent":false,"adultScore":0.0020395091269165277,"racyScore":0.0030405570287257433,"goreScore":0.002916160272434354}},{"FrameIndex":6570,"Adult":{"isAdultContent":false,"isRacyContent":false,"isGoryContent":false,"adultScore":0.015086008235812187,"racyScore":0.02026415802538395,"goreScore":0.0005253372946754098}},{"FrameIndex":6600,"Adult":{"isAdultContent":false,"isRacyContent":false,"isGoryContent":false,"adultScore":0.01783141680061817,"racyScore":0.0205763541162014,"goreScore":0.0009303703554905951}},{"FrameIndex":6630,"Adult":{"isAdultContent":false,"isRacyContent":false,"isGoryContent":false,"adultScore":0.03824017569422722,"racyScore":0.04437738284468651,"goreScore":0.0018196989549323916}},{"FrameIndex":6660,"Adult":{"isAdultContent":false,"isRacyContent":false,"isGoryContent":false,"adultScore":0.024383176118135452,"racyScore":0.03411564603447914,"goreScore":0.0022079143673181534}},{"FrameIndex":6690,"Adult":{"isAdultContent":false,"isRacyContent":false,"isGoryContent":false,"adultScore":0.027590546756982803,"racyScore":0.053813546895980835,"goreScore":0.0029748384840786457}},{"FrameIndex":6720,"Adult":{"isAdultContent":false,"isRacyContent":false,"isGoryContent":false,"adultScore":0.47460150718688965,"racyScore":0.6656772494316101,"goreScore":0.0053473846055567265}},{"FrameIndex":6750,"Adult":{"isAdultContent":false,"isRacyContent":false,"isGoryContent":false,"adultScore":0.3344872295856476,"racyScore":0.4963083863258362,"goreScore":0.004501583520323038}},{"FrameIndex":6780,"Adult":{"isAdultContent":false,"isRacyContent":false,"isGoryContent":false,"adultScore":0.6697962284088135,"racyScore":0.7948781251907349,"goreScore":0.003725855378434062}},{"FrameIndex":6810,"Adult":{"isAdultContent":false,"isRacyContent":false,"isGoryContent":false,"adultScore":0.45365750789642334,"racyScore":0.6200481653213501,"goreScore":0.004591307137161493}},{"FrameIndex":6840,"Adult":{"isAdultContent":false,"isRacyContent":false,"isGoryContent":false,"adultScore":0.002752166474238038,"racyScore":0.004725664854049683,"goreScore":0.0010834954446181655}},{"FrameIndex":6870,"Adult":{"isAdultContent":false,"isRacyContent":false,"isGoryContent":false,"adultScore":0.07834526151418686,"racyScore":0.1137232556939125,"goreScore":0.009774305857717991}},{"FrameIndex":6900,"Adult":{"isAdultContent":false,"isRacyContent":false,"isGoryContent":false,"adultScore":0.020088408142328262,"racyScore":0.032385192811489105,"goreScore":0.0037459107115864754}},{"FrameIndex":6930,"Adult":{"isAdultContent":false,"isRacyContent":false,"isGoryContent":false,"adultScore":0.020353317260742188,"racyScore":0.03833116963505745,"goreScore":0.003882740158587694}},{"FrameIndex":6960,"Adult":{"isAdultContent":false,"isRacyContent":false,"isGoryContent":false,"adultScore":0.023942673578858376,"racyScore":0.02711286023259163,"goreScore":0.06445804238319397}},{"FrameIndex":6990,"Adult":{"isAdultContent":false,"isRacyContent":false,"isGoryContent":false,"adultScore":0.009763491339981556,"racyScore":0.015567509457468987,"goreScore":0.001244208193384111}},{"FrameIndex":7020,"Adult":{"isAdultContent":false,"isRacyContent":false,"isGoryContent":false,"adultScore":0.00484344270080328,"racyScore":0.006901476066559553,"goreScore":0.0014465601416304708}},{"FrameIndex":7050,"Adult":{"isAdultContent":false,"isRacyContent":false,"isGoryContent":false,"adultScore":0.002400713972747326,"racyScore":0.00379934161901474,"goreScore":0.0008087043534033}},{"FrameIndex":7080,"Adult":{"isAdultContent":false,"isRacyContent":false,"isGoryContent":false,"adultScore":0.004487630911171436,"racyScore":0.007719480432569981,"goreScore":0.0009072238462977111}},{"FrameIndex":7110,"Adult":{"isAdultContent":false,"isRacyContent":false,"isGoryContent":false,"adultScore":0.0037271669134497643,"racyScore":0.007321295328438282,"goreScore":0.0007767738425172865}},{"FrameIndex":7140,"Adult":{"isAdultContent":false,"isRacyContent":false,"isGoryContent":false,"adultScore":0.0021461143624037504,"racyScore":0.004328803159296513,"goreScore":0.0007827153895050287}},{"FrameIndex":7170,"Adult":{"isAdultContent":false,"isRacyContent":false,"isGoryContent":false,"adultScore":0.003400574205443263,"racyScore":0.00680095050483942,"goreScore":0.0008285237709060311}},{"FrameIndex":7200,"Adult":{"isAdultContent":false,"isRacyContent":false,"isGoryContent":false,"adultScore":0.0033592653926461935,"racyScore":0.004240263719111681,"goreScore":0.0023742886260151863}},{"FrameIndex":7230,"Adult":{"isAdultContent":false,"isRacyContent":false,"isGoryContent":false,"adultScore":0.009500458836555481,"racyScore":0.012216044589877129,"goreScore":0.001967561198398471}},{"FrameIndex":7260,"Adult":{"isAdultContent":false,"isRacyContent":false,"isGoryContent":false,"adultScore":0.010098216123878956,"racyScore":0.012488314881920815,"goreScore":0.0021665943786501884}},{"FrameIndex":7290,"Adult":{"isAdultContent":false,"isRacyContent":false,"isGoryContent":false,"adultScore":0.01366257295012474,"racyScore":0.01674811914563179,"goreScore":0.0014351411955431104}},{"FrameIndex":7320,"Adult":{"isAdultContent":false,"isRacyContent":false,"isGoryContent":false,"adultScore":0.010429056361317635,"racyScore":0.013452301733195782,"goreScore":0.0013276694808155298}},{"FrameIndex":7350,"Adult":{"isAdultContent":false,"isRacyContent":false,"isGoryContent":false,"adultScore":0.008891317062079906,"racyScore":0.01112311240285635,"goreScore":0.0011990608181804419}},{"FrameIndex":7380,"Adult":{"isAdultContent":false,"isRacyContent":false,"isGoryContent":false,"adultScore":0.016494544222950935,"racyScore":0.01880139671266079,"goreScore":0.001839257194660604}},{"FrameIndex":7410,"Adult":{"isAdultContent":false,"isRacyContent":false,"isGoryContent":false,"adultScore":0.01895749196410179,"racyScore":0.021528039127588272,"goreScore":0.0020179220009595156}},{"FrameIndex":7440,"Adult":{"isAdultContent":false,"isRacyContent":false,"isGoryContent":false,"adultScore":0.020859811455011368,"racyScore":0.02366277389228344,"goreScore":0.002161417854949832}},{"FrameIndex":7470,"Adult":{"isAdultContent":false,"isRacyContent":false,"isGoryContent":false,"adultScore":0.021535279229283333,"racyScore":0.02456902153789997,"goreScore":0.0022105674725025892}},{"FrameIndex":7500,"Adult":{"isAdultContent":false,"isRacyContent":false,"isGoryContent":false,"adultScore":0.01157422736287117,"racyScore":0.014700436033308506,"goreScore":0.0016942507354542613}},{"FrameIndex":7530,"Adult":{"isAdultContent":false,"isRacyContent":false,"isGoryContent":false,"adultScore":0.012306555174291134,"racyScore":0.01425227802246809,"goreScore":0.0014965011505410075}},{"FrameIndex":7560,"Adult":{"isAdultContent":false,"isRacyContent":false,"isGoryContent":false,"adultScore":0.01542728766798973,"racyScore":0.017419107258319855,"goreScore":0.0013519312487915158}},{"FrameIndex":7590,"Adult":{"isAdultContent":false,"isRacyContent":false,"isGoryContent":false,"adultScore":0.013016430661082268,"racyScore":0.015106763690710068,"goreScore":0.0012705897679552436}},{"FrameIndex":7620,"Adult":{"isAdultContent":false,"isRacyContent":false,"isGoryContent":false,"adultScore":0.011015262454748154,"racyScore":0.013319476507604122,"goreScore":0.0010882478673011065}},{"FrameIndex":7650,"Adult":{"isAdultContent":false,"isRacyContent":false,"isGoryContent":false,"adultScore":0.015206885524094105,"racyScore":0.017688829451799393,"goreScore":0.0013736191904172301}},{"FrameIndex":7680,"Adult":{"isAdultContent":false,"isRacyContent":false,"isGoryContent":false,"adultScore":0.016682306304574013,"racyScore":0.01942920684814453,"goreScore":0.0017227098578587174}},{"FrameIndex":7710,"Adult":{"isAdultContent":false,"isRacyContent":false,"isGoryContent":false,"adultScore":0.007959208451211452,"racyScore":0.012550579383969307,"goreScore":0.001865234225988388}},{"FrameIndex":7740,"Adult":{"isAdultContent":false,"isRacyContent":false,"isGoryContent":false,"adultScore":0.006058170460164547,"racyScore":0.010021147318184376,"goreScore":0.0010072262957692146}},{"FrameIndex":7770,"Adult":{"isAdultContent":false,"isRacyContent":false,"isGoryContent":false,"adultScore":0.010282480157911777,"racyScore":0.023685965687036514,"goreScore":0.0013719219714403152}},{"FrameIndex":7800,"Adult":{"isAdultContent":false,"isRacyContent":false,"isGoryContent":false,"adultScore":0.001610145322047174,"racyScore":0.0027389125898480415,"goreScore":0.0005197513964958489}},{"FrameIndex":7830,"Adult":{"isAdultContent":false,"isRacyContent":false,"isGoryContent":false,"adultScore":0.0019183557014912367,"racyScore":0.0030401661060750484,"goreScore":0.0005773843731731176}},{"FrameIndex":7860,"Adult":{"isAdultContent":false,"isRacyContent":false,"isGoryContent":false,"adultScore":0.0016979897627606988,"racyScore":0.0028128798585385084,"goreScore":0.0006055973935872316}},{"FrameIndex":7890,"Adult":{"isAdultContent":false,"isRacyContent":false,"isGoryContent":false,"adultScore":0.00129280099645257,"racyScore":0.002409624867141247,"goreScore":0.0007585510611534119}},{"FrameIndex":7920,"Adult":{"isAdultContent":false,"isRacyContent":false,"isGoryContent":false,"adultScore":0.0013479221379384398,"racyScore":0.0023410082794725895,"goreScore":0.0007679903064854443}},{"FrameIndex":7950,"Adult":{"isAdultContent":false,"isRacyContent":false,"isGoryContent":false,"adultScore":0.00035157648380845785,"racyScore":0.0006782602285966277,"goreScore":0.00017031263269018382}},{"FrameIndex":7980,"Adult":{"isAdultContent":false,"isRacyContent":false,"isGoryContent":false,"adultScore":0.001190445851534605,"racyScore":0.00198949733749032,"goreScore":0.0007722317823208869}},{"FrameIndex":8010,"Adult":{"isAdultContent":false,"isRacyContent":false,"isGoryContent":false,"adultScore":0.0035031638108193874,"racyScore":0.013194156810641289,"goreScore":0.0009718133369460702}},{"FrameIndex":8040,"Adult":{"isAdultContent":false,"isRacyContent":false,"isGoryContent":false,"adultScore":0.004345554858446121,"racyScore":0.014449634589254856,"goreScore":0.0008354986784979701}},{"FrameIndex":8070,"Adult":{"isAdultContent":false,"isRacyContent":false,"isGoryContent":false,"adultScore":0.005314525682479143,"racyScore":0.015729408711194992,"goreScore":0.0014562675496563315}},{"FrameIndex":8100,"Adult":{"isAdultContent":false,"isRacyContent":false,"isGoryContent":false,"adultScore":0.006288632284849882,"racyScore":0.01683015376329422,"goreScore":0.0010936246253550053}},{"FrameIndex":8130,"Adult":{"isAdultContent":false,"isRacyContent":false,"isGoryContent":false,"adultScore":0.0014350400306284428,"racyScore":0.0027306722477078438,"goreScore":0.00027643449720926583}},{"FrameIndex":8160,"Adult":{"isAdultContent":false,"isRacyContent":false,"isGoryContent":false,"adultScore":0.005570643115788698,"racyScore":0.00665417592972517,"goreScore":0.00046817646943964064}},{"FrameIndex":8190,"Adult":{"isAdultContent":false,"isRacyContent":false,"isGoryContent":false,"adultScore":0.00728251226246357,"racyScore":0.009494926780462265,"goreScore":0.0008202864555642009}},{"FrameIndex":8220,"Adult":{"isAdultContent":false,"isRacyContent":false,"isGoryContent":false,"adultScore":0.005420673172920942,"racyScore":0.007038693875074387,"goreScore":0.00033609740785323083}},{"FrameIndex":8250,"Adult":{"isAdultContent":false,"isRacyContent":false,"isGoryContent":false,"adultScore":0.4736006557941437,"racyScore":0.682594895362854,"goreScore":0.0039032520726323128}},{"FrameIndex":8280,"Adult":{"isAdultContent":false,"isRacyContent":false,"isGoryContent":false,"adultScore":0.02799397148191929,"racyScore":0.032744523137807846,"goreScore":0.0018152284901589155}},{"FrameIndex":8310,"Adult":{"isAdultContent":false,"isRacyContent":false,"isGoryContent":false,"adultScore":0.013718947768211365,"racyScore":0.016133073717355728,"goreScore":0.0012958828592672944}},{"FrameIndex":8340,"Adult":{"isAdultContent":false,"isRacyContent":false,"isGoryContent":false,"adultScore":0.03891570121049881,"racyScore":0.05874433368444443,"goreScore":0.10165713727474213}},{"FrameIndex":8370,"Adult":{"isAdultContent":false,"isRacyContent":false,"isGoryContent":false,"adultScore":0.02895769476890564,"racyScore":0.04135637357831001,"goreScore":0.07889453321695328}},{"FrameIndex":8400,"Adult":{"isAdultContent":false,"isRacyContent":false,"isGoryContent":false,"adultScore":0.037503067404031754,"racyScore":0.05916415527462959,"goreScore":0.12364266812801361}},{"FrameIndex":8430,"Adult":{"isAdultContent":false,"isRacyContent":false,"isGoryContent":false,"adultScore":0.03857315704226494,"racyScore":0.04920037090778351,"goreScore":0.11752815544605255}},{"FrameIndex":8460,"Adult":{"isAdultContent":false,"isRacyContent":false,"isGoryContent":false,"adultScore":0.015434976667165756,"racyScore":0.01855240762233734,"goreScore":0.31172314286231995}},{"FrameIndex":8490,"Adult":{"isAdultContent":false,"isRacyContent":false,"isGoryContent":false,"adultScore":0.017991362139582634,"racyScore":0.02127767726778984,"goreScore":0.2890597879886627}},{"FrameIndex":8520,"Adult":{"isAdultContent":false,"isRacyContent":false,"isGoryContent":false,"adultScore":0.01931382343173027,"racyScore":0.02264890819787979,"goreScore":0.3256017565727234}},{"FrameIndex":8550,"Adult":{"isAdultContent":false,"isRacyContent":false,"isGoryContent":false,"adultScore":0.0025451723486185074,"racyScore":0.0042226603254675865,"goreScore":0.010863862000405788}},{"FrameIndex":8580,"Adult":{"isAdultContent":false,"isRacyContent":false,"isGoryContent":false,"adultScore":0.002531515434384346,"racyScore":0.004216807894408703,"goreScore":0.008380765095353127}},{"FrameIndex":8610,"Adult":{"isAdultContent":false,"isRacyContent":false,"isGoryContent":false,"adultScore":0.01082590315490961,"racyScore":0.01728786714375019,"goreScore":0.5244234204292297}},{"FrameIndex":8640,"Adult":{"isAdultContent":false,"isRacyContent":false,"isGoryContent":false,"adultScore":0.011930134147405624,"racyScore":0.0271034874022007,"goreScore":0.3470087945461273}},{"FrameIndex":8670,"Adult":{"isAdultContent":false,"isRacyContent":false,"isGoryContent":false,"adultScore":0.010801230557262897,"racyScore":0.0309150367975235,"goreScore":0.5619428157806396}},{"FrameIndex":8700,"Adult":{"isAdultContent":false,"isRacyContent":false,"isGoryContent":false,"adultScore":0.01785903610289097,"racyScore":0.021999819204211235,"goreScore":0.0498613640666008}},{"FrameIndex":8730,"Adult":{"isAdultContent":false,"isRacyContent":false,"isGoryContent":false,"adultScore":0.003616820788010955,"racyScore":0.005649663973599672,"goreScore":0.0021886921022087336}},{"FrameIndex":8760,"Adult":{"isAdultContent":false,"isRacyContent":false,"isGoryContent":false,"adultScore":0.0016845231875777245,"racyScore":0.0028624949045479298,"goreScore":0.0019194664200767875}},{"FrameIndex":8790,"Adult":{"isAdultContent":false,"isRacyContent":false,"isGoryContent":false,"adultScore":0.0017399417702108622,"racyScore":0.0023539173416793346,"goreScore":0.0015473192324861884}},{"FrameIndex":8820,"Adult":{"isAdultContent":false,"isRacyContent":false,"isGoryContent":false,"adultScore":0.0013066146057099104,"racyScore":0.002032867167145014,"goreScore":0.0011679228628054261}},{"FrameIndex":8850,"Adult":{"isAdultContent":false,"isRacyContent":false,"isGoryContent":false,"adultScore":0.019948748871684074,"racyScore":0.04442938417196274,"goreScore":0.45703738927841187}},{"FrameIndex":8880,"Adult":{"isAdultContent":false,"isRacyContent":false,"isGoryContent":false,"adultScore":0.0009305092971771955,"racyScore":0.001628419617190957,"goreScore":0.0005285799852572381}},{"FrameIndex":8910,"Adult":{"isAdultContent":false,"isRacyContent":false,"isGoryContent":false,"adultScore":0.001105466508306563,"racyScore":0.0019057687604799867,"goreScore":0.0005586370825767517}},{"FrameIndex":8940,"Adult":{"isAdultContent":false,"isRacyContent":false,"isGoryContent":false,"adultScore":0.00107761740218848,"racyScore":0.001958242617547512,"goreScore":0.0007063804077915847}},{"FrameIndex":8970,"Adult":{"isAdultContent":false,"isRacyContent":false,"isGoryContent":false,"adultScore":0.006641558837145567,"racyScore":0.012388139963150024,"goreScore":0.002116454765200615}},{"FrameIndex":9000,"Adult":{"isAdultContent":false,"isRacyContent":false,"isGoryContent":false,"adultScore":0.006819210946559906,"racyScore":0.018712924793362617,"goreScore":0.0007739379652775824}},{"FrameIndex":9030,"Adult":{"isAdultContent":false,"isRacyContent":false,"isGoryContent":false,"adultScore":0.010700959712266922,"racyScore":0.03563060611486435,"goreScore":0.0014019492082297802}},{"FrameIndex":9060,"Adult":{"isAdultContent":false,"isRacyContent":false,"isGoryContent":false,"adultScore":0.00706321420148015,"racyScore":0.025103099644184113,"goreScore":0.0010764714097604156}},{"FrameIndex":9090,"Adult":{"isAdultContent":false,"isRacyContent":false,"isGoryContent":false,"adultScore":0.0012760040117427707,"racyScore":0.0024203117936849594,"goreScore":0.000529643555637449}},{"FrameIndex":9120,"Adult":{"isAdultContent":false,"isRacyContent":false,"isGoryContent":false,"adultScore":0.015011198818683624,"racyScore":0.01624925807118416,"goreScore":0.001432310906238854}},{"FrameIndex":9150,"Adult":{"isAdultContent":false,"isRacyContent":false,"isGoryContent":false,"adultScore":0.01978735439479351,"racyScore":0.02224797196686268,"goreScore":0.019146287813782692}},{"FrameIndex":9180,"Adult":{"isAdultContent":false,"isRacyContent":false,"isGoryContent":false,"adultScore":0.009802509099245071,"racyScore":0.011931709945201874,"goreScore":0.007666848134249449}},{"FrameIndex":9210,"Adult":{"isAdultContent":false,"isRacyContent":false,"isGoryContent":false,"adultScore":0.014401165768504143,"racyScore":0.017359651625156403,"goreScore":0.01558008510619402}},{"FrameIndex":9240,"Adult":{"isAdultContent":false,"isRacyContent":false,"isGoryContent":false,"adultScore":0.007462640758603811,"racyScore":0.009120484814047813,"goreScore":0.006164913531392813}},{"FrameIndex":9270,"Adult":{"isAdultContent":false,"isRacyContent":false,"isGoryContent":false,"adultScore":0.06280844658613205,"racyScore":0.11702077090740204,"goreScore":0.019270895048975945}},{"FrameIndex":9300,"Adult":{"isAdultContent":false,"isRacyContent":false,"isGoryContent":false,"adultScore":0.04542214795947075,"racyScore":0.06414748728275299,"goreScore":0.003102513961493969}},{"FrameIndex":9330,"Adult":{"isAdultContent":false,"isRacyContent":false,"isGoryContent":false,"adultScore":0.012556797824800014,"racyScore":0.014886559918522835,"goreScore":0.0017605745233595371}},{"FrameIndex":9360,"Adult":{"isAdultContent":false,"isRacyContent":false,"isGoryContent":false,"adultScore":0.013717361725866795,"racyScore":0.022380942478775978,"goreScore":0.006689112633466721}},{"FrameIndex":9390,"Adult":{"isAdultContent":false,"isRacyContent":false,"isGoryContent":false,"adultScore":0.009939299896359444,"racyScore":0.014497874304652214,"goreScore":0.007871873676776886}},{"FrameIndex":9420,"Adult":{"isAdultContent":false,"isRacyContent":false,"isGoryContent":false,"adultScore":0.012877405621111393,"racyScore":0.07577565312385559,"goreScore":0.0043971543200314045}},{"FrameIndex":9450,"Adult":{"isAdultContent":false,"isRacyContent":false,"isGoryContent":false,"adultScore":0.0015067911008372903,"racyScore":0.003395533189177513,"goreScore":0.0007964016986079514}},{"FrameIndex":9480,"Adult":{"isAdultContent":false,"isRacyContent":false,"isGoryContent":false,"adultScore":0.0008320270571857691,"racyScore":0.0014933161437511444,"goreScore":0.0004836239677388221}},{"FrameIndex":9510,"Adult":{"isAdultContent":false,"isRacyContent":false,"isGoryContent":false,"adultScore":0.11250514537096024,"racyScore":0.12397544085979462,"goreScore":0.026472454890608788}},{"FrameIndex":9540,"Adult":{"isAdultContent":false,"isRacyContent":false,"isGoryContent":false,"adultScore":0.05260910838842392,"racyScore":0.05718756839632988,"goreScore":0.011179783381521702}},{"FrameIndex":9570,"Adult":{"isAdultContent":false,"isRacyContent":false,"isGoryContent":false,"adultScore":0.0033937960397452116,"racyScore":0.004413273651152849,"goreScore":0.004191636107861996}},{"FrameIndex":9600,"Adult":{"isAdultContent":false,"isRacyContent":false,"isGoryContent":false,"adultScore":0.002960389479994774,"racyScore":0.004416501149535179,"goreScore":0.0028846836648881435}},{"FrameIndex":9630,"Adult":{"isAdultContent":false,"isRacyContent":false,"isGoryContent":false,"adultScore":0.009036835283041,"racyScore":0.010898401960730553,"goreScore":0.00168225122615695}},{"FrameIndex":9660,"Adult":{"isAdultContent":false,"isRacyContent":false,"isGoryContent":false,"adultScore":0.008179000578820705,"racyScore":0.010312103666365147,"goreScore":0.002200107555836439}},{"FrameIndex":9690,"Adult":{"isAdultContent":false,"isRacyContent":false,"isGoryContent":false,"adultScore":0.01282133162021637,"racyScore":0.014410304836928844,"goreScore":0.006607287097722292}},{"FrameIndex":9720,"Adult":{"isAdultContent":false,"isRacyContent":false,"isGoryContent":false,"adultScore":0.007963302545249462,"racyScore":0.010045119561254978,"goreScore":0.0016480342019349337}},{"FrameIndex":9750,"Adult":{"isAdultContent":false,"isRacyContent":false,"isGoryContent":false,"adultScore":0.0033438815735280514,"racyScore":0.006165947765111923,"goreScore":0.00048460662947036326}},{"FrameIndex":9780,"Adult":{"isAdultContent":false,"isRacyContent":false,"isGoryContent":false,"adultScore":0.0036400416865944862,"racyScore":0.007499873638153076,"goreScore":0.0004400277102831751}},{"FrameIndex":9810,"Adult":{"isAdultContent":false,"isRacyContent":false,"isGoryContent":false,"adultScore":0.009586631320416927,"racyScore":0.02006465569138527,"goreScore":0.0017305705696344376}},{"FrameIndex":9840,"Adult":{"isAdultContent":false,"isRacyContent":false,"isGoryContent":false,"adultScore":0.006561552174389362,"racyScore":0.01073139626532793,"goreScore":0.0007509134011343122}},{"FrameIndex":9870,"Adult":{"isAdultContent":false,"isRacyContent":false,"isGoryContent":false,"adultScore":0.008477340452373028,"racyScore":0.01573021337389946,"goreScore":0.00048668388626538217}},{"FrameIndex":9900,"Adult":{"isAdultContent":false,"isRacyContent":false,"isGoryContent":false,"adultScore":0.027362989261746407,"racyScore":0.03196306154131889,"goreScore":0.0009072492248378694}},{"FrameIndex":9930,"Adult":{"isAdultContent":false,"isRacyContent":false,"isGoryContent":false,"adultScore":0.009272805415093899,"racyScore":0.014399498701095581,"goreScore":0.00046864381874911487}},{"FrameIndex":9960,"Adult":{"isAdultContent":false,"isRacyContent":false,"isGoryContent":false,"adultScore":0.0008890510653145611,"racyScore":0.0013726615579798818,"goreScore":0.0012528186198323965}},{"FrameIndex":9990,"Adult":{"isAdultContent":false,"isRacyContent":false,"isGoryContent":false,"adultScore":0.002216045744717121,"racyScore":0.003141284454613924,"goreScore":0.0017370221903547645}},{"FrameIndex":10020,"Adult":{"isAdultContent":false,"isRacyContent":false,"isGoryContent":false,"adultScore":0.021445082500576973,"racyScore":0.04999735206365585,"goreScore":0.00756679754704237}},{"FrameIndex":10050,"Adult":{"isAdultContent":false,"isRacyContent":false,"isGoryContent":false,"adultScore":0.0009952262043952942,"racyScore":0.0014549223706126213,"goreScore":0.0009151514968834817}},{"FrameIndex":10080,"Adult":{"isAdultContent":false,"isRacyContent":false,"isGoryContent":false,"adultScore":0.013120903633534908,"racyScore":0.01691579632461071,"goreScore":0.03275085613131523}},{"FrameIndex":10110,"Adult":{"isAdultContent":false,"isRacyContent":false,"isGoryContent":false,"adultScore":0.02318137139081955,"racyScore":0.03182706609368324,"goreScore":0.2123115211725235}},{"FrameIndex":10140,"Adult":{"isAdultContent":false,"isRacyContent":false,"isGoryContent":false,"adultScore":0.033042360097169876,"racyScore":0.04523274675011635,"goreScore":0.2767157554626465}},{"FrameIndex":10170,"Adult":{"isAdultContent":false,"isRacyContent":false,"isGoryContent":false,"adultScore":0.01143682561814785,"racyScore":0.014976943843066692,"goreScore":0.33719757199287415}},{"FrameIndex":10200,"Adult":{"isAdultContent":false,"isRacyContent":false,"isGoryContent":false,"adultScore":0.0066374861635267735,"racyScore":0.008803257718682289,"goreScore":0.17088289558887482}},{"FrameIndex":10230,"Adult":{"isAdultContent":false,"isRacyContent":false,"isGoryContent":false,"adultScore":0.020107077434659004,"racyScore":0.026646507903933525,"goreScore":0.32456174492836}},{"FrameIndex":10260,"Adult":{"isAdultContent":false,"isRacyContent":false,"isGoryContent":false,"adultScore":0.011200640350580215,"racyScore":0.013469783589243889,"goreScore":0.2902812063694}},{"FrameIndex":10290,"Adult":{"isAdultContent":false,"isRacyContent":false,"isGoryContent":false,"adultScore":0.009060231037437916,"racyScore":0.011753014288842678,"goreScore":0.22042782604694366}},{"FrameIndex":10320,"Adult":{"isAdultContent":false,"isRacyContent":false,"isGoryContent":false,"adultScore":0.011550189927220345,"racyScore":0.014012330211699009,"goreScore":0.25603601336479187}},{"FrameIndex":10350,"Adult":{"isAdultContent":false,"isRacyContent":false,"isGoryContent":false,"adultScore":0.008487840183079243,"racyScore":0.010524232871830463,"goreScore":0.16345007717609406}},{"FrameIndex":10380,"Adult":{"isAdultContent":false,"isRacyContent":false,"isGoryContent":false,"adultScore":0.04068608954548836,"racyScore":0.05437445640563965,"goreScore":0.30526483058929443}},{"FrameIndex":10410,"Adult":{"isAdultContent":false,"isRacyContent":false,"isGoryContent":false,"adultScore":0.05130118504166603,"racyScore":0.06261319667100906,"goreScore":0.2953774333000183}},{"FrameIndex":10440,"Adult":{"isAdultContent":false,"isRacyContent":false,"isGoryContent":false,"adultScore":0.3214244842529297,"racyScore":0.41278529167175293,"goreScore":0.2613118290901184}},{"FrameIndex":10470,"Adult":{"isAdultContent":false,"isRacyContent":false,"isGoryContent":false,"adultScore":0.01795194484293461,"racyScore":0.030558424070477486,"goreScore":0.10336774587631226}},{"FrameIndex":10500,"Adult":{"isAdultContent":false,"isRacyContent":false,"isGoryContent":false,"adultScore":0.03058747760951519,"racyScore":0.06070780009031296,"goreScore":0.16231264173984528}},{"FrameIndex":10530,"Adult":{"isAdultContent":false,"isRacyContent":false,"isGoryContent":false,"adultScore":0.048465706408023834,"racyScore":0.07959158718585968,"goreScore":0.2775997817516327}},{"FrameIndex":10560,"Adult":{"isAdultContent":false,"isRacyContent":false,"isGoryContent":false,"adultScore":0.03594592586159706,"racyScore":0.05838145315647125,"goreScore":0.24140672385692596}},{"FrameIndex":10590,"Adult":{"isAdultContent":false,"isRacyContent":false,"isGoryContent":false,"adultScore":0.021907096728682518,"racyScore":0.03090807981789112,"goreScore":0.2776106297969818}},{"FrameIndex":10620,"Adult":{"isAdultContent":false,"isRacyContent":false,"isGoryContent":false,"adultScore":0.009738569147884846,"racyScore":0.014843972399830818,"goreScore":0.13234110176563263}},{"FrameIndex":10650,"Adult":{"isAdultContent":false,"isRacyContent":false,"isGoryContent":false,"adultScore":0.20985595881938934,"racyScore":0.27415987849235535,"goreScore":0.09737872332334518}},{"FrameIndex":10680,"Adult":{"isAdultContent":false,"isRacyContent":false,"isGoryContent":false,"adultScore":0.07156629115343094,"racyScore":0.08162747323513031,"goreScore":0.07264585793018341}},{"FrameIndex":10710,"Adult":{"isAdultContent":false,"isRacyContent":false,"isGoryContent":false,"adultScore":0.03721259906888008,"racyScore":0.04299239069223404,"goreScore":0.05750330537557602}},{"FrameIndex":10740,"Adult":{"isAdultContent":false,"isRacyContent":false,"isGoryContent":false,"adultScore":0.02669409103691578,"racyScore":0.03320080041885376,"goreScore":0.04975222423672676}},{"FrameIndex":10770,"Adult":{"isAdultContent":false,"isRacyContent":false,"isGoryContent":false,"adultScore":0.055265262722969055,"racyScore":0.08190090954303741,"goreScore":0.25470271706581116}},{"FrameIndex":10800,"Adult":{"isAdultContent":false,"isRacyContent":false,"isGoryContent":false,"adultScore":0.09311765432357788,"racyScore":0.13005760312080383,"goreScore":0.06252095848321915}},{"FrameIndex":10830,"Adult":{"isAdultContent":false,"isRacyContent":false,"isGoryContent":false,"adultScore":0.02290218323469162,"racyScore":0.02835439145565033,"goreScore":0.10170895606279373}},{"FrameIndex":10860,"Adult":{"isAdultContent":false,"isRacyContent":false,"isGoryContent":false,"adultScore":0.3624219298362732,"racyScore":0.525789737701416,"goreScore":0.06905706226825714}},{"FrameIndex":10890,"Adult":{"isAdultContent":true,"isRacyContent":false,"isGoryContent":false,"adultScore":0.9216158986091614,"racyScore":0.9864149689674377,"goreScore":0.0024681470822542906}},{"FrameIndex":10920,"Adult":{"isAdultContent":false,"isRacyContent":false,"isGoryContent":false,"adultScore":0.4955630600452423,"racyScore":0.8190246820449829,"goreScore":0.06294658035039902}},{"FrameIndex":10950,"Adult":{"isAdultContent":false,"isRacyContent":false,"isGoryContent":false,"adultScore":0.09226612001657486,"racyScore":0.1288188397884369,"goreScore":0.3499961793422699}},{"FrameIndex":10980,"Adult":{"isAdultContent":false,"isRacyContent":false,"isGoryContent":false,"adultScore":0.24332693219184875,"racyScore":0.3381395637989044,"goreScore":0.12726619839668274}},{"FrameIndex":11010,"Adult":{"isAdultContent":false,"isRacyContent":false,"isGoryContent":false,"adultScore":0.008062510751187801,"racyScore":0.01081163715571165,"goreScore":0.030732838436961174}},{"FrameIndex":11040,"Adult":{"isAdultContent":false,"isRacyContent":false,"isGoryContent":false,"adultScore":0.006961917970329523,"racyScore":0.008533801883459091,"goreScore":0.021433839574456215}},{"FrameIndex":11070,"Adult":{"isAdultContent":false,"isRacyContent":false,"isGoryContent":false,"adultScore":0.022135978564620018,"racyScore":0.03008832409977913,"goreScore":0.2015518695116043}},{"FrameIndex":11100,"Adult":{"isAdultContent":false,"isRacyContent":false,"isGoryContent":false,"adultScore":0.016507456079125404,"racyScore":0.018631234765052795,"goreScore":0.0012133080745115876}},{"FrameIndex":11130,"Adult":{"isAdultContent":false,"isRacyContent":false,"isGoryContent":false,"adultScore":0.008143027313053608,"racyScore":0.011871669441461563,"goreScore":0.001306351856328547}},{"FrameIndex":11160,"Adult":{"isAdultContent":false,"isRacyContent":false,"isGoryContent":false,"adultScore":0.021956002339720726,"racyScore":0.02491186000406742,"goreScore":0.0010496866889297962}},{"FrameIndex":11190,"Adult":{"isAdultContent":false,"isRacyContent":false,"isGoryContent":false,"adultScore":0.12244229763746262,"racyScore":0.30285319685935974,"goreScore":0.029944993555545807}},{"FrameIndex":11220,"Adult":{"isAdultContent":false,"isRacyContent":false,"isGoryContent":false,"adultScore":0.09054816514253616,"racyScore":0.1674853265285492,"goreScore":0.028686532750725746}},{"FrameIndex":11250,"Adult":{"isAdultContent":false,"isRacyContent":false,"isGoryContent":false,"adultScore":0.01763220503926277,"racyScore":0.06409786641597748,"goreScore":0.014396616257727146}},{"FrameIndex":11280,"Adult":{"isAdultContent":false,"isRacyContent":false,"isGoryContent":false,"adultScore":0.004364030435681343,"racyScore":0.005190163850784302,"goreScore":0.001067922916263342}},{"FrameIndex":11310,"Adult":{"isAdultContent":false,"isRacyContent":false,"isGoryContent":false,"adultScore":0.03808428347110748,"racyScore":0.040244005620479584,"goreScore":0.002133405301719904}},{"FrameIndex":11340,"Adult":{"isAdultContent":false,"isRacyContent":false,"isGoryContent":false,"adultScore":0.022980736568570137,"racyScore":0.024259839206933975,"goreScore":0.0015834999503567815}},{"FrameIndex":11370,"Adult":{"isAdultContent":false,"isRacyContent":false,"isGoryContent":false,"adultScore":0.03868548199534416,"racyScore":0.03994939476251602,"goreScore":0.001839461619965732}},{"FrameIndex":11400,"Adult":{"isAdultContent":false,"isRacyContent":false,"isGoryContent":false,"adultScore":0.004805012606084347,"racyScore":0.006323801353573799,"goreScore":0.0006174867739900947}},{"FrameIndex":11430,"Adult":{"isAdultContent":false,"isRacyContent":false,"isGoryContent":false,"adultScore":0.005719229578971863,"racyScore":0.006945611909031868,"goreScore":0.0005442934343591332}},{"FrameIndex":11460,"Adult":{"isAdultContent":false,"isRacyContent":false,"isGoryContent":false,"adultScore":0.005321651231497526,"racyScore":0.0060525438748300076,"goreScore":0.0006086457287892699}},{"FrameIndex":11490,"Adult":{"isAdultContent":false,"isRacyContent":false,"isGoryContent":false,"adultScore":0.022875908762216568,"racyScore":0.03295654058456421,"goreScore":0.00242070434615016}},{"FrameIndex":11520,"Adult":{"isAdultContent":false,"isRacyContent":false,"isGoryContent":false,"adultScore":0.005937147885560989,"racyScore":0.05813579633831978,"goreScore":0.0016588488360866904}},{"FrameIndex":11550,"Adult":{"isAdultContent":false,"isRacyContent":false,"isGoryContent":false,"adultScore":0.012719674035906792,"racyScore":0.04114878177642822,"goreScore":0.0018917489796876907}},{"FrameIndex":11580,"Adult":{"isAdultContent":false,"isRacyContent":false,"isGoryContent":false,"adultScore":0.02657494507730007,"racyScore":0.04468025639653206,"goreScore":0.0015759128145873547}},{"FrameIndex":11610,"Adult":{"isAdultContent":false,"isRacyContent":false,"isGoryContent":false,"adultScore":0.004478379152715206,"racyScore":0.010640081018209457,"goreScore":0.0007804366177879274}},{"FrameIndex":11640,"Adult":{"isAdultContent":false,"isRacyContent":false,"isGoryContent":false,"adultScore":0.005513524170964956,"racyScore":0.006518267560750246,"goreScore":0.006812534760683775}},{"FrameIndex":11670,"Adult":{"isAdultContent":false,"isRacyContent":false,"isGoryContent":false,"adultScore":0.008365165442228317,"racyScore":0.01038812380284071,"goreScore":0.011871063150465488}},{"FrameIndex":11700,"Adult":{"isAdultContent":false,"isRacyContent":false,"isGoryContent":false,"adultScore":0.007611627224832773,"racyScore":0.009345130063593388,"goreScore":0.011910523287951946}},{"FrameIndex":11730,"Adult":{"isAdultContent":false,"isRacyContent":false,"isGoryContent":false,"adultScore":0.014761622995138168,"racyScore":0.01788332872092724,"goreScore":0.0013592937029898167}},{"FrameIndex":11760,"Adult":{"isAdultContent":false,"isRacyContent":false,"isGoryContent":false,"adultScore":0.004597346764057875,"racyScore":0.007204876281321049,"goreScore":0.0004966311389580369}},{"FrameIndex":11790,"Adult":{"isAdultContent":false,"isRacyContent":false,"isGoryContent":false,"adultScore":0.004884549416601658,"racyScore":0.008788940496742725,"goreScore":0.0013871731935068965}},{"FrameIndex":11820,"Adult":{"isAdultContent":false,"isRacyContent":false,"isGoryContent":false,"adultScore":0.015249468386173248,"racyScore":0.029699772596359253,"goreScore":0.0017755075823515654}},{"FrameIndex":11850,"Adult":{"isAdultContent":false,"isRacyContent":false,"isGoryContent":false,"adultScore":0.0037388945929706097,"racyScore":0.004765655845403671,"goreScore":0.00040493204141967}},{"FrameIndex":11880,"Adult":{"isAdultContent":false,"isRacyContent":false,"isGoryContent":false,"adultScore":0.014090449549257755,"racyScore":0.01774938404560089,"goreScore":0.002538313390687108}},{"FrameIndex":11910,"Adult":{"isAdultContent":false,"isRacyContent":false,"isGoryContent":false,"adultScore":0.001144201261922717,"racyScore":0.0019355579279363155,"goreScore":0.000509592005982995}},{"FrameIndex":11940,"Adult":{"isAdultContent":false,"isRacyContent":false,"isGoryContent":false,"adultScore":0.0012319340603426099,"racyScore":0.001951064681634307,"goreScore":0.0004986823187209666}},{"FrameIndex":11970,"Adult":{"isAdultContent":false,"isRacyContent":false,"isGoryContent":false,"adultScore":0.001004838035441935,"racyScore":0.0017697936855256557,"goreScore":0.000612096453551203}},{"FrameIndex":12000,"Adult":{"isAdultContent":false,"isRacyContent":false,"isGoryContent":false,"adultScore":0.0008578065899200737,"racyScore":0.0014940444380044937,"goreScore":0.00042047901661135256}},{"FrameIndex":12030,"Adult":{"isAdultContent":false,"isRacyContent":false,"isGoryContent":false,"adultScore":0.0011582456063479185,"racyScore":0.0019033586140722036,"goreScore":0.0004940202925354242}},{"FrameIndex":12060,"Adult":{"isAdultContent":false,"isRacyContent":false,"isGoryContent":false,"adultScore":0.001526259584352374,"racyScore":0.002352727809920907,"goreScore":0.00047131694736890495}},{"FrameIndex":12090,"Adult":{"isAdultContent":false,"isRacyContent":false,"isGoryContent":false,"adultScore":0.09045705199241638,"racyScore":0.101772740483284,"goreScore":0.011525165289640427}},{"FrameIndex":12120,"Adult":{"isAdultContent":false,"isRacyContent":false,"isGoryContent":false,"adultScore":0.06814020872116089,"racyScore":0.07675643265247345,"goreScore":0.018947701901197433}},{"FrameIndex":12150,"Adult":{"isAdultContent":false,"isRacyContent":false,"isGoryContent":false,"adultScore":0.0011115107918158174,"racyScore":0.002034696051850915,"goreScore":0.0005903518758714199}},{"FrameIndex":12180,"Adult":{"isAdultContent":false,"isRacyContent":false,"isGoryContent":false,"adultScore":0.0013387268409132957,"racyScore":0.002460847608745098,"goreScore":0.0006388617912307382}},{"FrameIndex":12210,"Adult":{"isAdultContent":false,"isRacyContent":false,"isGoryContent":false,"adultScore":0.0010452200658619404,"racyScore":0.00256357598118484,"goreScore":0.0004583206318784505}},{"FrameIndex":12240,"Adult":{"isAdultContent":false,"isRacyContent":false,"isGoryContent":false,"adultScore":0.0012151396367698908,"racyScore":0.007792462594807148,"goreScore":0.00035327166551724076}},{"FrameIndex":12270,"Adult":{"isAdultContent":false,"isRacyContent":false,"isGoryContent":false,"adultScore":0.001045978395268321,"racyScore":0.003035435453057289,"goreScore":0.00031956780003383756}},{"FrameIndex":12300,"Adult":{"isAdultContent":false,"isRacyContent":false,"isGoryContent":false,"adultScore":0.0009814503137022257,"racyScore":0.0018462459556758404,"goreScore":0.000675222254358232}},{"FrameIndex":12330,"Adult":{"isAdultContent":false,"isRacyContent":false,"isGoryContent":false,"adultScore":0.011536450125277042,"racyScore":0.014825912192463875,"goreScore":0.0008135432144626975}},{"FrameIndex":12360,"Adult":{"isAdultContent":false,"isRacyContent":false,"isGoryContent":false,"adultScore":0.015642331913113594,"racyScore":0.02155301719903946,"goreScore":0.0008831674349494278}},{"FrameIndex":12390,"Adult":{"isAdultContent":false,"isRacyContent":false,"isGoryContent":false,"adultScore":0.00825708732008934,"racyScore":0.011816847138106823,"goreScore":0.0009240233921445906}},{"FrameIndex":12420,"Adult":{"isAdultContent":false,"isRacyContent":false,"isGoryContent":false,"adultScore":0.00869906134903431,"racyScore":0.01116211712360382,"goreScore":0.0008895083446986973}},{"FrameIndex":12450,"Adult":{"isAdultContent":false,"isRacyContent":false,"isGoryContent":false,"adultScore":0.006716757547110319,"racyScore":0.008387705311179161,"goreScore":0.0007949630380608141}},{"FrameIndex":12480,"Adult":{"isAdultContent":false,"isRacyContent":false,"isGoryContent":false,"adultScore":0.004009806551039219,"racyScore":0.006552520208060741,"goreScore":0.0003896718262694776}},{"FrameIndex":12510,"Adult":{"isAdultContent":false,"isRacyContent":false,"isGoryContent":false,"adultScore":0.009731678292155266,"racyScore":0.015091147273778915,"goreScore":0.022366657853126526}},{"FrameIndex":12540,"Adult":{"isAdultContent":false,"isRacyContent":false,"isGoryContent":false,"adultScore":0.002636480377987027,"racyScore":0.003688287455588579,"goreScore":0.0013636930380016565}},{"FrameIndex":12570,"Adult":{"isAdultContent":false,"isRacyContent":false,"isGoryContent":false,"adultScore":0.005015089642256498,"racyScore":0.006708693224936724,"goreScore":0.0015019770944491029}},{"FrameIndex":12600,"Adult":{"isAdultContent":false,"isRacyContent":false,"isGoryContent":false,"adultScore":0.005854316987097263,"racyScore":0.007006962783634663,"goreScore":0.002165123587474227}},{"FrameIndex":12630,"Adult":{"isAdultContent":false,"isRacyContent":false,"isGoryContent":false,"adultScore":0.022122547030448914,"racyScore":0.028378097340464592,"goreScore":0.00535756628960371}},{"FrameIndex":12660,"Adult":{"isAdultContent":false,"isRacyContent":false,"isGoryContent":false,"adultScore":0.011706149205565453,"racyScore":0.022126436233520508,"goreScore":0.0025499118492007256}},{"FrameIndex":12690,"Adult":{"isAdultContent":false,"isRacyContent":false,"isGoryContent":false,"adultScore":0.05545937269926071,"racyScore":0.2159845530986786,"goreScore":0.00708706583827734}},{"FrameIndex":12720,"Adult":{"isAdultContent":false,"isRacyContent":false,"isGoryContent":false,"adultScore":0.0012023055460304022,"racyScore":0.001985031645745039,"goreScore":0.000619596044998616}},{"FrameIndex":12750,"Adult":{"isAdultContent":false,"isRacyContent":false,"isGoryContent":false,"adultScore":0.004495084751397371,"racyScore":0.005867105443030596,"goreScore":0.0008914308855310082}},{"FrameIndex":12780,"Adult":{"isAdultContent":false,"isRacyContent":false,"isGoryContent":false,"adultScore":0.005455156788229942,"racyScore":0.006557626649737358,"goreScore":0.0007822155603207648}},{"FrameIndex":12810,"Adult":{"isAdultContent":false,"isRacyContent":false,"isGoryContent":false,"adultScore":0.0010938402265310287,"racyScore":0.001633210340514779,"goreScore":0.0006983454222790897}},{"FrameIndex":12840,"Adult":{"isAdultContent":false,"isRacyContent":false,"isGoryContent":false,"adultScore":0.0011478452943265438,"racyScore":0.0016764834290370345,"goreScore":0.0006343044224195182}},{"FrameIndex":12870,"Adult":{"isAdultContent":false,"isRacyContent":false,"isGoryContent":false,"adultScore":0.0010227112798020244,"racyScore":0.0016688730102032423,"goreScore":0.0006442474550567567}},{"FrameIndex":12900,"Adult":{"isAdultContent":false,"isRacyContent":false,"isGoryContent":false,"adultScore":0.0016458609607070684,"racyScore":0.0030645402148365974,"goreScore":0.00048174645053222775}},{"FrameIndex":12930,"Adult":{"isAdultContent":false,"isRacyContent":false,"isGoryContent":false,"adultScore":0.0026019171345978975,"racyScore":0.003951207734644413,"goreScore":0.0005440371460281312}},{"FrameIndex":12960,"Adult":{"isAdultContent":false,"isRacyContent":false,"isGoryContent":false,"adultScore":0.001830603345297277,"racyScore":0.0028441068716347218,"goreScore":0.0006725232233293355}},{"FrameIndex":12990,"Adult":{"isAdultContent":false,"isRacyContent":false,"isGoryContent":false,"adultScore":0.0023766490630805492,"racyScore":0.003600955940783024,"goreScore":0.0006062203901819885}},{"FrameIndex":13020,"Adult":{"isAdultContent":false,"isRacyContent":false,"isGoryContent":false,"adultScore":0.0014569588238373399,"racyScore":0.002351218368858099,"goreScore":0.0005061678821220994}}]}