{"algoVersion": "5.1.2406231", "schemaVersion": "0.0.1", "results": [{"id": 1, "type": "Handbag", "wikiDataID": "Q467505", "instances": [{"x": 0.19531, "y": 0.66389, "width": 0.05312, "height": 0.175, "frame": 470, "start": "0:00:15.682349", "end": "0:00:15.715716", "confidence": 0.361, "detection_class": "handbag"}, {"x": 0.19531, "y": 0.65556, "width": 0.05312, "height": 0.175, "frame": 471, "start": "0:00:15.715716", "end": "0:00:15.749082", "confidence": 0.0, "detection_class": null}, {"x": 0.19531, "y": 0.64722, "width": 0.05469, "height": 0.17778, "frame": 472, "start": "0:00:15.749082", "end": "0:00:15.782449", "confidence": 0.0, "detection_class": null}, {"x": 0.19687, "y": 0.63889, "width": 0.05312, "height": 0.17778, "frame": 473, "start": "0:00:15.782449", "end": "0:00:15.815816", "confidence": 0.0, "detection_class": null}, {"x": 0.19687, "y": 0.63056, "width": 0.05469, "height": 0.18056, "frame": 474, "start": "0:00:15.815816", "end": "0:00:15.849183", "confidence": 0.0, "detection_class": null}, {"x": 0.19844, "y": 0.625, "width": 0.05469, "height": 0.18056, "frame": 475, "start": "0:00:15.849183", "end": "0:00:15.882549", "confidence": 0.506, "detection_class": "handbag", "isBest": true}, {"x": 0.19844, "y": 0.61944, "width": 0.05469, "height": 0.18056, "frame": 476, "start": "0:00:15.882549", "end": "0:00:15.915916", "confidence": 0.0, "detection_class": null}, {"x": 0.19844, "y": 0.61667, "width": 0.05469, "height": 0.18056, "frame": 477, "start": "0:00:15.915916", "end": "0:00:15.949283", "confidence": 0.0, "detection_class": null}, {"x": 0.19844, "y": 0.61389, "width": 0.05469, "height": 0.18056, "frame": 478, "start": "0:00:15.949283", "end": "0:00:15.982649", "confidence": 0.0, "detection_class": null}, {"x": 0.2, "y": 0.61111, "width": 0.05312, "height": 0.18056, "frame": 479, "start": "0:00:15.982649", "end": "0:00:16.016016", "confidence": 0.0, "detection_class": null}, {"x": 0.2, "y": 0.60833, "width": 0.05469, "height": 0.18056, "frame": 480, "start": "0:00:16.016016", "end": "0:00:16.049383", "confidence": 0.0, "detection_class": null}, {"x": 0.2, "y": 0.60278, "width": 0.05469, "height": 0.18056, "frame": 481, "start": "0:00:16.049383", "end": "0:00:16.082749", "confidence": 0.0, "detection_class": null}, {"x": 0.20156, "y": 0.6, "width": 0.05312, "height": 0.18056, "frame": 482, "start": "0:00:16.082749", "end": "0:00:16.116116", "confidence": 0.0, "detection_class": null}, {"x": 0.20156, "y": 0.59722, "width": 0.05312, "height": 0.18056, "frame": 483, "start": "0:00:16.116116", "end": "0:00:16.149483", "confidence": 0.0, "detection_class": null}, {"x": 0.20156, "y": 0.59444, "width": 0.05312, "height": 0.18056, "frame": 484, "start": "0:00:16.149483", "end": "0:00:16.18285", "confidence": 0.0, "detection_class": null}, {"x": 0.20312, "y": 0.59167, "width": 0.05312, "height": 0.18056, "frame": 485, "start": "0:00:16.18285", "end": "0:00:16.216216", "confidence": 0.363, "detection_class": "handbag"}, {"x": 0.20469, "y": 0.58611, "width": 0.05312, "height": 0.17778, "frame": 486, "start": "0:00:16.216216", "end": "0:00:16.249583", "confidence": 0.0, "detection_class": null}, {"x": 0.20625, "y": 0.58056, "width": 0.05312, "height": 0.175, "frame": 487, "start": "0:00:16.249583", "end": "0:00:16.28295", "confidence": 0.0, "detection_class": null}, {"x": 0.20781, "y": 0.575, "width": 0.05312, "height": 0.17222, "frame": 488, "start": "0:00:16.28295", "end": "0:00:16.316316", "confidence": 0.0, "detection_class": null}, {"x": 0.20938, "y": 0.56944, "width": 0.05312, "height": 0.16944, "frame": 489, "start": "0:00:16.316316", "end": "0:00:16.349683", "confidence": 0.0, "detection_class": null}, {"x": 0.21094, "y": 0.56389, "width": 0.05312, "height": 0.16944, "frame": 490, "start": "0:00:16.349683", "end": "0:00:16.38305", "confidence": 0.445, "detection_class": "handbag"}, {"x": 0.23438, "y": 0.45833, "width": 0.06406, "height": 0.21667, "frame": 530, "start": "0:00:17.684351", "end": "0:00:17.717718", "confidence": 0.403, "detection_class": "handbag"}, {"x": 0.23438, "y": 0.45556, "width": 0.0625, "height": 0.21667, "frame": 531, "start": "0:00:17.717718", "end": "0:00:17.751084", "confidence": 0.0, "detection_class": null}, {"x": 0.23438, "y": 0.45556, "width": 0.0625, "height": 0.21667, "frame": 532, "start": "0:00:17.751084", "end": "0:00:17.784451", "confidence": 0.0, "detection_class": null}, {"x": 0.23438, "y": 0.45278, "width": 0.0625, "height": 0.21667, "frame": 533, "start": "0:00:17.784451", "end": "0:00:17.817818", "confidence": 0.0, "detection_class": null}, {"x": 0.23438, "y": 0.45278, "width": 0.0625, "height": 0.21667, "frame": 534, "start": "0:00:17.817818", "end": "0:00:17.851185", "confidence": 0.0, "detection_class": null}, {"x": 0.23438, "y": 0.45278, "width": 0.0625, "height": 0.21667, "frame": 535, "start": "0:00:17.851185", "end": "0:00:17.884551", "confidence": 0.585, "detection_class": "handbag"}, {"x": 0.23281, "y": 0.45, "width": 0.0625, "height": 0.21944, "frame": 536, "start": "0:00:17.884551", "end": "0:00:17.917918", "confidence": 0.0, "detection_class": null}, {"x": 0.23281, "y": 0.44722, "width": 0.0625, "height": 0.22222, "frame": 537, "start": "0:00:17.917918", "end": "0:00:17.951285", "confidence": 0.0, "detection_class": null}, {"x": 0.23281, "y": 0.44444, "width": 0.0625, "height": 0.22778, "frame": 538, "start": "0:00:17.951285", "end": "0:00:17.984651", "confidence": 0.0, "detection_class": null}, {"x": 0.23281, "y": 0.44167, "width": 0.0625, "height": 0.23056, "frame": 539, "start": "0:00:17.984651", "end": "0:00:18.018018", "confidence": 0.0, "detection_class": null}, {"x": 0.23281, "y": 0.43889, "width": 0.0625, "height": 0.23611, "frame": 540, "start": "0:00:18.018018", "end": "0:00:18.051385", "confidence": 0.588, "detection_class": "handbag"}, {"x": 0.23281, "y": 0.43333, "width": 0.06406, "height": 0.24167, "frame": 541, "start": "0:00:18.051385", "end": "0:00:18.084751", "confidence": 0.0, "detection_class": null}, {"x": 0.23281, "y": 0.43056, "width": 0.06563, "height": 0.24444, "frame": 542, "start": "0:00:18.084751", "end": "0:00:18.118118", "confidence": 0.0, "detection_class": null}, {"x": 0.23438, "y": 0.42778, "width": 0.06563, "height": 0.24722, "frame": 543, "start": "0:00:18.118118", "end": "0:00:18.151485", "confidence": 0.0, "detection_class": null}, {"x": 0.23438, "y": 0.425, "width": 0.06719, "height": 0.25, "frame": 544, "start": "0:00:18.151485", "end": "0:00:18.184852", "confidence": 0.0, "detection_class": null}, {"x": 0.23594, "y": 0.42222, "width": 0.06719, "height": 0.25556, "frame": 545, "start": "0:00:18.184852", "end": "0:00:18.218218", "confidence": 0.554, "detection_class": "handbag"}, {"x": 0.23594, "y": 0.40833, "width": 0.07187, "height": 0.26667, "frame": 546, "start": "0:00:18.218218", "end": "0:00:18.251585", "confidence": 0.0, "detection_class": null}, {"x": 0.23594, "y": 0.39444, "width": 0.07656, "height": 0.28056, "frame": 547, "start": "0:00:18.251585", "end": "0:00:18.284952", "confidence": 0.0, "detection_class": null}, {"x": 0.23594, "y": 0.38333, "width": 0.08125, "height": 0.29167, "frame": 548, "start": "0:00:18.284952", "end": "0:00:18.318318", "confidence": 0.0, "detection_class": null}, {"x": 0.23594, "y": 0.36944, "width": 0.08594, "height": 0.30556, "frame": 549, "start": "0:00:18.318318", "end": "0:00:18.351685", "confidence": 0.0, "detection_class": null}, {"x": 0.2375, "y": 0.35833, "width": 0.09062, "height": 0.31667, "frame": 550, "start": "0:00:18.351685", "end": "0:00:18.385052", "confidence": 0.364, "detection_class": "handbag"}]}, {"id": 2, "type": "Cup", "wikiDataID": "Q81727", "instances": [{"x": 0.25312, "y": 0.0, "width": 0.34531, "height": 0.49722, "frame": 1887, "start": "0:01:02.962963", "end": "0:01:02.99633", "confidence": 0.794, "detection_class": "cup", "isBest": true}, {"x": 0.25156, "y": 0.0, "width": 0.34375, "height": 0.5, "frame": 1888, "start": "0:01:02.99633", "end": "0:01:03.029696", "confidence": 0.0, "detection_class": null}, {"x": 0.25156, "y": 0.0, "width": 0.34219, "height": 0.50278, "frame": 1889, "start": "0:01:03.029696", "end": "0:01:03.063063", "confidence": 0.0, "detection_class": null}, {"x": 0.25156, "y": 0.0, "width": 0.34063, "height": 0.50556, "frame": 1890, "start": "0:01:03.063063", "end": "0:01:03.09643", "confidence": 0.0, "detection_class": null}, {"x": 0.25156, "y": 0.0, "width": 0.33906, "height": 0.50833, "frame": 1891, "start": "0:01:03.09643", "end": "0:01:03.129796", "confidence": 0.0, "detection_class": null}, {"x": 0.25156, "y": 0.0, "width": 0.3375, "height": 0.51111, "frame": 1892, "start": "0:01:03.129796", "end": "0:01:03.163163", "confidence": 0.813, "detection_class": "cup"}, {"x": 0.25156, "y": 0.0, "width": 0.33594, "height": 0.51111, "frame": 1893, "start": "0:01:03.163163", "end": "0:01:03.19653", "confidence": 0.0, "detection_class": null}, {"x": 0.25156, "y": 0.0, "width": 0.33437, "height": 0.51389, "frame": 1894, "start": "0:01:03.19653", "end": "0:01:03.229897", "confidence": 0.0, "detection_class": null}, {"x": 0.25312, "y": 0.0, "width": 0.33125, "height": 0.51667, "frame": 1895, "start": "0:01:03.229897", "end": "0:01:03.263263", "confidence": 0.0, "detection_class": null}, {"x": 0.25312, "y": 0.0, "width": 0.32969, "height": 0.51944, "frame": 1896, "start": "0:01:03.263263", "end": "0:01:03.29663", "confidence": 0.0, "detection_class": null}, {"x": 0.25469, "y": 0.0, "width": 0.32812, "height": 0.52222, "frame": 1897, "start": "0:01:03.29663", "end": "0:01:03.329997", "confidence": 0.406, "detection_class": "cup"}, {"x": 0.25156, "y": 0.0, "width": 0.32969, "height": 0.52222, "frame": 1898, "start": "0:01:03.329997", "end": "0:01:03.363363", "confidence": 0.0, "detection_class": null}, {"x": 0.24844, "y": 0.0, "width": 0.33125, "height": 0.525, "frame": 1899, "start": "0:01:03.363363", "end": "0:01:03.39673", "confidence": 0.0, "detection_class": null}, {"x": 0.24688, "y": 0.0, "width": 0.33125, "height": 0.525, "frame": 1900, "start": "0:01:03.39673", "end": "0:01:03.430097", "confidence": 0.0, "detection_class": null}, {"x": 0.24375, "y": 0.0, "width": 0.33281, "height": 0.52778, "frame": 1901, "start": "0:01:03.430097", "end": "0:01:03.463463", "confidence": 0.0, "detection_class": null}, {"x": 0.24219, "y": 0.0, "width": 0.33437, "height": 0.53056, "frame": 1902, "start": "0:01:03.463463", "end": "0:01:03.49683", "confidence": 0.661, "detection_class": "cup"}, {"x": 0.23906, "y": 0.0, "width": 0.33594, "height": 0.50278, "frame": 1903, "start": "0:01:03.49683", "end": "0:01:03.530197", "confidence": 0.0, "detection_class": null}, {"x": 0.23594, "y": 0.0, "width": 0.3375, "height": 0.47778, "frame": 1904, "start": "0:01:03.530197", "end": "0:01:03.563564", "confidence": 0.0, "detection_class": null}, {"x": 0.23281, "y": 0.0, "width": 0.34063, "height": 0.45, "frame": 1905, "start": "0:01:03.563564", "end": "0:01:03.59693", "confidence": 0.0, "detection_class": null}, {"x": 0.22969, "y": 0.0, "width": 0.34219, "height": 0.425, "frame": 1906, "start": "0:01:03.59693", "end": "0:01:03.630297", "confidence": 0.0, "detection_class": null}, {"x": 0.22812, "y": 0.0, "width": 0.34375, "height": 0.4, "frame": 1907, "start": "0:01:03.630297", "end": "0:01:03.663664", "confidence": 0.499, "detection_class": "cup"}, {"x": 0.22656, "y": 0.0, "width": 0.34375, "height": 0.40833, "frame": 1908, "start": "0:01:03.663664", "end": "0:01:03.69703", "confidence": 0.0, "detection_class": null}, {"x": 0.225, "y": 0.0, "width": 0.34375, "height": 0.41944, "frame": 1909, "start": "0:01:03.69703", "end": "0:01:03.730397", "confidence": 0.0, "detection_class": null}, {"x": 0.225, "y": 0.0, "width": 0.34375, "height": 0.42778, "frame": 1910, "start": "0:01:03.730397", "end": "0:01:03.763764", "confidence": 0.0, "detection_class": null}, {"x": 0.22344, "y": 0.0, "width": 0.34375, "height": 0.43889, "frame": 1911, "start": "0:01:03.763764", "end": "0:01:03.79713", "confidence": 0.0, "detection_class": null}, {"x": 0.22344, "y": 0.0, "width": 0.34375, "height": 0.45, "frame": 1912, "start": "0:01:03.79713", "end": "0:01:03.830497", "confidence": 0.857, "detection_class": "cup"}, {"x": 0.20156, "y": 0.0, "width": 0.35781, "height": 0.60556, "frame": 1927, "start": "0:01:04.297631", "end": "0:01:04.330998", "confidence": 0.329, "detection_class": "cup"}, {"x": 0.20469, "y": 0.0, "width": 0.35469, "height": 0.59167, "frame": 1928, "start": "0:01:04.330998", "end": "0:01:04.364364", "confidence": 0.0, "detection_class": null}, {"x": 0.20938, "y": 0.0, "width": 0.35, "height": 0.58056, "frame": 1929, "start": "0:01:04.364364", "end": "0:01:04.397731", "confidence": 0.0, "detection_class": null}, {"x": 0.2125, "y": 0.0, "width": 0.34687, "height": 0.56667, "frame": 1930, "start": "0:01:04.397731", "end": "0:01:04.431098", "confidence": 0.0, "detection_class": null}, {"x": 0.21719, "y": 0.0, "width": 0.34219, "height": 0.55556, "frame": 1931, "start": "0:01:04.431098", "end": "0:01:04.464464", "confidence": 0.0, "detection_class": null}, {"x": 0.22187, "y": 0.00278, "width": 0.33906, "height": 0.54167, "frame": 1932, "start": "0:01:04.464464", "end": "0:01:04.497831", "confidence": 0.513, "detection_class": "cup"}, {"x": 0.21406, "y": 0.00278, "width": 0.34375, "height": 0.53056, "frame": 1933, "start": "0:01:04.497831", "end": "0:01:04.531198", "confidence": 0.0, "detection_class": null}, {"x": 0.20781, "y": 0.00556, "width": 0.34844, "height": 0.51944, "frame": 1934, "start": "0:01:04.531198", "end": "0:01:04.564565", "confidence": 0.0, "detection_class": null}, {"x": 0.20156, "y": 0.00556, "width": 0.35313, "height": 0.50833, "frame": 1935, "start": "0:01:04.564565", "end": "0:01:04.597931", "confidence": 0.0, "detection_class": null}, {"x": 0.19531, "y": 0.00833, "width": 0.35781, "height": 0.49722, "frame": 1936, "start": "0:01:04.597931", "end": "0:01:04.631298", "confidence": 0.0, "detection_class": null}, {"x": 0.18906, "y": 0.01111, "width": 0.3625, "height": 0.48611, "frame": 1937, "start": "0:01:04.631298", "end": "0:01:04.664665", "confidence": 0.267, "detection_class": "cup"}, {"x": 0.18906, "y": 0.00833, "width": 0.35781, "height": 0.475, "frame": 1938, "start": "0:01:04.664665", "end": "0:01:04.698031", "confidence": 0.0, "detection_class": null}, {"x": 0.19062, "y": 0.00833, "width": 0.35156, "height": 0.46389, "frame": 1939, "start": "0:01:04.698031", "end": "0:01:04.731398", "confidence": 0.0, "detection_class": null}, {"x": 0.19219, "y": 0.00556, "width": 0.34531, "height": 0.45278, "frame": 1940, "start": "0:01:04.731398", "end": "0:01:04.764765", "confidence": 0.0, "detection_class": null}, {"x": 0.19375, "y": 0.00556, "width": 0.33906, "height": 0.44167, "frame": 1941, "start": "0:01:04.764765", "end": "0:01:04.798131", "confidence": 0.0, "detection_class": null}, {"x": 0.19531, "y": 0.00556, "width": 0.33437, "height": 0.43056, "frame": 1942, "start": "0:01:04.798131", "end": "0:01:04.831498", "confidence": 0.0, "detection_class": null}, {"x": 0.19687, "y": 0.00278, "width": 0.32812, "height": 0.41944, "frame": 1943, "start": "0:01:04.831498", "end": "0:01:04.864865", "confidence": 0.0, "detection_class": null}, {"x": 0.19844, "y": 0.00278, "width": 0.32188, "height": 0.40833, "frame": 1944, "start": "0:01:04.864865", "end": "0:01:04.898232", "confidence": 0.0, "detection_class": null}, {"x": 0.2, "y": 0.0, "width": 0.31562, "height": 0.39722, "frame": 1945, "start": "0:01:04.898232", "end": "0:01:04.931598", "confidence": 0.0, "detection_class": null}, {"x": 0.20156, "y": 0.0, "width": 0.30938, "height": 0.38611, "frame": 1946, "start": "0:01:04.931598", "end": "0:01:04.964965", "confidence": 0.0, "detection_class": null}, {"x": 0.20312, "y": 0.0, "width": 0.30469, "height": 0.375, "frame": 1947, "start": "0:01:04.964965", "end": "0:01:04.998332", "confidence": 0.506, "detection_class": "cup"}, {"x": 0.2, "y": 0.0, "width": 0.30312, "height": 0.36667, "frame": 1948, "start": "0:01:04.998332", "end": "0:01:05.031698", "confidence": 0.0, "detection_class": null}, {"x": 0.19844, "y": 0.0, "width": 0.3, "height": 0.36111, "frame": 1949, "start": "0:01:05.031698", "end": "0:01:05.065065", "confidence": 0.0, "detection_class": null}, {"x": 0.19531, "y": 0.0, "width": 0.29844, "height": 0.35556, "frame": 1950, "start": "0:01:05.065065", "end": "0:01:05.098432", "confidence": 0.0, "detection_class": null}, {"x": 0.19375, "y": 0.0, "width": 0.29531, "height": 0.35, "frame": 1951, "start": "0:01:05.098432", "end": "0:01:05.131798", "confidence": 0.0, "detection_class": null}, {"x": 0.19219, "y": 0.0, "width": 0.29375, "height": 0.34444, "frame": 1952, "start": "0:01:05.131798", "end": "0:01:05.165165", "confidence": 0.443, "detection_class": "cup"}, {"x": 0.19219, "y": 0.0, "width": 0.28906, "height": 0.34167, "frame": 1953, "start": "0:01:05.165165", "end": "0:01:05.198532", "confidence": 0.0, "detection_class": null}, {"x": 0.19219, "y": 0.0, "width": 0.28437, "height": 0.33889, "frame": 1954, "start": "0:01:05.198532", "end": "0:01:05.231899", "confidence": 0.0, "detection_class": null}, {"x": 0.19219, "y": 0.0, "width": 0.27969, "height": 0.33611, "frame": 1955, "start": "0:01:05.231899", "end": "0:01:05.265265", "confidence": 0.0, "detection_class": null}, {"x": 0.19219, "y": 0.0, "width": 0.275, "height": 0.33333, "frame": 1956, "start": "0:01:05.265265", "end": "0:01:05.298632", "confidence": 0.0, "detection_class": null}, {"x": 0.19219, "y": 0.00278, "width": 0.27187, "height": 0.33056, "frame": 1957, "start": "0:01:05.298632", "end": "0:01:05.331999", "confidence": 0.18, "detection_class": "cup"}, {"x": 0.18906, "y": 0.0, "width": 0.27344, "height": 0.33333, "frame": 1958, "start": "0:01:05.331999", "end": "0:01:05.365365", "confidence": 0.0, "detection_class": null}, {"x": 0.1875, "y": 0.0, "width": 0.27344, "height": 0.33611, "frame": 1959, "start": "0:01:05.365365", "end": "0:01:05.398732", "confidence": 0.0, "detection_class": null}, {"x": 0.18594, "y": 0.0, "width": 0.27344, "height": 0.33889, "frame": 1960, "start": "0:01:05.398732", "end": "0:01:05.432099", "confidence": 0.0, "detection_class": null}, {"x": 0.18438, "y": 0.0, "width": 0.27344, "height": 0.34167, "frame": 1961, "start": "0:01:05.432099", "end": "0:01:05.465465", "confidence": 0.0, "detection_class": null}, {"x": 0.18281, "y": 0.0, "width": 0.27344, "height": 0.34444, "frame": 1962, "start": "0:01:05.465465", "end": "0:01:05.498832", "confidence": 0.261, "detection_class": "cup"}, {"x": 0.18125, "y": 0.0, "width": 0.27344, "height": 0.34444, "frame": 1963, "start": "0:01:05.498832", "end": "0:01:05.532199", "confidence": 0.0, "detection_class": null}, {"x": 0.17969, "y": 0.0, "width": 0.27344, "height": 0.34444, "frame": 1964, "start": "0:01:05.532199", "end": "0:01:05.565566", "confidence": 0.0, "detection_class": null}, {"x": 0.17813, "y": 0.0, "width": 0.27344, "height": 0.34444, "frame": 1965, "start": "0:01:05.565566", "end": "0:01:05.598932", "confidence": 0.0, "detection_class": null}, {"x": 0.17656, "y": 0.0, "width": 0.27344, "height": 0.34444, "frame": 1966, "start": "0:01:05.598932", "end": "0:01:05.632299", "confidence": 0.0, "detection_class": null}, {"x": 0.17656, "y": 0.0, "width": 0.27187, "height": 0.34444, "frame": 1967, "start": "0:01:05.632299", "end": "0:01:05.665666", "confidence": 0.172, "detection_class": "cup"}, {"x": 0.17656, "y": 0.0, "width": 0.27031, "height": 0.34167, "frame": 1968, "start": "0:01:05.665666", "end": "0:01:05.699032", "confidence": 0.0, "detection_class": null}, {"x": 0.17656, "y": 0.0, "width": 0.26875, "height": 0.34167, "frame": 1969, "start": "0:01:05.699032", "end": "0:01:05.732399", "confidence": 0.0, "detection_class": null}, {"x": 0.17656, "y": 0.0, "width": 0.26719, "height": 0.33889, "frame": 1970, "start": "0:01:05.732399", "end": "0:01:05.765766", "confidence": 0.0, "detection_class": null}, {"x": 0.17656, "y": 0.0, "width": 0.26562, "height": 0.33889, "frame": 1971, "start": "0:01:05.765766", "end": "0:01:05.799132", "confidence": 0.0, "detection_class": null}, {"x": 0.17813, "y": 0.0, "width": 0.2625, "height": 0.33889, "frame": 1972, "start": "0:01:05.799132", "end": "0:01:05.832499", "confidence": 0.0, "detection_class": null}, {"x": 0.17813, "y": 0.0, "width": 0.26094, "height": 0.33611, "frame": 1973, "start": "0:01:05.832499", "end": "0:01:05.865866", "confidence": 0.0, "detection_class": null}, {"x": 0.17813, "y": 0.0, "width": 0.25938, "height": 0.33611, "frame": 1974, "start": "0:01:05.865866", "end": "0:01:05.899233", "confidence": 0.0, "detection_class": null}, {"x": 0.17813, "y": 0.0, "width": 0.25781, "height": 0.33333, "frame": 1975, "start": "0:01:05.899233", "end": "0:01:05.932599", "confidence": 0.0, "detection_class": null}, {"x": 0.17813, "y": 0.0, "width": 0.25625, "height": 0.33333, "frame": 1976, "start": "0:01:05.932599", "end": "0:01:05.965966", "confidence": 0.0, "detection_class": null}, {"x": 0.17969, "y": 0.0, "width": 0.25312, "height": 0.33333, "frame": 1977, "start": "0:01:05.965966", "end": "0:01:05.999333", "confidence": 0.252, "detection_class": "cup"}, {"x": 0.17969, "y": 0.0, "width": 0.25312, "height": 0.33333, "frame": 1978, "start": "0:01:05.999333", "end": "0:01:06.032699", "confidence": 0.0, "detection_class": null}, {"x": 0.18125, "y": 0.0, "width": 0.25156, "height": 0.33333, "frame": 1979, "start": "0:01:06.032699", "end": "0:01:06.066066", "confidence": 0.0, "detection_class": null}, {"x": 0.18281, "y": 0.0, "width": 0.25, "height": 0.33333, "frame": 1980, "start": "0:01:06.066066", "end": "0:01:06.099433", "confidence": 0.0, "detection_class": null}, {"x": 0.18438, "y": 0.0, "width": 0.24844, "height": 0.33333, "frame": 1981, "start": "0:01:06.099433", "end": "0:01:06.132799", "confidence": 0.0, "detection_class": null}, {"x": 0.18594, "y": 0.0, "width": 0.24688, "height": 0.33333, "frame": 1982, "start": "0:01:06.132799", "end": "0:01:06.166166", "confidence": 0.181, "detection_class": "cup"}, {"x": 0.18594, "y": 0.0, "width": 0.24531, "height": 0.33333, "frame": 1983, "start": "0:01:06.166166", "end": "0:01:06.199533", "confidence": 0.0, "detection_class": null}, {"x": 0.18594, "y": 0.0, "width": 0.24375, "height": 0.33333, "frame": 1984, "start": "0:01:06.199533", "end": "0:01:06.2329", "confidence": 0.0, "detection_class": null}, {"x": 0.18594, "y": 0.0, "width": 0.24219, "height": 0.33333, "frame": 1985, "start": "0:01:06.2329", "end": "0:01:06.266266", "confidence": 0.0, "detection_class": null}, {"x": 0.18594, "y": 0.0, "width": 0.24063, "height": 0.33333, "frame": 1986, "start": "0:01:06.266266", "end": "0:01:06.299633", "confidence": 0.0, "detection_class": null}, {"x": 0.18594, "y": 0.0, "width": 0.24063, "height": 0.33333, "frame": 1987, "start": "0:01:06.299633", "end": "0:01:06.333", "confidence": 0.328, "detection_class": "cup"}, {"x": 0.18594, "y": 0.0, "width": 0.2375, "height": 0.32778, "frame": 1988, "start": "0:01:06.333", "end": "0:01:06.366366", "confidence": 0.229, "detection_class": "cup"}]}, {"id": 3, "type": "Bed", "wikiDataID": "Q42177", "instances": [{"x": 0.28594, "y": 0.14722, "width": 0.71094, "height": 0.825, "frame": 2702, "start": "0:01:30.156823", "end": "0:01:30.19019", "confidence": 0.493, "detection_class": "bed"}, {"x": 0.28281, "y": 0.14444, "width": 0.71406, "height": 0.82778, "frame": 2703, "start": "0:01:30.19019", "end": "0:01:30.223557", "confidence": 0.0, "detection_class": null}, {"x": 0.28125, "y": 0.14167, "width": 0.71562, "height": 0.83056, "frame": 2704, "start": "0:01:30.223557", "end": "0:01:30.256924", "confidence": 0.0, "detection_class": null}, {"x": 0.27969, "y": 0.14167, "width": 0.71719, "height": 0.83333, "frame": 2705, "start": "0:01:30.256924", "end": "0:01:30.29029", "confidence": 0.0, "detection_class": null}, {"x": 0.27813, "y": 0.13889, "width": 0.71875, "height": 0.83611, "frame": 2706, "start": "0:01:30.29029", "end": "0:01:30.323657", "confidence": 0.0, "detection_class": null}, {"x": 0.27656, "y": 0.13889, "width": 0.72031, "height": 0.83889, "frame": 2707, "start": "0:01:30.323657", "end": "0:01:30.357024", "confidence": 0.534, "detection_class": "bed"}, {"x": 0.275, "y": 0.14167, "width": 0.72188, "height": 0.83889, "frame": 2708, "start": "0:01:30.357024", "end": "0:01:30.39039", "confidence": 0.0, "detection_class": null}, {"x": 0.27344, "y": 0.14444, "width": 0.72344, "height": 0.83889, "frame": 2709, "start": "0:01:30.39039", "end": "0:01:30.423757", "confidence": 0.0, "detection_class": null}, {"x": 0.27344, "y": 0.14722, "width": 0.72344, "height": 0.83889, "frame": 2710, "start": "0:01:30.423757", "end": "0:01:30.457124", "confidence": 0.0, "detection_class": null}, {"x": 0.27187, "y": 0.15, "width": 0.725, "height": 0.83889, "frame": 2711, "start": "0:01:30.457124", "end": "0:01:30.49049", "confidence": 0.0, "detection_class": null}, {"x": 0.27187, "y": 0.15556, "width": 0.72656, "height": 0.83889, "frame": 2712, "start": "0:01:30.49049", "end": "0:01:30.523857", "confidence": 0.494, "detection_class": "bed"}, {"x": 0.22812, "y": 0.15278, "width": 0.76875, "height": 0.83889, "frame": 2713, "start": "0:01:30.523857", "end": "0:01:30.557224", "confidence": 0.0, "detection_class": null}, {"x": 0.18438, "y": 0.15, "width": 0.81094, "height": 0.83889, "frame": 2714, "start": "0:01:30.557224", "end": "0:01:30.590591", "confidence": 0.0, "detection_class": null}, {"x": 0.14219, "y": 0.15, "width": 0.85313, "height": 0.83889, "frame": 2715, "start": "0:01:30.590591", "end": "0:01:30.623957", "confidence": 0.0, "detection_class": null}, {"x": 0.09844, "y": 0.14722, "width": 0.89531, "height": 0.83889, "frame": 2716, "start": "0:01:30.623957", "end": "0:01:30.657324", "confidence": 0.0, "detection_class": null}, {"x": 0.05625, "y": 0.14722, "width": 0.9375, "height": 0.83889, "frame": 2717, "start": "0:01:30.657324", "end": "0:01:30.690691", "confidence": 0.621, "detection_class": "bed", "isBest": true}, {"x": 0.06406, "y": 0.14167, "width": 0.92969, "height": 0.84444, "frame": 2718, "start": "0:01:30.690691", "end": "0:01:30.724057", "confidence": 0.0, "detection_class": null}, {"x": 0.07187, "y": 0.13611, "width": 0.92344, "height": 0.85, "frame": 2719, "start": "0:01:30.724057", "end": "0:01:30.757424", "confidence": 0.0, "detection_class": null}, {"x": 0.07969, "y": 0.13056, "width": 0.91563, "height": 0.85556, "frame": 2720, "start": "0:01:30.757424", "end": "0:01:30.790791", "confidence": 0.0, "detection_class": null}, {"x": 0.0875, "y": 0.125, "width": 0.90938, "height": 0.86111, "frame": 2721, "start": "0:01:30.790791", "end": "0:01:30.824157", "confidence": 0.0, "detection_class": null}, {"x": 0.09688, "y": 0.11944, "width": 0.90156, "height": 0.86667, "frame": 2722, "start": "0:01:30.824157", "end": "0:01:30.857524", "confidence": 0.407, "detection_class": "bed"}, {"x": 0.12031, "y": 0.12222, "width": 0.87656, "height": 0.86111, "frame": 2723, "start": "0:01:30.857524", "end": "0:01:30.890891", "confidence": 0.0, "detection_class": null}, {"x": 0.14531, "y": 0.125, "width": 0.85156, "height": 0.85833, "frame": 2724, "start": "0:01:30.890891", "end": "0:01:30.924258", "confidence": 0.0, "detection_class": null}, {"x": 0.17031, "y": 0.12778, "width": 0.82656, "height": 0.85556, "frame": 2725, "start": "0:01:30.924258", "end": "0:01:30.957624", "confidence": 0.0, "detection_class": null}, {"x": 0.19375, "y": 0.13333, "width": 0.80312, "height": 0.85, "frame": 2726, "start": "0:01:30.957624", "end": "0:01:30.990991", "confidence": 0.0, "detection_class": null}, {"x": 0.21875, "y": 0.13611, "width": 0.77812, "height": 0.84722, "frame": 2727, "start": "0:01:30.990991", "end": "0:01:31.024358", "confidence": 0.0, "detection_class": null}, {"x": 0.24375, "y": 0.13889, "width": 0.75313, "height": 0.84444, "frame": 2728, "start": "0:01:31.024358", "end": "0:01:31.057724", "confidence": 0.0, "detection_class": null}, {"x": 0.26719, "y": 0.14444, "width": 0.72969, "height": 0.83889, "frame": 2729, "start": "0:01:31.057724", "end": "0:01:31.091091", "confidence": 0.0, "detection_class": null}, {"x": 0.29219, "y": 0.14722, "width": 0.70469, "height": 0.83611, "frame": 2730, "start": "0:01:31.091091", "end": "0:01:31.124458", "confidence": 0.0, "detection_class": null}, {"x": 0.31719, "y": 0.15, "width": 0.67969, "height": 0.83333, "frame": 2731, "start": "0:01:31.124458", "end": "0:01:31.157824", "confidence": 0.0, "detection_class": null}, {"x": 0.34219, "y": 0.15556, "width": 0.65469, "height": 0.82778, "frame": 2732, "start": "0:01:31.157824", "end": "0:01:31.191191", "confidence": 0.625, "detection_class": "bed"}, {"x": 0.32969, "y": 0.15556, "width": 0.66563, "height": 0.82778, "frame": 2733, "start": "0:01:31.191191", "end": "0:01:31.224558", "confidence": 0.0, "detection_class": null}, {"x": 0.31875, "y": 0.15556, "width": 0.67656, "height": 0.82778, "frame": 2734, "start": "0:01:31.224558", "end": "0:01:31.257925", "confidence": 0.0, "detection_class": null}, {"x": 0.30625, "y": 0.15556, "width": 0.6875, "height": 0.82778, "frame": 2735, "start": "0:01:31.257925", "end": "0:01:31.291291", "confidence": 0.0, "detection_class": null}, {"x": 0.29531, "y": 0.15556, "width": 0.69844, "height": 0.82778, "frame": 2736, "start": "0:01:31.291291", "end": "0:01:31.324658", "confidence": 0.0, "detection_class": null}, {"x": 0.28437, "y": 0.15833, "width": 0.70937, "height": 0.82778, "frame": 2737, "start": "0:01:31.324658", "end": "0:01:31.358025", "confidence": 0.572, "detection_class": "bed"}, {"x": 0.25781, "y": 0.15556, "width": 0.73594, "height": 0.82778, "frame": 2738, "start": "0:01:31.358025", "end": "0:01:31.391391", "confidence": 0.0, "detection_class": null}, {"x": 0.23125, "y": 0.15278, "width": 0.7625, "height": 0.83056, "frame": 2739, "start": "0:01:31.391391", "end": "0:01:31.424758", "confidence": 0.0, "detection_class": null}, {"x": 0.20625, "y": 0.15, "width": 0.7875, "height": 0.83056, "frame": 2740, "start": "0:01:31.424758", "end": "0:01:31.458125", "confidence": 0.0, "detection_class": null}, {"x": 0.17969, "y": 0.14722, "width": 0.81406, "height": 0.83333, "frame": 2741, "start": "0:01:31.458125", "end": "0:01:31.491491", "confidence": 0.0, "detection_class": null}, {"x": 0.15469, "y": 0.14444, "width": 0.83906, "height": 0.83611, "frame": 2742, "start": "0:01:31.491491", "end": "0:01:31.524858", "confidence": 0.702, "detection_class": "bed"}, {"x": 0.1625, "y": 0.14167, "width": 0.83125, "height": 0.83889, "frame": 2743, "start": "0:01:31.524858", "end": "0:01:31.558225", "confidence": 0.0, "detection_class": null}, {"x": 0.17188, "y": 0.13889, "width": 0.82188, "height": 0.84167, "frame": 2744, "start": "0:01:31.558225", "end": "0:01:31.591592", "confidence": 0.0, "detection_class": null}, {"x": 0.17969, "y": 0.13611, "width": 0.81406, "height": 0.84722, "frame": 2745, "start": "0:01:31.591592", "end": "0:01:31.624958", "confidence": 0.0, "detection_class": null}, {"x": 0.18906, "y": 0.13333, "width": 0.80469, "height": 0.85, "frame": 2746, "start": "0:01:31.624958", "end": "0:01:31.658325", "confidence": 0.0, "detection_class": null}, {"x": 0.19844, "y": 0.13333, "width": 0.79531, "height": 0.85278, "frame": 2747, "start": "0:01:31.658325", "end": "0:01:31.691692", "confidence": 0.624, "detection_class": "bed"}, {"x": 0.19844, "y": 0.13611, "width": 0.79375, "height": 0.84722, "frame": 2748, "start": "0:01:31.691692", "end": "0:01:31.725058", "confidence": 0.0, "detection_class": null}, {"x": 0.19844, "y": 0.13889, "width": 0.79375, "height": 0.84444, "frame": 2749, "start": "0:01:31.725058", "end": "0:01:31.758425", "confidence": 0.0, "detection_class": null}, {"x": 0.2, "y": 0.14444, "width": 0.79219, "height": 0.83611, "frame": 2750, "start": "0:01:31.758425", "end": "0:01:31.791792", "confidence": 0.0, "detection_class": null}, {"x": 0.2, "y": 0.14722, "width": 0.79219, "height": 0.83333, "frame": 2751, "start": "0:01:31.791792", "end": "0:01:31.825158", "confidence": 0.0, "detection_class": null}, {"x": 0.20156, "y": 0.15278, "width": 0.79063, "height": 0.82778, "frame": 2752, "start": "0:01:31.825158", "end": "0:01:31.858525", "confidence": 0.777, "detection_class": "bed"}, {"x": 0.18906, "y": 0.14722, "width": 0.80312, "height": 0.83333, "frame": 2753, "start": "0:01:31.858525", "end": "0:01:31.891892", "confidence": 0.0, "detection_class": null}, {"x": 0.17813, "y": 0.14167, "width": 0.81563, "height": 0.83889, "frame": 2754, "start": "0:01:31.891892", "end": "0:01:31.925259", "confidence": 0.0, "detection_class": null}, {"x": 0.16562, "y": 0.13889, "width": 0.82812, "height": 0.84167, "frame": 2755, "start": "0:01:31.925259", "end": "0:01:31.958625", "confidence": 0.0, "detection_class": null}, {"x": 0.15469, "y": 0.13333, "width": 0.84062, "height": 0.84722, "frame": 2756, "start": "0:01:31.958625", "end": "0:01:31.991992", "confidence": 0.0, "detection_class": null}, {"x": 0.14375, "y": 0.13056, "width": 0.85313, "height": 0.85278, "frame": 2757, "start": "0:01:31.991992", "end": "0:01:32.025359", "confidence": 0.415, "detection_class": "bed"}, {"x": 0.12187, "y": 0.12778, "width": 0.87344, "height": 0.85556, "frame": 2758, "start": "0:01:32.025359", "end": "0:01:32.058725", "confidence": 0.0, "detection_class": null}, {"x": 0.1, "y": 0.125, "width": 0.89531, "height": 0.85833, "frame": 2759, "start": "0:01:32.058725", "end": "0:01:32.092092", "confidence": 0.0, "detection_class": null}, {"x": 0.07812, "y": 0.12222, "width": 0.91719, "height": 0.86111, "frame": 2760, "start": "0:01:32.092092", "end": "0:01:32.125459", "confidence": 0.0, "detection_class": null}, {"x": 0.05625, "y": 0.11944, "width": 0.93906, "height": 0.86389, "frame": 2761, "start": "0:01:32.125459", "end": "0:01:32.158825", "confidence": 0.0, "detection_class": null}, {"x": 0.03438, "y": 0.11944, "width": 0.96094, "height": 0.86667, "frame": 2762, "start": "0:01:32.158825", "end": "0:01:32.192192", "confidence": 0.609, "detection_class": "bed"}, {"x": 0.03438, "y": 0.11667, "width": 0.95937, "height": 0.86667, "frame": 2763, "start": "0:01:32.192192", "end": "0:01:32.225559", "confidence": 0.0, "detection_class": null}, {"x": 0.03438, "y": 0.11667, "width": 0.95937, "height": 0.86667, "frame": 2764, "start": "0:01:32.225559", "end": "0:01:32.258926", "confidence": 0.0, "detection_class": null}, {"x": 0.03438, "y": 0.11667, "width": 0.95781, "height": 0.86667, "frame": 2765, "start": "0:01:32.258926", "end": "0:01:32.292292", "confidence": 0.0, "detection_class": null}, {"x": 0.03438, "y": 0.11667, "width": 0.95781, "height": 0.86667, "frame": 2766, "start": "0:01:32.292292", "end": "0:01:32.325659", "confidence": 0.0, "detection_class": null}, {"x": 0.03438, "y": 0.11667, "width": 0.95781, "height": 0.86667, "frame": 2767, "start": "0:01:32.325659", "end": "0:01:32.359026", "confidence": 0.414, "detection_class": "bed"}, {"x": 0.19062, "y": 0.16389, "width": 0.80312, "height": 0.81389, "frame": 2787, "start": "0:01:32.992993", "end": "0:01:33.02636", "confidence": 0.45, "detection_class": "bed"}, {"x": 0.19531, "y": 0.16389, "width": 0.79844, "height": 0.81389, "frame": 2788, "start": "0:01:33.02636", "end": "0:01:33.059726", "confidence": 0.0, "detection_class": null}, {"x": 0.2, "y": 0.16389, "width": 0.79375, "height": 0.81389, "frame": 2789, "start": "0:01:33.059726", "end": "0:01:33.093093", "confidence": 0.0, "detection_class": null}, {"x": 0.20625, "y": 0.16667, "width": 0.7875, "height": 0.81111, "frame": 2790, "start": "0:01:33.093093", "end": "0:01:33.12646", "confidence": 0.0, "detection_class": null}, {"x": 0.21094, "y": 0.16667, "width": 0.78281, "height": 0.81111, "frame": 2791, "start": "0:01:33.12646", "end": "0:01:33.159826", "confidence": 0.0, "detection_class": null}, {"x": 0.21719, "y": 0.16944, "width": 0.77656, "height": 0.80833, "frame": 2792, "start": "0:01:33.159826", "end": "0:01:33.193193", "confidence": 0.613, "detection_class": "bed"}, {"x": 0.2, "y": 0.16944, "width": 0.79375, "height": 0.80833, "frame": 2793, "start": "0:01:33.193193", "end": "0:01:33.22656", "confidence": 0.0, "detection_class": null}, {"x": 0.18281, "y": 0.16944, "width": 0.81094, "height": 0.80833, "frame": 2794, "start": "0:01:33.22656", "end": "0:01:33.259927", "confidence": 0.0, "detection_class": null}, {"x": 0.16719, "y": 0.16944, "width": 0.82656, "height": 0.80833, "frame": 2795, "start": "0:01:33.259927", "end": "0:01:33.293293", "confidence": 0.0, "detection_class": null}, {"x": 0.15, "y": 0.16944, "width": 0.84375, "height": 0.80833, "frame": 2796, "start": "0:01:33.293293", "end": "0:01:33.32666", "confidence": 0.0, "detection_class": null}, {"x": 0.13437, "y": 0.17222, "width": 0.86094, "height": 0.80556, "frame": 2797, "start": "0:01:33.32666", "end": "0:01:33.360027", "confidence": 0.587, "detection_class": "bed"}, {"x": 0.12969, "y": 0.17222, "width": 0.86562, "height": 0.80556, "frame": 2798, "start": "0:01:33.360027", "end": "0:01:33.393393", "confidence": 0.0, "detection_class": null}, {"x": 0.125, "y": 0.17222, "width": 0.87031, "height": 0.80556, "frame": 2799, "start": "0:01:33.393393", "end": "0:01:33.42676", "confidence": 0.0, "detection_class": null}, {"x": 0.12031, "y": 0.17222, "width": 0.875, "height": 0.80556, "frame": 2800, "start": "0:01:33.42676", "end": "0:01:33.460127", "confidence": 0.0, "detection_class": null}, {"x": 0.11563, "y": 0.17222, "width": 0.87969, "height": 0.80556, "frame": 2801, "start": "0:01:33.460127", "end": "0:01:33.493493", "confidence": 0.0, "detection_class": null}, {"x": 0.1125, "y": 0.175, "width": 0.88281, "height": 0.80278, "frame": 2802, "start": "0:01:33.493493", "end": "0:01:33.52686", "confidence": 0.482, "detection_class": "bed"}]}, {"id": 4, "type": "Clock", "wikiDataID": "Q376", "instances": [{"x": 0.37188, "y": 0.07778, "width": 0.29688, "height": 0.82222, "frame": 6960, "start": "0:03:52.232232", "end": "0:03:52.265599", "confidence": 0.875, "detection_class": "clock", "isBest": true}, {"x": 0.37188, "y": 0.07778, "width": 0.29688, "height": 0.82222, "frame": 6961, "start": "0:03:52.265599", "end": "0:03:52.298966", "confidence": 0.0, "detection_class": null}, {"x": 0.37188, "y": 0.07778, "width": 0.29688, "height": 0.82222, "frame": 6962, "start": "0:03:52.298966", "end": "0:03:52.332332", "confidence": 0.0, "detection_class": null}, {"x": 0.37188, "y": 0.07778, "width": 0.29688, "height": 0.82222, "frame": 6963, "start": "0:03:52.332332", "end": "0:03:52.365699", "confidence": 0.0, "detection_class": null}, {"x": 0.37188, "y": 0.07778, "width": 0.29688, "height": 0.82222, "frame": 6964, "start": "0:03:52.365699", "end": "0:03:52.399066", "confidence": 0.0, "detection_class": null}, {"x": 0.37188, "y": 0.07778, "width": 0.29844, "height": 0.82222, "frame": 6965, "start": "0:03:52.399066", "end": "0:03:52.432432", "confidence": 0.914, "detection_class": "clock"}, {"x": 0.37188, "y": 0.075, "width": 0.29844, "height": 0.825, "frame": 6966, "start": "0:03:52.432432", "end": "0:03:52.465799", "confidence": 0.0, "detection_class": null}, {"x": 0.37188, "y": 0.075, "width": 0.29844, "height": 0.825, "frame": 6967, "start": "0:03:52.465799", "end": "0:03:52.499166", "confidence": 0.0, "detection_class": null}, {"x": 0.37188, "y": 0.07222, "width": 0.29844, "height": 0.82778, "frame": 6968, "start": "0:03:52.499166", "end": "0:03:52.532533", "confidence": 0.0, "detection_class": null}, {"x": 0.37188, "y": 0.07222, "width": 0.29844, "height": 0.82778, "frame": 6969, "start": "0:03:52.532533", "end": "0:03:52.565899", "confidence": 0.0, "detection_class": null}, {"x": 0.37344, "y": 0.07222, "width": 0.29688, "height": 0.82778, "frame": 6970, "start": "0:03:52.565899", "end": "0:03:52.599266", "confidence": 0.913, "detection_class": "clock"}, {"x": 0.37344, "y": 0.07222, "width": 0.29531, "height": 0.82778, "frame": 6971, "start": "0:03:52.599266", "end": "0:03:52.632633", "confidence": 0.0, "detection_class": null}, {"x": 0.37344, "y": 0.075, "width": 0.29531, "height": 0.825, "frame": 6972, "start": "0:03:52.632633", "end": "0:03:52.665999", "confidence": 0.0, "detection_class": null}, {"x": 0.37344, "y": 0.075, "width": 0.29531, "height": 0.825, "frame": 6973, "start": "0:03:52.665999", "end": "0:03:52.699366", "confidence": 0.0, "detection_class": null}, {"x": 0.37344, "y": 0.07778, "width": 0.29531, "height": 0.82222, "frame": 6974, "start": "0:03:52.699366", "end": "0:03:52.732733", "confidence": 0.0, "detection_class": null}, {"x": 0.37344, "y": 0.08056, "width": 0.29531, "height": 0.81944, "frame": 6975, "start": "0:03:52.732733", "end": "0:03:52.766099", "confidence": 0.908, "detection_class": "clock"}]}, {"id": 5, "type": "Chair", "wikiDataID": "Q15026", "instances": [{"x": 0.08281, "y": 0.73889, "width": 0.21563, "height": 0.25833, "frame": 9024, "start": "0:05:01.101101", "end": "0:05:01.134468", "confidence": 0.666, "detection_class": "chair", "isBest": true}, {"x": 0.08281, "y": 0.73056, "width": 0.21563, "height": 0.26389, "frame": 9025, "start": "0:05:01.134468", "end": "0:05:01.167835", "confidence": 0.0, "detection_class": null}, {"x": 0.08281, "y": 0.72222, "width": 0.21563, "height": 0.27222, "frame": 9026, "start": "0:05:01.167835", "end": "0:05:01.201201", "confidence": 0.0, "detection_class": null}, {"x": 0.08281, "y": 0.71389, "width": 0.21563, "height": 0.28056, "frame": 9027, "start": "0:05:01.201201", "end": "0:05:01.234568", "confidence": 0.0, "detection_class": null}, {"x": 0.08281, "y": 0.70556, "width": 0.21563, "height": 0.28889, "frame": 9028, "start": "0:05:01.234568", "end": "0:05:01.267935", "confidence": 0.0, "detection_class": null}, {"x": 0.08438, "y": 0.7, "width": 0.21406, "height": 0.29444, "frame": 9029, "start": "0:05:01.267935", "end": "0:05:01.301301", "confidence": 0.663, "detection_class": "chair"}, {"x": 0.07812, "y": 0.68333, "width": 0.22031, "height": 0.31111, "frame": 9030, "start": "0:05:01.301301", "end": "0:05:01.334668", "confidence": 0.0, "detection_class": null}, {"x": 0.07187, "y": 0.66944, "width": 0.22656, "height": 0.325, "frame": 9031, "start": "0:05:01.334668", "end": "0:05:01.368035", "confidence": 0.0, "detection_class": null}, {"x": 0.06563, "y": 0.65556, "width": 0.23281, "height": 0.33889, "frame": 9032, "start": "0:05:01.368035", "end": "0:05:01.401401", "confidence": 0.0, "detection_class": null}, {"x": 0.05937, "y": 0.64167, "width": 0.23906, "height": 0.35278, "frame": 9033, "start": "0:05:01.401401", "end": "0:05:01.434768", "confidence": 0.0, "detection_class": null}, {"x": 0.05469, "y": 0.62778, "width": 0.24375, "height": 0.36944, "frame": 9034, "start": "0:05:01.434768", "end": "0:05:01.468135", "confidence": 0.674, "detection_class": "chair"}, {"x": 0.04844, "y": 0.61667, "width": 0.25, "height": 0.37778, "frame": 9035, "start": "0:05:01.468135", "end": "0:05:01.501502", "confidence": 0.0, "detection_class": null}, {"x": 0.04219, "y": 0.60556, "width": 0.25625, "height": 0.38889, "frame": 9036, "start": "0:05:01.501502", "end": "0:05:01.534868", "confidence": 0.0, "detection_class": null}, {"x": 0.03594, "y": 0.59444, "width": 0.2625, "height": 0.4, "frame": 9037, "start": "0:05:01.534868", "end": "0:05:01.568235", "confidence": 0.0, "detection_class": null}, {"x": 0.02969, "y": 0.58333, "width": 0.26875, "height": 0.41111, "frame": 9038, "start": "0:05:01.568235", "end": "0:05:01.601602", "confidence": 0.0, "detection_class": null}, {"x": 0.02344, "y": 0.575, "width": 0.27656, "height": 0.41944, "frame": 9039, "start": "0:05:01.601602", "end": "0:05:01.634968", "confidence": 0.646, "detection_class": "chair"}]}, {"id": 6, "type": "Cup", "wikiDataID": "Q81727", "instances": [{"x": 0.26094, "y": 0.0, "width": 0.33437, "height": 0.49167, "frame": 10527, "start": "0:05:51.251251", "end": "0:05:51.284618", "confidence": 0.723, "detection_class": "cup", "isBest": true}, {"x": 0.26094, "y": 0.0, "width": 0.33437, "height": 0.48333, "frame": 10528, "start": "0:05:51.284618", "end": "0:05:51.317985", "confidence": 0.0, "detection_class": null}, {"x": 0.26094, "y": 0.0, "width": 0.33594, "height": 0.47778, "frame": 10529, "start": "0:05:51.317985", "end": "0:05:51.351351", "confidence": 0.0, "detection_class": null}, {"x": 0.26094, "y": 0.0, "width": 0.33594, "height": 0.47222, "frame": 10530, "start": "0:05:51.351351", "end": "0:05:51.384718", "confidence": 0.0, "detection_class": null}, {"x": 0.26094, "y": 0.0, "width": 0.3375, "height": 0.46667, "frame": 10531, "start": "0:05:51.384718", "end": "0:05:51.418085", "confidence": 0.0, "detection_class": null}, {"x": 0.2625, "y": 0.00278, "width": 0.3375, "height": 0.45833, "frame": 10532, "start": "0:05:51.418085", "end": "0:05:51.451451", "confidence": 0.683, "detection_class": "cup"}, {"x": 0.2625, "y": 0.00278, "width": 0.33437, "height": 0.43333, "frame": 10533, "start": "0:05:51.451451", "end": "0:05:51.484818", "confidence": 0.0, "detection_class": null}, {"x": 0.2625, "y": 0.00278, "width": 0.33281, "height": 0.40833, "frame": 10534, "start": "0:05:51.484818", "end": "0:05:51.518185", "confidence": 0.0, "detection_class": null}, {"x": 0.2625, "y": 0.00278, "width": 0.33125, "height": 0.38611, "frame": 10535, "start": "0:05:51.518185", "end": "0:05:51.551552", "confidence": 0.0, "detection_class": null}, {"x": 0.2625, "y": 0.00278, "width": 0.32969, "height": 0.36111, "frame": 10536, "start": "0:05:51.551552", "end": "0:05:51.584918", "confidence": 0.0, "detection_class": null}, {"x": 0.2625, "y": 0.00278, "width": 0.32812, "height": 0.33889, "frame": 10537, "start": "0:05:51.584918", "end": "0:05:51.618285", "confidence": 0.675, "detection_class": "cup"}, {"x": 0.26094, "y": 0.0, "width": 0.32812, "height": 0.35556, "frame": 10538, "start": "0:05:51.618285", "end": "0:05:51.651652", "confidence": 0.0, "detection_class": null}, {"x": 0.25938, "y": 0.0, "width": 0.32969, "height": 0.37222, "frame": 10539, "start": "0:05:51.651652", "end": "0:05:51.685018", "confidence": 0.0, "detection_class": null}, {"x": 0.25938, "y": 0.0, "width": 0.32969, "height": 0.38889, "frame": 10540, "start": "0:05:51.685018", "end": "0:05:51.718385", "confidence": 0.0, "detection_class": null}, {"x": 0.25781, "y": 0.0, "width": 0.33125, "height": 0.40278, "frame": 10541, "start": "0:05:51.718385", "end": "0:05:51.751752", "confidence": 0.0, "detection_class": null}, {"x": 0.25781, "y": 0.0, "width": 0.33125, "height": 0.41944, "frame": 10542, "start": "0:05:51.751752", "end": "0:05:51.785118", "confidence": 0.0, "detection_class": null}, {"x": 0.25625, "y": 0.0, "width": 0.33125, "height": 0.43611, "frame": 10543, "start": "0:05:51.785118", "end": "0:05:51.818485", "confidence": 0.0, "detection_class": null}, {"x": 0.25469, "y": 0.0, "width": 0.33281, "height": 0.45, "frame": 10544, "start": "0:05:51.818485", "end": "0:05:51.851852", "confidence": 0.0, "detection_class": null}, {"x": 0.25469, "y": 0.0, "width": 0.33281, "height": 0.46667, "frame": 10545, "start": "0:05:51.851852", "end": "0:05:51.885219", "confidence": 0.0, "detection_class": null}, {"x": 0.25312, "y": 0.0, "width": 0.33437, "height": 0.48333, "frame": 10546, "start": "0:05:51.885219", "end": "0:05:51.918585", "confidence": 0.0, "detection_class": null}, {"x": 0.25312, "y": 0.0, "width": 0.33437, "height": 0.5, "frame": 10547, "start": "0:05:51.918585", "end": "0:05:51.951952", "confidence": 0.76, "detection_class": "cup"}, {"x": 0.25156, "y": 0.0, "width": 0.33594, "height": 0.50278, "frame": 10548, "start": "0:05:51.951952", "end": "0:05:51.985319", "confidence": 0.0, "detection_class": null}, {"x": 0.25156, "y": 0.0, "width": 0.33594, "height": 0.50556, "frame": 10549, "start": "0:05:51.985319", "end": "0:05:52.018685", "confidence": 0.0, "detection_class": null}, {"x": 0.25156, "y": 0.0, "width": 0.33594, "height": 0.50833, "frame": 10550, "start": "0:05:52.018685", "end": "0:05:52.052052", "confidence": 0.0, "detection_class": null}, {"x": 0.25156, "y": 0.0, "width": 0.33594, "height": 0.51111, "frame": 10551, "start": "0:05:52.052052", "end": "0:05:52.085419", "confidence": 0.0, "detection_class": null}, {"x": 0.25156, "y": 0.0, "width": 0.33594, "height": 0.51389, "frame": 10552, "start": "0:05:52.085419", "end": "0:05:52.118785", "confidence": 0.774, "detection_class": "cup"}, {"x": 0.25156, "y": 0.0, "width": 0.33594, "height": 0.51667, "frame": 10553, "start": "0:05:52.118785", "end": "0:05:52.152152", "confidence": 0.0, "detection_class": null}, {"x": 0.25156, "y": 0.0, "width": 0.33594, "height": 0.51944, "frame": 10554, "start": "0:05:52.152152", "end": "0:05:52.185519", "confidence": 0.0, "detection_class": null}, {"x": 0.25312, "y": 0.0, "width": 0.33437, "height": 0.52222, "frame": 10555, "start": "0:05:52.185519", "end": "0:05:52.218886", "confidence": 0.0, "detection_class": null}, {"x": 0.25312, "y": 0.0, "width": 0.33437, "height": 0.525, "frame": 10556, "start": "0:05:52.218886", "end": "0:05:52.252252", "confidence": 0.0, "detection_class": null}, {"x": 0.25469, "y": 0.0, "width": 0.33281, "height": 0.53056, "frame": 10557, "start": "0:05:52.252252", "end": "0:05:52.285619", "confidence": 0.749, "detection_class": "cup"}, {"x": 0.25156, "y": 0.0, "width": 0.33281, "height": 0.53333, "frame": 10558, "start": "0:05:52.285619", "end": "0:05:52.318986", "confidence": 0.0, "detection_class": null}, {"x": 0.25, "y": 0.0, "width": 0.33281, "height": 0.53611, "frame": 10559, "start": "0:05:52.318986", "end": "0:05:52.352352", "confidence": 0.0, "detection_class": null}, {"x": 0.24844, "y": 0.0, "width": 0.33125, "height": 0.53889, "frame": 10560, "start": "0:05:52.352352", "end": "0:05:52.385719", "confidence": 0.0, "detection_class": null}, {"x": 0.24688, "y": 0.0, "width": 0.33125, "height": 0.54167, "frame": 10561, "start": "0:05:52.385719", "end": "0:05:52.419086", "confidence": 0.0, "detection_class": null}, {"x": 0.24531, "y": 0.0, "width": 0.33125, "height": 0.54722, "frame": 10562, "start": "0:05:52.419086", "end": "0:05:52.452452", "confidence": 0.664, "detection_class": "cup"}, {"x": 0.24219, "y": 0.0, "width": 0.33281, "height": 0.53333, "frame": 10563, "start": "0:05:52.452452", "end": "0:05:52.485819", "confidence": 0.0, "detection_class": null}, {"x": 0.24063, "y": 0.0, "width": 0.33437, "height": 0.51944, "frame": 10564, "start": "0:05:52.485819", "end": "0:05:52.519186", "confidence": 0.0, "detection_class": null}, {"x": 0.2375, "y": 0.0, "width": 0.33594, "height": 0.50833, "frame": 10565, "start": "0:05:52.519186", "end": "0:05:52.552553", "confidence": 0.0, "detection_class": null}, {"x": 0.23594, "y": 0.0, "width": 0.3375, "height": 0.49444, "frame": 10566, "start": "0:05:52.552553", "end": "0:05:52.585919", "confidence": 0.0, "detection_class": null}, {"x": 0.23438, "y": 0.0, "width": 0.33906, "height": 0.48333, "frame": 10567, "start": "0:05:52.585919", "end": "0:05:52.619286", "confidence": 0.755, "detection_class": "cup"}, {"x": 0.23125, "y": 0.0, "width": 0.3375, "height": 0.46389, "frame": 10568, "start": "0:05:52.619286", "end": "0:05:52.652653", "confidence": 0.0, "detection_class": null}, {"x": 0.22969, "y": 0.0, "width": 0.33594, "height": 0.44444, "frame": 10569, "start": "0:05:52.652653", "end": "0:05:52.686019", "confidence": 0.0, "detection_class": null}, {"x": 0.22656, "y": 0.0, "width": 0.33594, "height": 0.425, "frame": 10570, "start": "0:05:52.686019", "end": "0:05:52.719386", "confidence": 0.0, "detection_class": null}, {"x": 0.225, "y": 0.0, "width": 0.33437, "height": 0.40556, "frame": 10571, "start": "0:05:52.719386", "end": "0:05:52.752753", "confidence": 0.0, "detection_class": null}, {"x": 0.22344, "y": 0.0, "width": 0.33281, "height": 0.38889, "frame": 10572, "start": "0:05:52.752753", "end": "0:05:52.786119", "confidence": 0.705, "detection_class": "cup"}, {"x": 0.22969, "y": 0.0, "width": 0.32656, "height": 0.40556, "frame": 10573, "start": "0:05:52.786119", "end": "0:05:52.819486", "confidence": 0.0, "detection_class": null}, {"x": 0.23594, "y": 0.0, "width": 0.32188, "height": 0.425, "frame": 10574, "start": "0:05:52.819486", "end": "0:05:52.852853", "confidence": 0.0, "detection_class": null}, {"x": 0.24375, "y": 0.0, "width": 0.31406, "height": 0.44167, "frame": 10575, "start": "0:05:52.852853", "end": "0:05:52.88622", "confidence": 0.0, "detection_class": null}, {"x": 0.25, "y": 0.0, "width": 0.30938, "height": 0.46111, "frame": 10576, "start": "0:05:52.88622", "end": "0:05:52.919586", "confidence": 0.0, "detection_class": null}, {"x": 0.25781, "y": 0.0, "width": 0.30312, "height": 0.48056, "frame": 10577, "start": "0:05:52.919586", "end": "0:05:52.952953", "confidence": 0.398, "detection_class": "cup"}, {"x": 0.25781, "y": 0.0, "width": 0.30312, "height": 0.48889, "frame": 10578, "start": "0:05:52.952953", "end": "0:05:52.98632", "confidence": 0.0, "detection_class": null}, {"x": 0.25781, "y": 0.0, "width": 0.30312, "height": 0.49722, "frame": 10579, "start": "0:05:52.98632", "end": "0:05:53.019686", "confidence": 0.0, "detection_class": null}, {"x": 0.25781, "y": 0.0, "width": 0.30312, "height": 0.50556, "frame": 10580, "start": "0:05:53.019686", "end": "0:05:53.053053", "confidence": 0.0, "detection_class": null}, {"x": 0.25781, "y": 0.0, "width": 0.30312, "height": 0.51667, "frame": 10581, "start": "0:05:53.053053", "end": "0:05:53.08642", "confidence": 0.0, "detection_class": null}, {"x": 0.25781, "y": 0.0, "width": 0.30312, "height": 0.525, "frame": 10582, "start": "0:05:53.08642", "end": "0:05:53.119786", "confidence": 0.0, "detection_class": null}, {"x": 0.25781, "y": 0.0, "width": 0.30312, "height": 0.53333, "frame": 10583, "start": "0:05:53.119786", "end": "0:05:53.153153", "confidence": 0.0, "detection_class": null}, {"x": 0.25781, "y": 0.0, "width": 0.30312, "height": 0.54444, "frame": 10584, "start": "0:05:53.153153", "end": "0:05:53.18652", "confidence": 0.0, "detection_class": null}, {"x": 0.25781, "y": 0.0, "width": 0.30312, "height": 0.55278, "frame": 10585, "start": "0:05:53.18652", "end": "0:05:53.219887", "confidence": 0.0, "detection_class": null}, {"x": 0.25781, "y": 0.0, "width": 0.30312, "height": 0.56111, "frame": 10586, "start": "0:05:53.219887", "end": "0:05:53.253253", "confidence": 0.0, "detection_class": null}, {"x": 0.25938, "y": 0.00278, "width": 0.30156, "height": 0.56944, "frame": 10587, "start": "0:05:53.253253", "end": "0:05:53.28662", "confidence": 0.238, "detection_class": "cup"}, {"x": 0.24844, "y": 0.0, "width": 0.31094, "height": 0.56944, "frame": 10588, "start": "0:05:53.28662", "end": "0:05:53.319987", "confidence": 0.0, "detection_class": null}, {"x": 0.2375, "y": 0.0, "width": 0.32188, "height": 0.56667, "frame": 10589, "start": "0:05:53.319987", "end": "0:05:53.353353", "confidence": 0.0, "detection_class": null}, {"x": 0.22812, "y": 0.0, "width": 0.32969, "height": 0.56667, "frame": 10590, "start": "0:05:53.353353", "end": "0:05:53.38672", "confidence": 0.0, "detection_class": null}, {"x": 0.21719, "y": 0.0, "width": 0.34063, "height": 0.56389, "frame": 10591, "start": "0:05:53.38672", "end": "0:05:53.420087", "confidence": 0.0, "detection_class": null}, {"x": 0.20781, "y": 0.0, "width": 0.35, "height": 0.56389, "frame": 10592, "start": "0:05:53.420087", "end": "0:05:53.453453", "confidence": 0.378, "detection_class": "cup"}, {"x": 0.20625, "y": 0.0, "width": 0.35156, "height": 0.55833, "frame": 10593, "start": "0:05:53.453453", "end": "0:05:53.48682", "confidence": 0.0, "detection_class": null}, {"x": 0.20625, "y": 0.0, "width": 0.35156, "height": 0.55278, "frame": 10594, "start": "0:05:53.48682", "end": "0:05:53.520187", "confidence": 0.0, "detection_class": null}, {"x": 0.20625, "y": 0.0, "width": 0.35156, "height": 0.55, "frame": 10595, "start": "0:05:53.520187", "end": "0:05:53.553554", "confidence": 0.0, "detection_class": null}, {"x": 0.20625, "y": 0.0, "width": 0.35156, "height": 0.54444, "frame": 10596, "start": "0:05:53.553554", "end": "0:05:53.58692", "confidence": 0.0, "detection_class": null}, {"x": 0.20625, "y": 0.0, "width": 0.35156, "height": 0.54167, "frame": 10597, "start": "0:05:53.58692", "end": "0:05:53.620287", "confidence": 0.522, "detection_class": "cup"}, {"x": 0.18125, "y": 0.0, "width": 0.37656, "height": 0.575, "frame": 10598, "start": "0:05:53.620287", "end": "0:05:53.653654", "confidence": 0.0, "detection_class": null}, {"x": 0.15625, "y": 0.0, "width": 0.40313, "height": 0.60833, "frame": 10599, "start": "0:05:53.653654", "end": "0:05:53.68702", "confidence": 0.0, "detection_class": null}, {"x": 0.13125, "y": 0.0, "width": 0.42969, "height": 0.64444, "frame": 10600, "start": "0:05:53.68702", "end": "0:05:53.720387", "confidence": 0.0, "detection_class": null}, {"x": 0.10625, "y": 0.0, "width": 0.45625, "height": 0.67778, "frame": 10601, "start": "0:05:53.720387", "end": "0:05:53.753754", "confidence": 0.0, "detection_class": null}, {"x": 0.08125, "y": 0.00278, "width": 0.48281, "height": 0.71111, "frame": 10602, "start": "0:05:53.753754", "end": "0:05:53.78712", "confidence": 0.198, "detection_class": "cup"}]}, {"id": 7, "type": "CellPhone", "wikiDataID": "Q17517", "instances": [{"x": 0.04688, "y": 0.66944, "width": 0.35781, "height": 0.22778, "frame": 10687, "start": "0:05:56.589923", "end": "0:05:56.62329", "confidence": 0.913, "detection_class": "cell phone", "isBest": true}, {"x": 0.04688, "y": 0.66667, "width": 0.35625, "height": 0.23056, "frame": 10688, "start": "0:05:56.62329", "end": "0:05:56.656657", "confidence": 0.0, "detection_class": null}, {"x": 0.04688, "y": 0.66667, "width": 0.35469, "height": 0.23056, "frame": 10689, "start": "0:05:56.656657", "end": "0:05:56.690023", "confidence": 0.0, "detection_class": null}, {"x": 0.04844, "y": 0.66389, "width": 0.35156, "height": 0.23333, "frame": 10690, "start": "0:05:56.690023", "end": "0:05:56.72339", "confidence": 0.0, "detection_class": null}, {"x": 0.04844, "y": 0.66389, "width": 0.35, "height": 0.23333, "frame": 10691, "start": "0:05:56.72339", "end": "0:05:56.756757", "confidence": 0.0, "detection_class": null}, {"x": 0.05, "y": 0.66389, "width": 0.34844, "height": 0.23611, "frame": 10692, "start": "0:05:56.756757", "end": "0:05:56.790123", "confidence": 0.868, "detection_class": "cell phone"}, {"x": 0.05, "y": 0.66389, "width": 0.34844, "height": 0.23611, "frame": 10693, "start": "0:05:56.790123", "end": "0:05:56.82349", "confidence": 0.0, "detection_class": null}, {"x": 0.05, "y": 0.66389, "width": 0.34844, "height": 0.23611, "frame": 10694, "start": "0:05:56.82349", "end": "0:05:56.856857", "confidence": 0.0, "detection_class": null}, {"x": 0.05, "y": 0.66389, "width": 0.34844, "height": 0.23611, "frame": 10695, "start": "0:05:56.856857", "end": "0:05:56.890224", "confidence": 0.0, "detection_class": null}, {"x": 0.05, "y": 0.66389, "width": 0.34844, "height": 0.23611, "frame": 10696, "start": "0:05:56.890224", "end": "0:05:56.92359", "confidence": 0.0, "detection_class": null}, {"x": 0.05, "y": 0.66667, "width": 0.34844, "height": 0.23611, "frame": 10697, "start": "0:05:56.92359", "end": "0:05:56.956957", "confidence": 0.716, "detection_class": "cell phone"}, {"x": 0.04844, "y": 0.66667, "width": 0.35156, "height": 0.23056, "frame": 10777, "start": "0:05:59.592926", "end": "0:05:59.626293", "confidence": 0.715, "detection_class": "cell phone"}, {"x": 0.05, "y": 0.66389, "width": 0.35469, "height": 0.22778, "frame": 10912, "start": "0:06:04.097431", "end": "0:06:04.130797", "confidence": 0.896, "detection_class": "cell phone"}, {"x": 0.04844, "y": 0.66389, "width": 0.35469, "height": 0.22778, "frame": 10913, "start": "0:06:04.130797", "end": "0:06:04.164164", "confidence": 0.0, "detection_class": null}, {"x": 0.04844, "y": 0.66389, "width": 0.35469, "height": 0.22778, "frame": 10914, "start": "0:06:04.164164", "end": "0:06:04.197531", "confidence": 0.0, "detection_class": null}, {"x": 0.04844, "y": 0.66389, "width": 0.35313, "height": 0.23056, "frame": 10915, "start": "0:06:04.197531", "end": "0:06:04.230898", "confidence": 0.0, "detection_class": null}, {"x": 0.04844, "y": 0.66389, "width": 0.35313, "height": 0.23056, "frame": 10916, "start": "0:06:04.230898", "end": "0:06:04.264264", "confidence": 0.0, "detection_class": null}, {"x": 0.04844, "y": 0.66667, "width": 0.35313, "height": 0.23056, "frame": 10917, "start": "0:06:04.264264", "end": "0:06:04.297631", "confidence": 0.882, "detection_class": "cell phone"}, {"x": 0.04688, "y": 0.66667, "width": 0.35625, "height": 0.23056, "frame": 10918, "start": "0:06:04.297631", "end": "0:06:04.330998", "confidence": 0.0, "detection_class": null}, {"x": 0.04531, "y": 0.66667, "width": 0.35938, "height": 0.23056, "frame": 10919, "start": "0:06:04.330998", "end": "0:06:04.364364", "confidence": 0.0, "detection_class": null}, {"x": 0.04375, "y": 0.66667, "width": 0.3625, "height": 0.23056, "frame": 10920, "start": "0:06:04.364364", "end": "0:06:04.397731", "confidence": 0.0, "detection_class": null}, {"x": 0.04219, "y": 0.66667, "width": 0.36562, "height": 0.23056, "frame": 10921, "start": "0:06:04.397731", "end": "0:06:04.431098", "confidence": 0.0, "detection_class": null}, {"x": 0.04219, "y": 0.66667, "width": 0.36719, "height": 0.23056, "frame": 10922, "start": "0:06:04.431098", "end": "0:06:04.464464", "confidence": 0.836, "detection_class": "cell phone"}, {"x": 0.04219, "y": 0.66667, "width": 0.36406, "height": 0.23333, "frame": 10923, "start": "0:06:04.464464", "end": "0:06:04.497831", "confidence": 0.0, "detection_class": null}, {"x": 0.04375, "y": 0.66667, "width": 0.36094, "height": 0.23611, "frame": 10924, "start": "0:06:04.497831", "end": "0:06:04.531198", "confidence": 0.0, "detection_class": null}, {"x": 0.04375, "y": 0.66944, "width": 0.35938, "height": 0.23611, "frame": 10925, "start": "0:06:04.531198", "end": "0:06:04.564565", "confidence": 0.0, "detection_class": null}, {"x": 0.04531, "y": 0.66944, "width": 0.35625, "height": 0.23889, "frame": 10926, "start": "0:06:04.564565", "end": "0:06:04.597931", "confidence": 0.0, "detection_class": null}, {"x": 0.04688, "y": 0.67222, "width": 0.35313, "height": 0.24167, "frame": 10927, "start": "0:06:04.597931", "end": "0:06:04.631298", "confidence": 0.82, "detection_class": "cell phone"}, {"x": 0.04531, "y": 0.66667, "width": 0.36406, "height": 0.22222, "frame": 11050, "start": "0:06:08.702035", "end": "0:06:08.735402", "confidence": 0.75, "detection_class": "cell phone"}]}, {"id": 8, "type": "Handbag", "wikiDataID": "Q467505", "instances": [{"x": 0.35625, "y": 0.35556, "width": 0.4125, "height": 0.48611, "frame": 11342, "start": "0:06:18.445112", "end": "0:06:18.478478", "confidence": 0.484, "detection_class": "handbag"}, {"x": 0.35625, "y": 0.35278, "width": 0.40937, "height": 0.48611, "frame": 11343, "start": "0:06:18.478478", "end": "0:06:18.511845", "confidence": 0.0, "detection_class": null}, {"x": 0.35625, "y": 0.35278, "width": 0.40781, "height": 0.48611, "frame": 11344, "start": "0:06:18.511845", "end": "0:06:18.545212", "confidence": 0.0, "detection_class": null}, {"x": 0.35781, "y": 0.35, "width": 0.40313, "height": 0.48889, "frame": 11345, "start": "0:06:18.545212", "end": "0:06:18.578579", "confidence": 0.0, "detection_class": null}, {"x": 0.35781, "y": 0.35, "width": 0.40156, "height": 0.48889, "frame": 11346, "start": "0:06:18.578579", "end": "0:06:18.611945", "confidence": 0.0, "detection_class": null}, {"x": 0.35938, "y": 0.35, "width": 0.39844, "height": 0.48889, "frame": 11347, "start": "0:06:18.611945", "end": "0:06:18.645312", "confidence": 0.734, "detection_class": "handbag", "isBest": true}, {"x": 0.35938, "y": 0.35, "width": 0.39844, "height": 0.48889, "frame": 11348, "start": "0:06:18.645312", "end": "0:06:18.678679", "confidence": 0.0, "detection_class": null}, {"x": 0.36094, "y": 0.35278, "width": 0.39687, "height": 0.48611, "frame": 11349, "start": "0:06:18.678679", "end": "0:06:18.712045", "confidence": 0.0, "detection_class": null}, {"x": 0.3625, "y": 0.35278, "width": 0.39531, "height": 0.48611, "frame": 11350, "start": "0:06:18.712045", "end": "0:06:18.745412", "confidence": 0.0, "detection_class": null}, {"x": 0.36406, "y": 0.35556, "width": 0.39375, "height": 0.48333, "frame": 11351, "start": "0:06:18.745412", "end": "0:06:18.778779", "confidence": 0.0, "detection_class": null}, {"x": 0.36562, "y": 0.35833, "width": 0.39219, "height": 0.48333, "frame": 11352, "start": "0:06:18.778779", "end": "0:06:18.812145", "confidence": 0.711, "detection_class": "handbag"}, {"x": 0.36406, "y": 0.35833, "width": 0.39375, "height": 0.48056, "frame": 11353, "start": "0:06:18.812145", "end": "0:06:18.845512", "confidence": 0.0, "detection_class": null}, {"x": 0.36406, "y": 0.35833, "width": 0.39375, "height": 0.48056, "frame": 11354, "start": "0:06:18.845512", "end": "0:06:18.878879", "confidence": 0.0, "detection_class": null}, {"x": 0.36406, "y": 0.36111, "width": 0.39375, "height": 0.47778, "frame": 11355, "start": "0:06:18.878879", "end": "0:06:18.912246", "confidence": 0.0, "detection_class": null}, {"x": 0.36406, "y": 0.36111, "width": 0.39375, "height": 0.47778, "frame": 11356, "start": "0:06:18.912246", "end": "0:06:18.945612", "confidence": 0.0, "detection_class": null}, {"x": 0.36406, "y": 0.36389, "width": 0.39375, "height": 0.475, "frame": 11357, "start": "0:06:18.945612", "end": "0:06:18.978979", "confidence": 0.556, "detection_class": "handbag"}, {"x": 0.36406, "y": 0.36111, "width": 0.39531, "height": 0.47778, "frame": 11358, "start": "0:06:18.978979", "end": "0:06:19.012346", "confidence": 0.0, "detection_class": null}, {"x": 0.36406, "y": 0.36111, "width": 0.39687, "height": 0.47778, "frame": 11359, "start": "0:06:19.012346", "end": "0:06:19.045712", "confidence": 0.0, "detection_class": null}, {"x": 0.36406, "y": 0.36111, "width": 0.39844, "height": 0.47778, "frame": 11360, "start": "0:06:19.045712", "end": "0:06:19.079079", "confidence": 0.0, "detection_class": null}, {"x": 0.36406, "y": 0.36111, "width": 0.4, "height": 0.47778, "frame": 11361, "start": "0:06:19.079079", "end": "0:06:19.112446", "confidence": 0.0, "detection_class": null}, {"x": 0.36406, "y": 0.36111, "width": 0.40156, "height": 0.48056, "frame": 11362, "start": "0:06:19.112446", "end": "0:06:19.145812", "confidence": 0.478, "detection_class": "handbag"}, {"x": 0.36406, "y": 0.36111, "width": 0.40313, "height": 0.47778, "frame": 11363, "start": "0:06:19.145812", "end": "0:06:19.179179", "confidence": 0.0, "detection_class": null}, {"x": 0.36406, "y": 0.36111, "width": 0.40625, "height": 0.47778, "frame": 11364, "start": "0:06:19.179179", "end": "0:06:19.212546", "confidence": 0.0, "detection_class": null}, {"x": 0.36406, "y": 0.36111, "width": 0.40781, "height": 0.47778, "frame": 11365, "start": "0:06:19.212546", "end": "0:06:19.245913", "confidence": 0.0, "detection_class": null}, {"x": 0.36406, "y": 0.36111, "width": 0.41094, "height": 0.47778, "frame": 11366, "start": "0:06:19.245913", "end": "0:06:19.279279", "confidence": 0.0, "detection_class": null}, {"x": 0.36562, "y": 0.36111, "width": 0.4125, "height": 0.47778, "frame": 11367, "start": "0:06:19.279279", "end": "0:06:19.312646", "confidence": 0.516, "detection_class": "handbag"}, {"x": 0.36406, "y": 0.36111, "width": 0.4125, "height": 0.475, "frame": 11368, "start": "0:06:19.312646", "end": "0:06:19.346013", "confidence": 0.0, "detection_class": null}, {"x": 0.36406, "y": 0.36111, "width": 0.41094, "height": 0.475, "frame": 11369, "start": "0:06:19.346013", "end": "0:06:19.379379", "confidence": 0.0, "detection_class": null}, {"x": 0.36406, "y": 0.36111, "width": 0.40937, "height": 0.475, "frame": 11370, "start": "0:06:19.379379", "end": "0:06:19.412746", "confidence": 0.0, "detection_class": null}, {"x": 0.36406, "y": 0.36111, "width": 0.40781, "height": 0.475, "frame": 11371, "start": "0:06:19.412746", "end": "0:06:19.446113", "confidence": 0.0, "detection_class": null}, {"x": 0.36406, "y": 0.36111, "width": 0.40781, "height": 0.475, "frame": 11372, "start": "0:06:19.446113", "end": "0:06:19.479479", "confidence": 0.545, "detection_class": "handbag"}, {"x": 0.36562, "y": 0.35833, "width": 0.40625, "height": 0.47778, "frame": 11373, "start": "0:06:19.479479", "end": "0:06:19.512846", "confidence": 0.581, "detection_class": "handbag"}]}], "low_confidence_results": []}