nombre_archivo,peso_kbytes,tipo
pdf/109429_67478.pdf,5734.2451171875,1
pdf/109691_67388.pdf,6010.6435546875,1
pdf/109927_4359.pdf,770.775390625,1
pdf/109933_4392.pdf,1126.4892578125,1
pdf/109936_4393.pdf,287.90625,1
pdf/109939_4394.pdf,187.498046875,1
pdf/109942_10147.pdf,363.27734375,0
pdf/109944_10148.pdf,1023.94921875,1
pdf/109948_11344.pdf,286.9736328125,1
pdf/109951_11345.pdf,968.1240234375,1
pdf/109954_11346.pdf,1590.7578125,1
pdf/109957_11347.pdf,159.0615234375,1
pdf/109960_11348.pdf,2442.1220703125,1
pdf/109969_11351.pdf,382.5810546875,1
pdf/109972_11352.pdf,906.6142578125,1
pdf/109975_11353.pdf,407.947265625,1
pdf/109984_11357.pdf,956.0361328125,1
pdf/109987_11358.pdf,1251.083984375,1
pdf/109990_11359.pdf,1277.3408203125,1
pdf/110001_11615.pdf,422.556640625,1
pdf/110004_11616.pdf,619.35546875,1
pdf/110017_12399.pdf,1223.396484375,1
pdf/110020_13599.pdf,126.3046875,1
pdf/110024_11354.pdf,581.6689453125,1
pdf/110626_55408.pdf,2203.6455078125,1
pdf/110755_67942.pdf,1512.208984375,1
pdf/110791_67985.pdf,3195.2080078125,0
pdf/110819_55416.pdf,4445.5947265625,1
pdf/110822_55417.pdf,1157.7919921875,1
pdf/110825_55418.pdf,6030.4130859375,1
pdf/110828_55419.pdf,6143.646484375,1
pdf/110831_55420.pdf,2293.1123046875,1
pdf/110834_55421.pdf,2271.8349609375,1
pdf/110846_67995.pdf,3145.2841796875,1
pdf/13600.pdf,317.947265625,1
pdf/17567.pdf,2973.8662109375,1
pdf/17597.pdf,2712.8388671875,1
pdf/20844_1.pdf,37680.443359375,1
pdf/20909_109.pdf,681.298828125,0
pdf/20922_124.pdf,132.81640625,0
pdf/21431_1354.pdf,2534.095703125,0
pdf/21788_1906.pdf,1450.630859375,0
pdf/21933_2256.pdf,10410.384765625,0
pdf/22320_2985.pdf,430.8974609375,1
pdf/22453_3226.pdf,2209.3037109375,0
pdf/22498_3275.pdf,90.7275390625,1
pdf/22544_1.pdf,1787.52734375,1
pdf/22712_3668.pdf,2867.1552734375,0
pdf/22784_3775.pdf,697.6142578125,0
pdf/22785_3776.pdf,3536.609375,0
pdf/22786_3777.pdf,535.9599609375,0
pdf/22787_3778.pdf,561.3369140625,0
pdf/22788_3779.pdf,2641.28515625,0
pdf/22789_3780.pdf,757.2333984375,0
pdf/22790_3781.pdf,4590.11328125,0
pdf/22791_3782.pdf,451.05859375,0
pdf/22792_3783.pdf,2446.5771484375,0
pdf/22793_3784.pdf,3611.0146484375,0
pdf/22794_3785.pdf,7140.6279296875,0
pdf/22795_3786.pdf,1892.4658203125,0
pdf/22796_3787.pdf,139.099609375,0
pdf/22817_3820.pdf,209.7568359375,0
pdf/22818_3821.pdf,150.4375,1
pdf/22819_3822.pdf,377.568359375,1
pdf/22820_3823.pdf,195.9296875,1
pdf/22821_3824.pdf,425.505859375,1
pdf/22822_3825.pdf,1195.4716796875,1
pdf/22921_4042.pdf,128.7470703125,0
pdf/23215_4717.pdf,252.4287109375,0
pdf/23245_4752.pdf,179.2978515625,0
pdf/23283_4810.pdf,535.171875,0
pdf/23311_4867.pdf,1920.7724609375,0
pdf/23476_5122.pdf,1862.2158203125,0
pdf/23604_5368.pdf,2788.341796875,0
pdf/23610_5376.pdf,1978.68359375,0
pdf/23624_1.pdf,2049.75,1
pdf/23675_5477.pdf,2204.4599609375,0
pdf/23856_5724.pdf,695.9267578125,0
pdf/24016_5954.pdf,3151.3271484375,0
pdf/24272_6754.pdf,31.798828125,0
pdf/24274_6756.pdf,28.443359375,0
pdf/2436.pdf,3058.505859375,1
pdf/24771_8037.pdf,858.1513671875,0
pdf/24857_8346.pdf,2262.7451171875,0
pdf/25210_9589.pdf,3486.0390625,0
pdf/25285_9817.pdf,11116.412109375,1
pdf/25292_9824.pdf,18217.19140625,1
pdf/25299_9867.pdf,4414.275390625,0
pdf/25372_10022.pdf,1249.6318359375,0
pdf/25429_10247.pdf,15898.49609375,0
pdf/25508_10519.pdf,150.09765625,0
pdf/25807_11379.pdf,32912.7099609375,1
pdf/25937_11692.pdf,30700.7822265625,1
pdf/26031_11927.pdf,1397.70703125,1
pdf/26092_12048.pdf,407.5244140625,1
pdf/26093_12049.pdf,1001.931640625,1
pdf/26094_12050.pdf,178.3330078125,1
pdf/26095_12051.pdf,481.3818359375,1
pdf/26162_12232.pdf,23856.3408203125,0
pdf/26185_12287.pdf,16169.8291015625,1
pdf/26267_12553.pdf,12356.185546875,1
pdf/26302_12616.pdf,682.3291015625,0
pdf/26380_1.pdf,314.275390625,1
pdf/26481_1.pdf,552.783203125,0
pdf/26681_13532.pdf,3518.046875,0
pdf/26682_13533.pdf,434.1064453125,0
pdf/26714_13674.pdf,2887.56640625,0
pdf/26739_13729.pdf,794.9140625,0
pdf/26740_13730.pdf,870.9306640625,0
pdf/26836_14125.pdf,3809.08203125,0
pdf/26961_14683.pdf,28728.3671875,0
pdf/27249_15520.pdf,1100.7529296875,0
pdf/27257_15538.pdf,564.1552734375,1
pdf/27260_15544.pdf,381.1552734375,0
pdf/27261_15545.pdf,401.6806640625,0
pdf/27316_15932.pdf,471.7275390625,1
pdf/27317_15933.pdf,735.84375,1
pdf/27318_15934.pdf,901.205078125,1
pdf/27319_15935.pdf,363.240234375,1
pdf/27320_15936.pdf,464.3173828125,1
pdf/27321_15937.pdf,626.8125,1
pdf/27322_15938.pdf,584.27734375,1
pdf/27323_15939.pdf,243.927734375,1
pdf/27502_16447.pdf,1270.3369140625,1
pdf/27573_16692.pdf,32656.6748046875,0
pdf/27622_16768.pdf,3537.3388671875,1
pdf/27629_16775.pdf,5475.3173828125,1
pdf/27631_16777.pdf,10608.2529296875,1
pdf/27764_17051.pdf,2869.9228515625,0
pdf/27800_17266.pdf,1862.9697265625,0
pdf/27896_17641.pdf,9386.1552734375,1
pdf/27897_17642.pdf,11552.359375,1
pdf/28108_18183.pdf,195.4091796875,1
pdf/28109_18184.pdf,140.7255859375,1
pdf/28287_18514.pdf,412.80859375,1
pdf/28288_18515.pdf,448.6455078125,1
pdf/28289_18516.pdf,469.6865234375,1
pdf/28290_18517.pdf,263.01171875,1
pdf/28291_18518.pdf,811.87109375,1
pdf/28292_18519.pdf,806.1123046875,1
pdf/28293_18520.pdf,339.76953125,1
pdf/28294_18521.pdf,460.6943359375,1
pdf/28295_18522.pdf,217.638671875,1
pdf/33526.pdf,4749.3076171875,1
pdf/34650.pdf,2099.298828125,1
pdf/34651.pdf,1574.318359375,1
pdf/35024.pdf,9313.36328125,1
pdf/35707.pdf,1954.3115234375,1
pdf/35708.pdf,5286.55078125,1
pdf/38126_19806.pdf,325.513671875,1
pdf/38236_20304.pdf,799.765625,1
pdf/38428_20679.pdf,2257.552734375,0
pdf/38436_20690.pdf,314.8212890625,1
pdf/38502_20833.pdf,3318.0576171875,1
pdf/38879_21790.pdf,2602.314453125,1
pdf/38887_21798.pdf,666.4990234375,1
pdf/38938_22102.pdf,3086.8271484375,0
pdf/38945_22128.pdf,7459.8955078125,1
pdf/39025_22341.pdf,9641.787109375,1
pdf/39033_22349.pdf,7458.8974609375,1
pdf/39045_22361.pdf,834.921875,1
pdf/39224_22764.pdf,293.1162109375,1
pdf/39293_22839.pdf,2298.6064453125,1
pdf/39332_22894.pdf,245.8662109375,0
pdf/39503_23400.pdf,1566.59375,1
pdf/39729_23867.pdf,210.1142578125,1
pdf/39768_23920.pdf,448.498046875,1
pdf/39771_23923.pdf,489.9443359375,1
pdf/39889_24373.pdf,353.7880859375,1
pdf/39916_24465.pdf,4892.3896484375,1
pdf/39924_24473.pdf,1039.990234375,1
pdf/39951_24505.pdf,749.5791015625,1
pdf/40000_24572.pdf,1011.828125,1
pdf/40001_24573.pdf,15445.6572265625,1
pdf/40008_24580.pdf,5176.1181640625,1
pdf/40085_24662.pdf,451.0341796875,1
pdf/40204_24833.pdf,1512.1611328125,1
pdf/40312_25208.pdf,343.34375,1
pdf/40317_25213.pdf,365.66015625,1
pdf/40330_25228.pdf,1066.24609375,1
pdf/40431_25476.pdf,658.923828125,1
pdf/40435_25480.pdf,941.8427734375,1
pdf/40557_25789.pdf,2898.2060546875,0
pdf/40675_26077.pdf,210.8916015625,1
pdf/40752_26263.pdf,674.1708984375,1
pdf/40762_26274.pdf,1398.70703125,1
pdf/40795_26315.pdf,525.12890625,1
pdf/40798_26318.pdf,925.2890625,0
pdf/40805_26325.pdf,393.052734375,1
pdf/40820_26355.pdf,640.25390625,0
pdf/40978_26577.pdf,885.8681640625,1
pdf/40984_26583.pdf,328.4580078125,1
pdf/41296_27385.pdf,587.90625,1
pdf/41464_41425.pdf,1118.189453125,1
pdf/41517_41478.pdf,1102.1513671875,1
pdf/41566_41528.pdf,1745.826171875,1
pdf/41588_41557.pdf,1333.853515625,1
pdf/41712_43683.pdf,1540.4091796875,1
pdf/41791_43845.pdf,974.4501953125,0
pdf/41865_44208.pdf,1113.09765625,0
pdf/42059_45165.pdf,2035.3779296875,1
pdf/42452_46360.pdf,3100.8271484375,1
pdf/42468_46377.pdf,742.6875,1
pdf/42772_46877.pdf,1637.7158203125,1
pdf/42828_47059.pdf,406.3798828125,1
pdf/42973_48680.pdf,5147.5576171875,0
pdf/43003_49211.pdf,720.07421875,1
pdf/43202_50929.pdf,3840.984375,1
pdf/43431_54896.pdf,7964.60546875,0
pdf/43451_54917.pdf,7053.0703125,1
pdf/43598_55225.pdf,502.6923828125,1
pdf/43653_55320.pdf,12905.7724609375,1
pdf/43693_55382.pdf,458.2998046875,1
pdf/43700_55389.pdf,2898.5625,1
pdf/43843_55602.pdf,195.4482421875,1
pdf/43864_55623.pdf,479.0791015625,1
pdf/43983_55750.pdf,36443.5947265625,1
pdf/44209_56458.pdf,2710.9697265625,1
pdf/44301_56686.pdf,26639.076171875,1
pdf/44347_56991.pdf,8355.09375,1
pdf/44376_57081.pdf,5090.8291015625,0
pdf/44463_57704.pdf,3070.8134765625,1
pdf/44464_57713.pdf,16069.484375,1
pdf/44479_57827.pdf,21642.5869140625,1
pdf/44645_59304.pdf,3023.966796875,1
pdf/44687_59385.pdf,4190.9462890625,1
pdf/44688_59386.pdf,5286.5458984375,1
pdf/44721_59478.pdf,3724.7822265625,0
pdf/44748_59589.pdf,6718.375,1
pdf/44787_59737.pdf,5257.4228515625,1
pdf/44839_60011.pdf,1163.2802734375,0
pdf/45003.pdf,1042.439453125,1
pdf/45132_61193.pdf,93494.8525390625,1
pdf/45133_61194.pdf,4563.87109375,1
pdf/45134_61195.pdf,3834.1025390625,1
pdf/45141_61202.pdf,5242.05859375,1
pdf/45142_61203.pdf,3405.2978515625,1
pdf/45144_61205.pdf,2448.41015625,1
pdf/45179_61377.pdf,14380.720703125,1
pdf/45205_61472.pdf,1966.279296875,1
pdf/45206_61473.pdf,721.759765625,1
pdf/45258_61663.pdf,5544.884765625,1
pdf/45261_61713.pdf,5459.33984375,0
pdf/51185.pdf,27884.234375,1
pdf/5365_1.pdf,1769.978515625,0
pdf/55319_1.pdf,789.064453125,1
pdf/59152_2185.pdf,631.3115234375,1
pdf/59219_16038.pdf,25168.5546875,1
pdf/59297.pdf,10070.83203125,1
pdf/59300.pdf,4617.4189453125,1
pdf/59301.pdf,1294.6103515625,1
pdf/59302.pdf,2016.322265625,1
pdf/59306.pdf,4197.5419921875,1
pdf/59308.pdf,13997.1455078125,1
pdf/59387_1.pdf,4169.8671875,1
pdf/59421_44998.pdf,95131.541015625,1
pdf/59450_50615.pdf,2774.947265625,1
pdf/59477.pdf,12112.3759765625,1
pdf/59477_51096.pdf,19794.109375,1
pdf/59491_51399.pdf,7290.06640625,1
pdf/59571_51812.pdf,39628.5185546875,1
pdf/59639_56168.pdf,11523.02734375,1
pdf/59975_59474.pdf,5397.3515625,1
pdf/59978_59488.pdf,36510.3037109375,1
pdf/60071_59987.pdf,3456.07421875,1
pdf/60108_60123.pdf,3904.0703125,1
pdf/60484_62898.pdf,2843.025390625,1
pdf/60687_63418.pdf,2703.7421875,1
pdf/60732_63516.pdf,6694.4462890625,1
pdf/62824.pdf,4627.439453125,1
pdf/64512_65001.pdf,1396.7607421875,1
pdf/64518_65003.pdf,10358.578125,1
pdf/65107.pdf,15229.40625,0
pdf/66518.pdf,80787.5791015625,1
pdf/67239.pdf,25854.80859375,1
pdf/68094.pdf,1756.5126953125,1
pdf/68103.pdf,4903.53515625,1
pdf/69317.pdf,946.169921875,1
pdf/69318.pdf,2718.7705078125,1
pdf/72767_44502.pdf,9534.41796875,0
pdf/742-Texto%20del%20art%c3%adculo-2464-1-10-20171204.pdf,319.91796875,1
pdf/75378_56792.pdf,732.875,1
pdf/75654_1481.pdf,1125.220703125,0
pdf/75678_16480.pdf,1326.828125,0
pdf/75686_17543.pdf,1056.6884765625,0
pdf/75799_65948.pdf,6774.5751953125,1
pdf/76127_13912.pdf,300.2998046875,0
pdf/76369_17560.pdf,152.66015625,1
pdf/76786_16729.pdf,1366.33203125,1
pdf/76911_20894.pdf,2782.0830078125,1
pdf/76953_51468.pdf,2926.7119140625,1
pdf/76985_66411.pdf,2418.185546875,1
pdf/77009_56448.pdf,4668.009765625,1
pdf/77321_2140.pdf,310.515625,1
pdf/77377_1558.pdf,4578.30078125,1
pdf/77654_17633.pdf,341.548828125,1
pdf/77657_17634.pdf,614.6533203125,1
pdf/77853_60027.pdf,3817.017578125,0
pdf/77965_18166.pdf,2449.916015625,1
pdf/78618_25070.pdf,1646.998046875,1
pdf/78627_24616.pdf,1853.6337890625,1
pdf/78801_23757.pdf,21773.8408203125,1
pdf/79053_10716.pdf,11804.97265625,1
pdf/79471_22893.pdf,25774.2431640625,1
pdf/79602_26680.pdf,1151.4619140625,1
pdf/79669_9415-1973P.pdf,4230.78125,1
pdf/79678_9415-1978.pdf,1329.3486328125,1
pdf/79840_8446.pdf,3742.8330078125,1
pdf/80890_61148.pdf,759.78515625,1
pdf/80893_67113.pdf,1114.7333984375,1
pdf/80895_67114.pdf,2960.51171875,1
pdf/80898_67115.pdf,5969.7802734375,0
pdf/80915_56431.pdf,4580.10546875,1
pdf/80918_59299.pdf,2434.142578125,1
pdf/81040_67149.pdf,1996.939453125,1
pdf/81043_67151.pdf,668.7626953125,1
pdf/81046_67152.pdf,91.34765625,1
pdf/81055_67155.pdf,652.7177734375,1
pdf/81061_67158.pdf,1345.5927734375,1
pdf/81070_67161.pdf,1637.85546875,1
pdf/81082_67166.pdf,2894.228515625,1
pdf/81169_67173.pdf,2723.2724609375,1
pdf/81592_67384.pdf,3046.29296875,1
pdf/81628_56560.pdf,7745.3095703125,1
pdf/81643_24919.pdf,1426.984375,1
pdf/Bolet%c3%adn%20Agroclim%c3%a1tico%20Quind%c3%ado_Dic2022%20%281%29.pdf,4225.501953125,1
pdf/Bolet%c3%adn%20Agroclim%c3%a1tico%20Quindio_Oct2022.pdf,3847.4404296875,1
pdf/Boletin%20Agroclimatico%20Tolima_Feb2022.pdf,1691.474609375,1
pdf/CB%20CAPITULO%209%20-%20WEB.pdf,1682.67578125,1
pdf/Manual%20de%20caficultura_Solidaridad_0.pdf,44713.0673828125,1
pdf/Sustratos%2c%20tama%c3%b1o%20de%20recipiente%20y%20ambiente%20de%20cultivo%20en%20el%20crecimiento.pdf,2608.8173828125,1
pdf/Ver%20documento%2036302.pdf,1747.8154296875,1
pdf/Ver_Docuemnto_34046.pdf,1133.505859375,1
pdf/Ver_Documento_1115.pdf,1163.90625,1
pdf/Ver_Documento_11614.pdf,1498.3515625,1
pdf/Ver_Documento_1171.pdf,1320.0869140625,1
pdf/Ver_Documento_1178.pdf,4092.55859375,0
pdf/Ver_Documento_1195.pdf,1297.9267578125,1
pdf/Ver_Documento_12112.pdf,83.67578125,0
pdf/Ver_Documento_12216.pdf,1127.1318359375,0
pdf/Ver_Documento_12273.pdf,1148.689453125,1
pdf/Ver_Documento_12526.pdf,35645.8046875,1
pdf/Ver_Documento_12643.pdf,3527.99609375,1
pdf/Ver_Documento_12644.pdf,5102.9697265625,1
pdf/Ver_Documento_12649.pdf,201.515625,1
pdf/Ver_Documento_12677.pdf,21658.6357421875,1
pdf/Ver_Documento_13151.pdf,10715.060546875,1
pdf/Ver_Documento_13257.pdf,5307.3017578125,1
pdf/Ver_Documento_13262.pdf,17305.0263671875,0
pdf/Ver_Documento_13274.pdf,142747.5517578125,0
pdf/Ver_Documento_13286.pdf,28674.1162109375,1
pdf/Ver_Documento_13336.pdf,6386.2421875,1
pdf/Ver_Documento_13433.pdf,2500.8408203125,1
pdf/Ver_Documento_13434.pdf,3017.9033203125,1
pdf/Ver_Documento_13444.pdf,2442.6513671875,0
pdf/Ver_Documento_13532.pdf,9839.4189453125,1
pdf/Ver_Documento_13533.pdf,14884.001953125,1
pdf/Ver_Documento_15700.pdf,21101.103515625,1
pdf/Ver_Documento_15830.pdf,753.4599609375,0
pdf/Ver_Documento_16346.pdf,386.3427734375,1
pdf/Ver_Documento_16605.pdf,721.16796875,1
pdf/Ver_Documento_17201.pdf,991.9609375,1
pdf/Ver_Documento_1735.pdf,2509.5791015625,1
pdf/Ver_Documento_17383.pdf,1343.234375,1
pdf/Ver_Documento_17847.pdf,5471.8134765625,1
pdf/Ver_Documento_18640.pdf,2140.84375,1
pdf/Ver_Documento_1881.pdf,7108.6767578125,1
pdf/Ver_Documento_19011.pdf,7435.3671875,1
pdf/Ver_Documento_19055.pdf,233.9736328125,1
pdf/Ver_Documento_1907.pdf,12048.7919921875,0
pdf/Ver_Documento_19125.pdf,144.4970703125,1
pdf/Ver_Documento_19159.pdf,1246.7236328125,0
pdf/Ver_Documento_19272.pdf,3903.7138671875,1
pdf/Ver_Documento_19303.pdf,6549.900390625,1
pdf/Ver_Documento_19678.pdf,1771.3876953125,1
pdf/Ver_Documento_20107.pdf,835.96484375,1
pdf/Ver_Documento_20537.pdf,289.05078125,1
pdf/Ver_Documento_21651.pdf,4831.0009765625,0
pdf/Ver_Documento_21794.pdf,2483.4052734375,0
pdf/Ver_Documento_2189.pdf,9325.482421875,0
pdf/Ver_Documento_21938.pdf,477.994140625,1
pdf/Ver_Documento_2205.pdf,5046.5341796875,0
pdf/Ver_Documento_22098.pdf,1824.12109375,1
pdf/Ver_Documento_22099.pdf,1374.2001953125,1
pdf/Ver_Documento_22853.pdf,8773.5302734375,0
pdf/Ver_Documento_23663.pdf,964.986328125,1
pdf/Ver_Documento_31329.pdf,290.5517578125,1
pdf/Ver_Documento_32214.pdf,7193.9609375,1
pdf/Ver_Documento_32713.pdf,5938.4248046875,1
pdf/Ver_Documento_32786.pdf,3780.501953125,1
pdf/Ver_Documento_33879.pdf,942.8193359375,1
pdf/Ver_Documento_33903.pdf,1261.8544921875,1
pdf/Ver_Documento_33905.pdf,427.283203125,1
pdf/Ver_Documento_34157.pdf,1831.646484375,1
pdf/Ver_Documento_34258.pdf,3731.6669921875,1
pdf/Ver_Documento_34481.pdf,219.650390625,1
pdf/Ver_Documento_35170.pdf,300.6357421875,1
pdf/Ver_Documento_35224.pdf,194.6220703125,1
pdf/Ver_Documento_35285.pdf,452.0224609375,1
pdf/Ver_Documento_35502.pdf,1035.052734375,1
pdf/Ver_Documento_35516.pdf,1342.2353515625,1
pdf/Ver_Documento_35549.pdf,635.603515625,1
pdf/Ver_Documento_35554.pdf,2038.09765625,1
pdf/Ver_Documento_35639.pdf,6186.1630859375,1
pdf/Ver_Documento_35640.pdf,1256.1435546875,1
pdf/Ver_Documento_36416.pdf,283.0986328125,1
pdf/Ver_Documento_36651.pdf,4676.47265625,1
pdf/Ver_Documento_36668.pdf,1739.2587890625,1
pdf/Ver_Documento_36669.pdf,703.9912109375,1
pdf/Ver_Documento_36670.pdf,1453.908203125,1
pdf/Ver_Documento_36934.pdf,10616.796875,1
pdf/Ver_Documento_36994.pdf,3690.1201171875,1
pdf/Ver_Documento_37013.pdf,846.7353515625,1
pdf/Ver_Documento_37041.pdf,3930.0625,1
pdf/Ver_Documento_37048.pdf,10229.3994140625,1
pdf/Ver_Documento_37091.pdf,739.130859375,1
pdf/Ver_Documento_37135.pdf,3889.5556640625,1
pdf/Ver_Documento_37138.pdf,10827.775390625,1
pdf/Ver_Documento_37210.pdf,5167.1376953125,1
pdf/Ver_Documento_37224%20%283%29.pdf,8598.0380859375,1
pdf/Ver_Documento_37225.pdf,9168.03125,1
pdf/Ver_Documento_37238.pdf,1284.90234375,1
pdf/Ver_Documento_37305.pdf,2998.953125,1
pdf/Ver_Documento_37310.pdf,3499.9453125,1
pdf/Ver_Documento_37354.pdf,8533.51953125,1
pdf/Ver_Documento_37357.pdf,8283.4228515625,1
pdf/Ver_Documento_37368.pdf,1130.4638671875,1
pdf/Ver_Documento_37393.pdf,11563.8203125,1
pdf/Ver_Documento_37622.pdf,8521.990234375,1
pdf/Ver_Documento_37782.pdf,2777.0283203125,1
pdf/Ver_Documento_37803.pdf,3315.744140625,1
pdf/Ver_Documento_37804.pdf,4236.1181640625,1
pdf/Ver_Documento_37805.pdf,1734.201171875,1
pdf/Ver_Documento_37806.pdf,1901.0498046875,1
pdf/Ver_Documento_37807.pdf,4317.37109375,1
pdf/Ver_Documento_37808.pdf,5582.5478515625,1
pdf/Ver_Documento_37809.pdf,786.2919921875,1
pdf/Ver_Documento_37810.pdf,1832.2392578125,1
pdf/Ver_Documento_37811.pdf,4913.685546875,1
pdf/Ver_Documento_37812.pdf,3103.7021484375,1
pdf/Ver_Documento_37848.pdf,4136.2587890625,1
pdf/Ver_Documento_37849.pdf,14498.84765625,1
pdf/Ver_Documento_37854.pdf,1706.830078125,1
pdf/Ver_Documento_37855.pdf,1423.2431640625,1
pdf/Ver_Documento_37856.pdf,1748.5341796875,1
pdf/Ver_Documento_37857.pdf,2913.9111328125,1
pdf/Ver_Documento_37858.pdf,3201.3369140625,1
pdf/Ver_Documento_37859.pdf,3681.30078125,1
pdf/Ver_Documento_37860.pdf,1515.611328125,1
pdf/Ver_Documento_37861.pdf,1834.5556640625,1
pdf/Ver_Documento_37862.pdf,1958.173828125,1
pdf/Ver_Documento_37863.pdf,1865.5654296875,1
pdf/Ver_Documento_37864.pdf,3711.8203125,1
pdf/Ver_Documento_37865.pdf,2994.74609375,1
pdf/Ver_Documento_37866.pdf,3831.357421875,1
pdf/Ver_Documento_37867.pdf,2088.837890625,1
pdf/Ver_Documento_37868.pdf,2111.1298828125,1
pdf/Ver_Documento_37869.pdf,966.8193359375,1
pdf/Ver_Documento_37870.pdf,1642.619140625,1
pdf/Ver_Documento_37871.pdf,4239.9453125,1
pdf/Ver_Documento_37872.pdf,4599.6591796875,1
pdf/Ver_Documento_37873.pdf,2182.8173828125,1
pdf/Ver_Documento_37874.pdf,5677.5390625,1
pdf/Ver_Documento_37875.pdf,4017.345703125,1
pdf/Ver_Documento_37876.pdf,8452.3310546875,1
pdf/Ver_Documento_37877.pdf,1880.271484375,1
pdf/Ver_Documento_37878.pdf,3050.0048828125,1
pdf/Ver_Documento_37879.pdf,2700.814453125,1
pdf/Ver_Documento_37880.pdf,2070.291015625,1
pdf/Ver_Documento_37881.pdf,2627.9033203125,1
pdf/Ver_Documento_37882.pdf,2525.64453125,1
pdf/Ver_Documento_37883.pdf,4634.94140625,1
pdf/Ver_Documento_37884.pdf,4144.7841796875,1
pdf/Ver_Documento_37885.pdf,1382.046875,1
pdf/Ver_Documento_37886.pdf,3436.853515625,1
pdf/Ver_Documento_37887.pdf,2438.666015625,1
pdf/Ver_Documento_37888.pdf,2308.4580078125,1
pdf/Ver_Documento_37889.pdf,1888.4169921875,1
pdf/Ver_Documento_37890.pdf,2172.0361328125,1
pdf/Ver_Documento_37891.pdf,1783.4169921875,1
pdf/Ver_Documento_37892.pdf,1336.052734375,1
pdf/Ver_Documento_37893.pdf,1834.0517578125,1
pdf/Ver_Documento_37894.pdf,3277.0244140625,1
pdf/Ver_Documento_37895.pdf,3349.5732421875,1
pdf/Ver_Documento_37896.pdf,1926.2841796875,1
pdf/Ver_Documento_37897.pdf,1923.7998046875,1
pdf/Ver_Documento_37898.pdf,1942.0048828125,1
pdf/Ver_Documento_37899.pdf,1838.51171875,1
pdf/Ver_Documento_37900.pdf,2152.81640625,1
pdf/Ver_Documento_37901.pdf,2411.4619140625,1
pdf/Ver_Documento_37902.pdf,2245.3544921875,1
pdf/Ver_Documento_37903.pdf,3574.4658203125,1
pdf/Ver_Documento_37904.pdf,2426.3662109375,1
pdf/Ver_Documento_37905.pdf,5609.7392578125,1
pdf/Ver_Documento_37906.pdf,5135.7265625,1
pdf/Ver_Documento_37907.pdf,2174.6572265625,1
pdf/Ver_Documento_37908.pdf,3215.35546875,1
pdf/Ver_Documento_37909.pdf,2574.5927734375,1
pdf/Ver_Documento_37910.pdf,3079.5458984375,1
pdf/Ver_Documento_37911.pdf,4205.6162109375,1
pdf/Ver_Documento_37912.pdf,2522.3642578125,1
pdf/Ver_Documento_37913.pdf,2266.9423828125,1
pdf/Ver_Documento_37914.pdf,3210.1787109375,1
pdf/Ver_Documento_37915.pdf,3116.8525390625,1
pdf/Ver_Documento_37916.pdf,3296.1865234375,1
pdf/Ver_Documento_37917.pdf,3107.5478515625,1
pdf/Ver_Documento_37918.pdf,1896.0126953125,1
pdf/Ver_Documento_37919.pdf,2512.63671875,1
pdf/Ver_Documento_37920.pdf,2444.234375,1
pdf/Ver_Documento_37921.pdf,2411.3857421875,1
pdf/Ver_Documento_37922.pdf,2259.2548828125,1
pdf/Ver_Documento_37923.pdf,4516.8984375,1
pdf/Ver_Documento_37924.pdf,5849.794921875,1
pdf/Ver_Documento_37925.pdf,2367.8212890625,1
pdf/Ver_Documento_37926.pdf,2127.607421875,1
pdf/Ver_Documento_37927.pdf,1989.841796875,1
pdf/Ver_Documento_37928.pdf,2054.4931640625,1
pdf/Ver_Documento_37929.pdf,1381.0830078125,1
pdf/Ver_Documento_37930.pdf,4500.939453125,1
pdf/Ver_Documento_37931.pdf,2182.173828125,1
pdf/Ver_Documento_37932.pdf,5244.86328125,1
pdf/Ver_Documento_37933.pdf,3847.447265625,1
pdf/Ver_Documento_37934.pdf,6394.826171875,1
pdf/Ver_Documento_37935.pdf,3609.2119140625,1
pdf/Ver_Documento_37960.pdf,2768.408203125,1
pdf/Ver_Documento_37966.pdf,1718.9501953125,1
pdf/Ver_Documento_37977.pdf,2564.5390625,1
pdf/Ver_Documento_37978.pdf,4071.2734375,1
pdf/Ver_Documento_37979.pdf,3008.2275390625,1
pdf/Ver_Documento_37980.pdf,2624.6044921875,1
pdf/Ver_Documento_37981.pdf,2614.5947265625,1
pdf/Ver_Documento_37982.pdf,2557.265625,1
pdf/Ver_Documento_37995.pdf,6153.2607421875,1
pdf/Ver_Documento_38053.pdf,411418.7646484375,1
pdf/Ver_Documento_38054.pdf,2394.0869140625,1
pdf/Ver_Documento_38055.pdf,4019.240234375,1
pdf/Ver_Documento_38056.pdf,3903.9755859375,1
pdf/Ver_Documento_38057.pdf,4271.8466796875,1
pdf/Ver_Documento_38058.pdf,4303.6015625,1
pdf/Ver_Documento_38059.pdf,3307.287109375,1
pdf/Ver_Documento_38060.pdf,4538.6455078125,1
pdf/Ver_Documento_38061.pdf,4321.98828125,1
pdf/Ver_Documento_38062.pdf,4680.556640625,1
pdf/Ver_Documento_38063.pdf,5095.677734375,1
pdf/Ver_Documento_38064.pdf,5357.603515625,1
pdf/Ver_Documento_38065.pdf,3985.1455078125,1
pdf/Ver_Documento_38068.pdf,3651.2021484375,1
pdf/Ver_Documento_38069.pdf,4210.1474609375,1
pdf/Ver_Documento_38070.pdf,3060.8193359375,1
pdf/Ver_Documento_38071.pdf,4811.2294921875,1
pdf/Ver_Documento_38072.pdf,1686.55859375,1
pdf/Ver_Documento_38073.pdf,1691.630859375,1
pdf/Ver_Documento_38074.pdf,1659.0,1
pdf/Ver_Documento_38075.pdf,1677.634765625,1
pdf/Ver_Documento_38076.pdf,1705.3115234375,1
pdf/Ver_Documento_38077.pdf,3870.09765625,1
pdf/Ver_Documento_38081.pdf,5189.3994140625,1
pdf/Ver_Documento_38082.pdf,4450.3349609375,1
pdf/Ver_Documento_38083.pdf,2056.9775390625,1
pdf/Ver_Documento_38084.pdf,2742.3525390625,1
pdf/Ver_Documento_38085.pdf,3674.482421875,1
pdf/Ver_Documento_38086.pdf,1674.701171875,1
pdf/Ver_Documento_38087.pdf,1774.0322265625,1
pdf/Ver_Documento_38088.pdf,1803.0654296875,1
pdf/Ver_Documento_38089.pdf,4719.513671875,1
pdf/Ver_Documento_38090.pdf,1500.8349609375,1
pdf/Ver_Documento_38091.pdf,2354.396484375,1
pdf/Ver_Documento_38092.pdf,1849.41796875,1
pdf/Ver_Documento_38093.pdf,2082.2314453125,1
pdf/Ver_Documento_38094.pdf,1766.3466796875,1
pdf/Ver_Documento_38095.pdf,1703.1630859375,1
pdf/Ver_Documento_38096.pdf,1886.6904296875,1
pdf/Ver_Documento_38097.pdf,2546.625,1
pdf/Ver_Documento_38098.pdf,3376.630859375,1
pdf/Ver_Documento_38099.pdf,8328.986328125,1
pdf/Ver_Documento_38100.pdf,1510.7041015625,1
pdf/Ver_Documento_38101.pdf,1395.935546875,1
pdf/Ver_Documento_38102.pdf,1989.6806640625,1
pdf/Ver_Documento_38103.pdf,1797.802734375,1
pdf/Ver_Documento_38104.pdf,1901.654296875,1
pdf/Ver_Documento_38105.pdf,1698.26171875,1
pdf/Ver_Documento_38106.pdf,1689.78515625,1
pdf/Ver_Documento_38107.pdf,1799.90625,1
pdf/Ver_Documento_38108.pdf,1852.9521484375,1
pdf/Ver_Documento_38109.pdf,2062.8671875,1
pdf/Ver_Documento_38110.pdf,1702.609375,1
pdf/Ver_Documento_38111.pdf,1743.1298828125,1
pdf/Ver_Documento_38112.pdf,1879.01171875,1
pdf/Ver_Documento_38113.pdf,2875.107421875,1
pdf/Ver_Documento_38114.pdf,1809.220703125,1
pdf/Ver_Documento_38115.pdf,1741.107421875,1
pdf/Ver_Documento_38116.pdf,1731.171875,1
pdf/Ver_Documento_38117.pdf,1654.673828125,1
pdf/Ver_Documento_38118.pdf,1643.837890625,1
pdf/Ver_Documento_38119.pdf,2069.224609375,1
pdf/Ver_Documento_38120.pdf,1425.6865234375,1
pdf/Ver_Documento_38121.pdf,1755.173828125,1
pdf/Ver_Documento_38122.pdf,2497.8837890625,1
pdf/Ver_Documento_38123.pdf,3538.99609375,1
pdf/Ver_Documento_38124.pdf,3548.7412109375,1
pdf/Ver_Documento_38125.pdf,640.1640625,1
pdf/Ver_Documento_38129.pdf,3766.6513671875,1
pdf/Ver_Documento_38130.pdf,3742.8408203125,1
pdf/Ver_Documento_38131.pdf,3650.6162109375,1
pdf/Ver_Documento_38132.pdf,3490.7998046875,1
pdf/Ver_Documento_38133.pdf,3604.658203125,1
pdf/Ver_Documento_38134.pdf,1694.67578125,1
pdf/Ver_Documento_38135.pdf,2788.654296875,1
pdf/Ver_Documento_38136.pdf,2522.7265625,1
pdf/Ver_Documento_38137.pdf,2552.9482421875,1
pdf/Ver_Documento_38138.pdf,2704.9765625,1
pdf/Ver_Documento_38139.pdf,2482.1064453125,1
pdf/Ver_Documento_38140.pdf,2533.970703125,1
pdf/Ver_Documento_38141.pdf,2552.4892578125,1
pdf/Ver_Documento_38142.pdf,3474.6591796875,1
pdf/Ver_Documento_38143.pdf,1654.96875,1
pdf/Ver_Documento_38144.pdf,1477.2431640625,1
pdf/Ver_Documento_38145.pdf,1408.0595703125,1
pdf/Ver_Documento_38146.pdf,1299.9345703125,1
pdf/Ver_Documento_38147.pdf,1396.31640625,1
pdf/Ver_Documento_38148.pdf,2346.59375,1
pdf/Ver_Documento_38149.pdf,1964.3896484375,1
pdf/Ver_Documento_38150.pdf,2081.4296875,1
pdf/Ver_Documento_38151.pdf,2012.1396484375,1
pdf/Ver_Documento_38152.pdf,4706.083984375,1
pdf/Ver_Documento_38153.pdf,6484.6875,1
pdf/Ver_Documento_38154.pdf,2220.59375,1
pdf/Ver_Documento_38155.pdf,1675.4853515625,1
pdf/Ver_Documento_38156.pdf,1267.26953125,1
pdf/Ver_Documento_38157.pdf,1723.44921875,1
pdf/Ver_Documento_38158.pdf,1165.576171875,1
pdf/Ver_Documento_38159.pdf,1789.873046875,1
pdf/Ver_Documento_38160.pdf,1545.337890625,1
pdf/Ver_Documento_38161.pdf,2085.3818359375,1
pdf/Ver_Documento_38162.pdf,1426.1025390625,1
pdf/Ver_Documento_38163.pdf,2068.05078125,1
pdf/Ver_Documento_38164.pdf,1949.1328125,1
pdf/Ver_Documento_38165.pdf,2007.44921875,1
pdf/Ver_Documento_38166.pdf,2113.0400390625,1
pdf/Ver_Documento_38167.pdf,2275.3427734375,1
pdf/Ver_Documento_38168.pdf,2454.9306640625,1
pdf/Ver_Documento_38169.pdf,2445.4912109375,1
pdf/Ver_Documento_38170.pdf,1780.796875,1
pdf/Ver_Documento_38171.pdf,1965.5302734375,1
pdf/Ver_Documento_38172.pdf,1430.5908203125,1
pdf/Ver_Documento_38173.pdf,1732.3671875,1
pdf/Ver_Documento_38174.pdf,1506.0830078125,1
pdf/Ver_Documento_38175.pdf,1728.73046875,1
pdf/Ver_Documento_38176.pdf,1173.943359375,1
pdf/Ver_Documento_38177.pdf,1952.8486328125,1
pdf/Ver_Documento_38178.pdf,1503.4765625,1
pdf/Ver_Documento_38179.pdf,1193.5,1
pdf/Ver_Documento_38180.pdf,933.2333984375,1
pdf/Ver_Documento_38181.pdf,17095.6884765625,1
pdf/Ver_Documento_38182.pdf,11665.3037109375,1
pdf/Ver_Documento_38183.pdf,1603.017578125,1
pdf/Ver_Documento_38184.pdf,3409.42578125,1
pdf/Ver_Documento_38185.pdf,2973.4521484375,1
pdf/Ver_Documento_38186.pdf,3892.65234375,1
pdf/Ver_Documento_38195.pdf,2727.15234375,1
pdf/Ver_Documento_38196.pdf,6018.66015625,1
pdf/Ver_Documento_38197.pdf,8028.2744140625,1
pdf/Ver_Documento_38198.pdf,2513.6455078125,1
pdf/Ver_Documento_38199.pdf,2289.31640625,1
pdf/Ver_Documento_38200.pdf,3847.15625,1
pdf/Ver_Documento_38201.pdf,3463.251953125,1
pdf/Ver_Documento_38203.pdf,3427.7763671875,1
pdf/Ver_Documento_38204.pdf,3236.9033203125,1
pdf/Ver_Documento_38205.pdf,2748.443359375,1
pdf/Ver_Documento_38206.pdf,2831.6298828125,1
pdf/Ver_Documento_38207.pdf,3831.666015625,1
pdf/Ver_Documento_38208.pdf,2460.3828125,1
pdf/Ver_Documento_38209.pdf,2659.0654296875,1
pdf/Ver_Documento_38210.pdf,2888.4873046875,1
pdf/Ver_Documento_38211.pdf,15565.439453125,1
pdf/Ver_Documento_38212.pdf,20544.5673828125,1
pdf/Ver_Documento_38213.pdf,8824.7275390625,1
pdf/Ver_Documento_38214.pdf,3183.0810546875,1
pdf/Ver_Documento_38216.pdf,5890.810546875,1
pdf/Ver_Documento_38229.pdf,5299.3876953125,1
pdf/Ver_Documento_38232.pdf,3017.3564453125,1
pdf/Ver_Documento_38233.pdf,3982.224609375,1
pdf/Ver_Documento_38234.pdf,5242.69140625,1
pdf/Ver_Documento_38235.pdf,4863.0986328125,1
pdf/Ver_Documento_38236.pdf,4312.3037109375,1
pdf/Ver_Documento_38244.pdf,5606.236328125,1
pdf/Ver_Documento_38245.pdf,3497.4130859375,1
pdf/Ver_Documento_38246.pdf,2987.3974609375,1
pdf/Ver_Documento_38247.pdf,1975.35546875,1
pdf/Ver_Documento_38248.pdf,1438.669921875,1
pdf/Ver_Documento_38249.pdf,823.681640625,1
pdf/Ver_Documento_38250.pdf,1363.638671875,1
pdf/Ver_Documento_38251.pdf,2106.2998046875,1
pdf/Ver_Documento_38252.pdf,1618.8193359375,1
pdf/Ver_Documento_38253.pdf,1445.6787109375,1
pdf/Ver_Documento_38254.pdf,1584.2451171875,1
pdf/Ver_Documento_38255.pdf,1244.357421875,1
pdf/Ver_Documento_38256.pdf,6628.849609375,1
pdf/Ver_Documento_38257.pdf,5073.548828125,1
pdf/Ver_Documento_38259.pdf,1450.76953125,1
pdf/Ver_Documento_38260.pdf,2928.49609375,1
pdf/Ver_Documento_38261.pdf,3139.65234375,1
pdf/Ver_Documento_38262.pdf,2989.4658203125,1
pdf/Ver_Documento_38263.pdf,1633.9638671875,1
pdf/Ver_Documento_38264.pdf,2097.4443359375,1
pdf/Ver_Documento_38266.pdf,2364.8759765625,1
pdf/Ver_Documento_38268.pdf,1920.318359375,1
pdf/Ver_Documento_38269.pdf,1760.326171875,1
pdf/Ver_Documento_38271.pdf,1892.78125,1
pdf/Ver_Documento_38272.pdf,1867.419921875,1
pdf/Ver_Documento_38274.pdf,2133.5615234375,1
pdf/Ver_Documento_38276.pdf,1911.0517578125,1
pdf/Ver_Documento_38278.pdf,1465.0556640625,1
pdf/Ver_Documento_38283.pdf,2437.08984375,1
pdf/Ver_Documento_38289.pdf,4072.1962890625,1
pdf/Ver_Documento_38292.pdf,2921.982421875,1
pdf/Ver_Documento_38295.pdf,2034.20703125,1
pdf/Ver_Documento_38297.pdf,3048.7373046875,1
pdf/Ver_Documento_38298.pdf,3308.01171875,1
pdf/Ver_Documento_38300.pdf,3699.498046875,1
pdf/Ver_Documento_38301.pdf,5966.9658203125,1
pdf/Ver_Documento_38303.pdf,2480.9130859375,1
pdf/Ver_Documento_38304.pdf,3126.7255859375,1
pdf/Ver_Documento_38305.pdf,3593.7724609375,1
pdf/Ver_Documento_38307.pdf,2748.4482421875,1
pdf/Ver_Documento_38308.pdf,4028.873046875,1
pdf/Ver_Documento_38309.pdf,3097.2099609375,1
pdf/Ver_Documento_38310.pdf,3337.7548828125,1
pdf/Ver_Documento_38311.pdf,3059.75390625,1
pdf/Ver_Documento_38312.pdf,4739.6494140625,1
pdf/Ver_Documento_38313.pdf,3060.3876953125,1
pdf/Ver_Documento_38314.pdf,1833.8115234375,1
pdf/Ver_Documento_38315.pdf,2158.0185546875,1
pdf/Ver_Documento_38316.pdf,2364.201171875,1
pdf/Ver_Documento_38317.pdf,3849.1064453125,1
pdf/Ver_Documento_38318.pdf,3786.9091796875,1
pdf/Ver_Documento_38319.pdf,4319.5048828125,1
pdf/Ver_Documento_38320.pdf,4584.0888671875,1
pdf/Ver_Documento_38321.pdf,2813.8408203125,1
pdf/Ver_Documento_38322.pdf,3844.396484375,1
pdf/Ver_Documento_38323.pdf,6109.80078125,1
pdf/Ver_Documento_38324.pdf,2257.6962890625,1
pdf/Ver_Documento_38325.pdf,1889.2666015625,1
pdf/Ver_Documento_38326.pdf,2457.556640625,1
pdf/Ver_Documento_38327.pdf,1909.544921875,1
pdf/Ver_Documento_38328.pdf,2776.9111328125,1
pdf/Ver_Documento_38329.pdf,1838.564453125,1
pdf/Ver_Documento_38330.pdf,2169.216796875,1
pdf/Ver_Documento_38331.pdf,11955.4189453125,1
pdf/Ver_Documento_38332.pdf,5854.197265625,1
pdf/Ver_Documento_38333.pdf,8913.326171875,1
pdf/Ver_Documento_38334.pdf,2739.3134765625,1
pdf/Ver_Documento_38335.pdf,5309.263671875,1
pdf/Ver_Documento_38336.pdf,8095.255859375,1
pdf/Ver_Documento_38337.pdf,7651.625,1
pdf/Ver_Documento_38338.pdf,5086.8857421875,1
pdf/Ver_Documento_38339.pdf,4740.041015625,1
pdf/Ver_Documento_38340.pdf,6344.51171875,1
pdf/Ver_Documento_38341.pdf,2416.7744140625,1
pdf/Ver_Documento_38342.pdf,2190.271484375,1
pdf/Ver_Documento_38343.pdf,4230.7744140625,1
pdf/Ver_Documento_38344.pdf,10641.328125,1
pdf/Ver_Documento_38345.pdf,12928.9130859375,1
pdf/Ver_Documento_38346.pdf,9130.5322265625,1
pdf/Ver_Documento_38347.pdf,9517.23046875,1
pdf/Ver_Documento_38348.pdf,9648.0068359375,1
pdf/Ver_Documento_38349.pdf,9616.1201171875,1
pdf/Ver_Documento_38350.pdf,5254.330078125,1
pdf/Ver_Documento_38351.pdf,4816.4462890625,1
pdf/Ver_Documento_38352.pdf,5224.12109375,1
pdf/Ver_Documento_38353.pdf,4399.078125,1
pdf/Ver_Documento_38354.pdf,10589.931640625,1
pdf/Ver_Documento_38355.pdf,5229.9931640625,1
pdf/Ver_Documento_38356.pdf,4387.0869140625,1
pdf/Ver_Documento_38359.pdf,7342.98046875,1
pdf/Ver_Documento_38360.pdf,4614.9375,1
pdf/Ver_Documento_38361.pdf,8628.896484375,0
pdf/Ver_Documento_38362.pdf,4189.8701171875,1
pdf/Ver_Documento_38363.pdf,5045.7626953125,1
pdf/Ver_Documento_38364.pdf,4707.8818359375,1
pdf/Ver_Documento_38365.pdf,4946.0673828125,1
pdf/Ver_Documento_38366.pdf,4893.6767578125,1
pdf/Ver_Documento_38370.pdf,5384.1328125,1
pdf/Ver_Documento_38373.pdf,41718.7470703125,1
pdf/Ver_Documento_38374.pdf,4598.4306640625,1
pdf/Ver_Documento_38375.pdf,8060.5751953125,1
pdf/Ver_Documento_38376.pdf,9018.6064453125,1
pdf/Ver_Documento_38377.pdf,4071.0341796875,1
pdf/Ver_Documento_38378.pdf,6575.4482421875,1
pdf/Ver_Documento_38379.pdf,6437.599609375,1
pdf/Ver_Documento_38380.pdf,6659.669921875,1
pdf/Ver_Documento_38381.pdf,4165.8623046875,1
pdf/Ver_Documento_38382.pdf,3929.7333984375,1
pdf/Ver_Documento_38383.pdf,4265.0986328125,1
pdf/Ver_Documento_38384.pdf,4269.8662109375,1
pdf/Ver_Documento_38385.pdf,4381.193359375,1
pdf/Ver_Documento_38386.pdf,3938.873046875,1
pdf/Ver_Documento_38387.pdf,2379.68359375,1
pdf/Ver_Documento_38388.pdf,3775.3955078125,1
pdf/Ver_Documento_38389.pdf,3805.908203125,1
pdf/Ver_Documento_38392.pdf,3713.4921875,1
pdf/Ver_Documento_38393.pdf,3456.3115234375,1
pdf/Ver_Documento_38394.pdf,2431.0693359375,1
pdf/Ver_Documento_38397.pdf,2440.0126953125,1
pdf/Ver_Documento_38399.pdf,2270.5068359375,1
pdf/Ver_Documento_38401.pdf,4718.033203125,1
pdf/Ver_Documento_38402.pdf,5886.486328125,1
pdf/Ver_Documento_38403.pdf,3008.548828125,1
pdf/Ver_Documento_38404.pdf,1999.4462890625,1
pdf/Ver_Documento_38406.pdf,2420.0888671875,1
pdf/Ver_Documento_38407.pdf,8891.2685546875,1
pdf/Ver_Documento_38408.pdf,7991.3115234375,1
pdf/Ver_Documento_38409.pdf,5386.291015625,1
pdf/Ver_Documento_38411.pdf,4461.060546875,1
pdf/Ver_Documento_38413.pdf,4095.431640625,1
pdf/Ver_Documento_38414.pdf,2918.1064453125,1
pdf/Ver_Documento_38415.pdf,3014.4052734375,1
pdf/Ver_Documento_38430.pdf,3296.314453125,1
pdf/Ver_Documento_38431.pdf,2898.7294921875,1
pdf/Ver_Documento_38432.pdf,2648.94140625,1
pdf/Ver_Documento_38433.pdf,4023.8154296875,0
pdf/Ver_Documento_38434.pdf,1778.3125,1
pdf/Ver_Documento_38435.pdf,3247.611328125,1
pdf/Ver_Documento_38436.pdf,3590.03515625,1
pdf/Ver_Documento_38438.pdf,757.9150390625,1
pdf/Ver_Documento_38540.pdf,1347.5556640625,1
pdf/Ver_Documento_38544.pdf,719.115234375,1
pdf/Ver_Documento_38560.pdf,5696.0166015625,1
pdf/Ver_Documento_38581.pdf,3372.43359375,1
pdf/Ver_Documento_38626.pdf,832.859375,1
pdf/Ver_Documento_38627.pdf,765.3447265625,1
pdf/Ver_Documento_38628.pdf,2985.5859375,1
pdf/Ver_Documento_38629.pdf,1968.8544921875,1
pdf/Ver_Documento_38630.pdf,610.6875,1
pdf/Ver_Documento_38658.pdf,5244.654296875,1
pdf/Ver_Documento_38659.pdf,2472.705078125,1
pdf/Ver_Documento_38660.pdf,5074.1982421875,1
pdf/Ver_Documento_38677.pdf,14326.8046875,0
pdf/Ver_Documento_38699.pdf,8005.4755859375,1
pdf/Ver_Documento_38777.pdf,312.064453125,1
pdf/Ver_Documento_38856.pdf,904.74609375,1
pdf/Ver_Documento_38868.pdf,450.5869140625,1
pdf/Ver_Documento_38899.pdf,2206.7041015625,1
pdf/Ver_Documento_38902.pdf,664.9599609375,1
pdf/Ver_Documento_38915.pdf,1546.5546875,1
pdf/Ver_Documento_38933.pdf,8256.017578125,1
pdf/Ver_Documento_38941.pdf,32753.263671875,1
pdf/Ver_Documento_38944.pdf,356.7080078125,1
pdf/Ver_Documento_38949.pdf,646.408203125,1
pdf/Ver_Documento_38957.pdf,1303.7734375,1
pdf/Ver_Documento_38968.pdf,1167.236328125,1
pdf/Ver_Documento_38970.pdf,388.5166015625,1
pdf/Ver_Documento_38973.pdf,395.138671875,1
pdf/Ver_Documento_38979.pdf,1145.951171875,1
pdf/Ver_Documento_38996.pdf,332.908203125,1
pdf/Ver_Documento_39000.pdf,8893.505859375,1
pdf/Ver_Documento_39113.pdf,606.42578125,1
pdf/Ver_Documento_39152.pdf,754.7255859375,1
pdf/Ver_Documento_39154.pdf,670.15625,1
pdf/Ver_Documento_39295.pdf,3281.119140625,1
pdf/Ver_Documento_39371.pdf,1517.44140625,1
pdf/Ver_Documento_44265.pdf,76555.0615234375,1
pdf/Ver_Documento_486.pdf,183.8193359375,1
pdf/Ver_Documento_60703.pdf,12394.693359375,1
pdf/Ver_Documento_61255.pdf,10304.435546875,1
pdf/Ver_Documento_64283.pdf,29315.8193359375,1
pdf/Ver_Documentoo_22137.pdf,1518.744140625,1
pdf/Ver_Separata_4.pdf,876.3564453125,1
pdf/Ver_Separta_1.pdf,450.5869140625,1
pdf/Ver_Separta_2.pdf,594.666015625,1
pdf/Ver_documento_1022.pdf,802.5400390625,1
pdf/Ver_documento_1033.pdf,1696.21875,1
pdf/Ver_documento_11716.pdf,5758.1533203125,0
pdf/Ver_documento_12001.pdf,2850.2568359375,1
pdf/Ver_documento_12090.pdf,1142.8603515625,1
pdf/Ver_documento_12094.pdf,31.1103515625,0
pdf/Ver_documento_12151.pdf,9458.5224609375,1
pdf/Ver_documento_12157.pdf,5636.5048828125,1
pdf/Ver_documento_12164.pdf,6399.2021484375,1
pdf/Ver_documento_12167.pdf,1617.8173828125,1
pdf/Ver_documento_12299.pdf,1414.6162109375,1
pdf/Ver_documento_14110.pdf,16889.9736328125,0
pdf/Ver_documento_16372.pdf,896.4521484375,1
pdf/Ver_documento_18789.pdf,135.8388671875,1
pdf/Ver_documento_19271.pdf,2490.19921875,1
pdf/Ver_documento_19905.pdf,14867.3486328125,0
pdf/Ver_documento_21928.pdf,1115.2978515625,1
pdf/Ver_documento_21929.pdf,321.763671875,1
pdf/Ver_documento_21932.pdf,893.2626953125,1
pdf/Ver_documento_21936.pdf,246.52734375,1
pdf/Ver_documento_21941.pdf,1053.10546875,1
pdf/Ver_documento_21942.pdf,464.919921875,1
pdf/Ver_documento_21946.pdf,67.7158203125,0
pdf/Ver_documento_21949.pdf,3497.2568359375,1
pdf/Ver_documento_23641.pdf,3167.451171875,0
pdf/Ver_documento_29259.pdf,649.1533203125,0
pdf/Ver_documento_29868.pdf,595.6103515625,1
pdf/Ver_documento_29869.pdf,538.3212890625,1
pdf/Ver_documento_30367.pdf,799.2763671875,1
pdf/Ver_documento_32370.pdf,174.6630859375,0
pdf/Ver_documento_33165.pdf,213.5751953125,0
pdf/Ver_documento_33829.pdf,28317.0166015625,1
pdf/Ver_documento_36395.pdf,7272.3681640625,1
pdf/Ver_documento_36479.pdf,9805.978515625,1
pdf/Ver_documento_36480.pdf,29988.658203125,1
pdf/Ver_documento_36535.pdf,2873.6572265625,1
pdf/Ver_documento_36575.pdf,2057.841796875,1
pdf/Ver_documento_36605.pdf,7238.380859375,1
pdf/Ver_documento_36606.pdf,7627.5166015625,1
pdf/Ver_documento_36607.pdf,6322.79296875,1
pdf/Ver_documento_36615.pdf,3646.78515625,1
pdf/Ver_documento_36679.pdf,1070.40234375,1
pdf/Ver_documento_36699.pdf,42828.11328125,1
pdf/Ver_documento_36710.pdf,7539.634765625,1
pdf/Ver_documento_36730.pdf,6282.15625,1
pdf/Ver_documento_36839.pdf,2696.6884765625,1
pdf/Ver_documento_36840.pdf,683.669921875,1
pdf/Ver_documento_36841.pdf,1899.4267578125,1
pdf/Ver_documento_36842.pdf,1825.150390625,1
pdf/Ver_documento_36843.pdf,1600.1494140625,1
pdf/Ver_documento_36844.pdf,925.4208984375,1
pdf/Ver_documento_36845.pdf,1653.822265625,1
pdf/Ver_documento_36846.pdf,1019.73046875,1
pdf/Ver_documento_36847.pdf,888.103515625,1
pdf/Ver_documento_36848.pdf,2517.4599609375,1
pdf/Ver_documento_36849.pdf,3385.240234375,1
pdf/Ver_documento_36850.pdf,2765.8701171875,1
pdf/Ver_documento_36851.pdf,1973.0087890625,1
pdf/Ver_documento_36852.pdf,2786.4482421875,1
pdf/Ver_documento_36853.pdf,6311.208984375,1
pdf/Ver_documento_36854.pdf,2247.2041015625,1
pdf/Ver_documento_36855.pdf,639.478515625,1
pdf/Ver_documento_36856.pdf,2875.0322265625,1
pdf/Ver_documento_36857.pdf,763.357421875,1
pdf/Ver_documento_36867.pdf,1329.287109375,1
pdf/Ver_documento_36868.pdf,1286.583984375,1
pdf/Ver_documento_36869.pdf,3025.5751953125,1
pdf/Ver_documento_36870.pdf,1901.716796875,1
pdf/Ver_documento_36871.pdf,2618.787109375,1
pdf/Ver_documento_36872.pdf,3646.32421875,1
pdf/Ver_documento_36887.pdf,3681.7080078125,1
pdf/Ver_documento_36955.pdf,609.6513671875,1
pdf/Ver_documento_37290.pdf,2218.4677734375,1
pdf/Ver_documento_37316.pdf,2896.7275390625,1
pdf/Ver_documento_38595.pdf,3634.451171875,1
pdf/Ver_documento_38596.pdf,4875.9267578125,1
pdf/Ver_documento_38597.pdf,10035.6943359375,1
pdf/Ver_documento_38598.pdf,4388.275390625,1
pdf/Ver_documento_38599.pdf,4724.3251953125,1
pdf/Ver_documento_38734.pdf,1450.3427734375,1
pdf/Ver_documento_38740.pdf,1401.48046875,1
pdf/Ver_documento_38823.pdf,387.3837890625,1
pdf/Ver_documento_39018.pdf,12488.21875,1
pdf/Ver_documento_472.pdf,1180.2568359375,1
pdf/Ver_documento_706.pdf,437.4443359375,1
pdf/document%20%289%29.pdf,3070.5126953125,1
pdf/video_39136.md,5.232421875,0
pdf/video_39137.md,4.0517578125,0
pdf/video_39142.md,4.85546875,0
pdf/video_39523.md,4.9072265625,0
pdf/video_39524.md,3.5849609375,0
