{
    "$schema": "https://schema.management.azure.com/schemas/2015-01-01/deploymentParameters.json#",
    "contentVersion": "1.0.0.0",
    "parameters": {
        "datastores_azureml_globaldatasets_secretsType": {
            "value": null
        },
        "datastores_workspaceartifactstore_secretsType": {
            "value": null
        },
        "datastores_workspaceblobstore_secretsType": {
            "value": null
        },
        "datastores_workspacefilestore_secretsType": {
            "value": null
        },
        "datastores_workspaceworkingdirectory_secretsType": {
            "value": null
        },
        "datastores_accesoblobcacao_secretsType": {
            "value": null
        },
        "datastores_accessblobyocampocacao_secretsType": {
            "value": null
        },
        "datastores_azureml_globaldatasets_secretsType_1": {
            "value": null
        },
        "datastores_workspaceartifactstore_secretsType_1": {
            "value": null
        },
        "datastores_workspaceblobstore_secretsType_1": {
            "value": null
        },
        "datastores_workspaceworkingdirectory_secretsType_1": {
            "value": null
        },
        "sites_YoCampo_name": {
            "value": null
        },
        "serverfarms_asp_YoCampo_name": {
            "value": null
        },
        "vaults_ailabclaveskeys_name": {
            "value": null
        },
        "vaults_yocampokeyvault_name": {
            "value": null
        },
        "vaults_mlailabsnuirakeycault_name": {
            "value": null
        },
        "databaseAccounts_db_yocampo_name": {
            "value": null
        },
        "storageAccounts_storageyocampo_name": {
            "value": null
        },
        "vaults_kv_yocampoh250863064198_name": {
            "value": null
        },
        "vaults_kv_yocampoh553965132022_name": {
            "value": null
        },
        "vaults_kv_yocampoh853583181150_name": {
            "value": null
        },
        "vaults_kv_yocampoo998221703019_name": {
            "value": null
        },
        "components_mlailabsnuirainsights_name": {
            "value": null
        },
        "workspaces_yocampo_name": {
            "value": null
        },
        "storageAccounts_mlailabsnuirastorage_name": {
            "value": null
        },
        "accounts_yocampoopenaivideo_name": {
            "value": null
        },
        "workspaces_yocampohub_name": {
            "value": null
        },
        "storageAccounts_rgailabsnuiraperfdiag395_name": {
            "value": null
        },
        "storageAccounts_styocampohub250863064198_name": {
            "value": null
        },
        "searchServices_yocampoaisearch250863064198_name": {
            "value": null
        },
        "registries_mlailabsnuiraregistry_name": {
            "value": null
        },
        "workspaces_ml_ai_lab_snuira_name": {
            "value": null
        },
        "workspaces_mlailabsnuira6704549332_name": {
            "value": null
        },
        "accounts_YocampoAIServiceOpenAI250863064198_name": {
            "value": null
        }
    }
}